# File exported by Houdini 22.0.368 (www.sidefx.com)
# 1898 points
# 5694 vertices
# 951 primitives
# Bounds: [-0.0635426268, -0.240670174, 0] to [0.299905717, 0.447118282, 0.25]
g 
v 0.298444659 -0.240277767 0
v 0.297750175 -0.238967896 0
v 0.297454029 -0.238426521 0
v 0.296931952 -0.237337515 0
v 0.296730936 -0.236907423 0
v 0.296256721 -0.235904485 0
v 0.295933247 -0.235354722 0
v 0.295586139 -0.234787375 0
v 0.295147657 -0.233707994 0
v 0.294911295 -0.233292237 0
v 0.294440717 -0.232479706 0
v 0.294063747 -0.231785357 0
v 0.293768406 -0.231165081 0
v 0.293136716 -0.230086684 0
v 0.293073297 -0.229993209 0
v 0.292482316 -0.22871998 0
v 0.292227834 -0.228159815 0
v 0.291916728 -0.227644011 0
v 0.291233093 -0.226282805 0
v 0.290642411 -0.225186095 0
v 0.290267646 -0.224592358 0
v 0.29012394 -0.224312931 0
v 0.28947261 -0.223015144 0
v 0.28932032 -0.222729266 0
v 0.288658082 -0.221580103 0
v 0.288425744 -0.221058771 0
v 0.288267672 -0.220677972 0
v 0.28766185 -0.219580784 0
v 0.287374765 -0.219144344 0
v 0.286878407 -0.218014941 0
v 0.286613345 -0.217570797 0
v 0.286268443 -0.217038184 0
v 0.285759181 -0.216056928 0
v 0.285559982 -0.215622589 0
v 0.28492403 -0.214445993 0
v 0.284766793 -0.214175552 0
v 0.284310788 -0.213187426 0
v 0.283953726 -0.212422937 0
v 0.283742815 -0.212112501 0
v 0.283083707 -0.210966438 0
v 0.282893538 -0.210598126 0
v 0.282333821 -0.209533378 0
v 0.281900465 -0.208804265 0
v 0.281198442 -0.207311392 0
v 0.281018525 -0.206944436 0
v 0.280424893 -0.205886841 0
v 0.280041099 -0.205117166 0
v 0.279399723 -0.203809217 0
v 0.279126436 -0.203368634 0
v 0.278661191 -0.20231396 0
v 0.278322905 -0.20166117 0
v 0.278197557 -0.201426804 0
v 0.277488023 -0.200321048 0
v 0.277282089 -0.199967131 0
v 0.276767522 -0.198899835 0
v 0.276032567 -0.197668761 0
v 0.275705338 -0.196707636 0
v 0.27547884 -0.196335599 0
v 0.274947762 -0.195480064 0
v 0.274606496 -0.194811806 0
v 0.274236649 -0.194094867 0
v 0.273614049 -0.193044022 0
v 0.272957116 -0.191691533 0
v 0.27274254 -0.191171065 0
v 0.272450656 -0.190681517 0
v 0.271872461 -0.189549759 0
v 0.271767616 -0.189330712 0
v 0.271163881 -0.18815048 0
v 0.270814896 -0.187622294 0
v 0.270620614 -0.187252402 0
v 0.270043612 -0.186082318 0
v 0.269840479 -0.185731158 0
v 0.269164681 -0.184640497 0
v 0.26899904 -0.184312612 0
v 0.268574506 -0.183407709 0
v 0.268188924 -0.182685167 0
v 0.267876297 -0.182163835 0
v 0.267401636 -0.181021601 0
v 0.267181009 -0.180617496 0
v 0.26682654 -0.1799936 0
v 0.266321599 -0.17903544 0
v 0.266138077 -0.178635821 0
v 0.26557821 -0.177464291 0
v 0.265348762 -0.177073687 0
v 0.264913708 -0.176299483 0
v 0.264497191 -0.175399303 0
v 0.264352083 -0.175154701 0
v 0.263641179 -0.17399767 0
v 0.263405293 -0.173644364 0
v 0.262905777 -0.17249614 0
v 0.26249525 -0.171878725 0
v 0.262415439 -0.17177327 0
v 0.261759877 -0.17037636 0
v 0.261561126 -0.169947535 0
v 0.260908842 -0.168927372 0
v 0.260698318 -0.168514162 0
v 0.260477424 -0.168067783 0
v 0.25992617 -0.166930616 0
v 0.259658128 -0.166491702 0
v 0.259252876 -0.165491655 0
v 0.25890559 -0.164796084 0
v 0.258690894 -0.164432332 0
v 0.258080661 -0.163309842 0
v 0.257860988 -0.162945718 0
v 0.257350445 -0.162000865 0
v 0.257026851 -0.161440894 0
v 0.256529629 -0.16063413 0
v 0.256134599 -0.159716234 0
v 0.255134135 -0.15782024 0
v 0.254754752 -0.156968236 0
v 0.254237235 -0.156086281 0
v 0.25417617 -0.155988559 0
v 0.253490686 -0.154709905 0
v 0.253240734 -0.154166669 0
v 0.252414167 -0.152683735 0
v 0.252258867 -0.152381137 0
v 0.251726151 -0.151150167 0
v 0.251377136 -0.150587454 0
v 0.25129512 -0.150462478 0
v 0.250615448 -0.149075881 0
v 0.250406444 -0.148704022 0
v 0.249767944 -0.147618666 0
v 0.2495628 -0.147293881 0
v 0.249145225 -0.146438062 0
v 0.248768613 -0.145657852 0
v 0.248438746 -0.145171359 0
v 0.247918129 -0.144082844 0
v 0.247735932 -0.143707663 0
v 0.247277662 -0.142881975 0
v 0.246796787 -0.14210403 0
v 0.246047229 -0.140468344 0
v 0.245879278 -0.140187517 0
v 0.245335892 -0.139151305 0
v 0.245032579 -0.138402075 0
v 0.244917914 -0.138236821 0
v 0.244179845 -0.137046307 0
v 0.2439522 -0.13663587 0
v 0.243411139 -0.13553308 0
v 0.243075281 -0.134989247 0
v 0.242915794 -0.13473773 0
v 0.242322564 -0.133427486 0
v 0.242109567 -0.132964402 0
v 0.241518989 -0.131918475 0
v 0.241269261 -0.131496459 0
v 0.241023302 -0.131049737 0
v 0.240487099 -0.129923105 0
v 0.240227595 -0.129492551 0
v 0.239728913 -0.128534436 0
v 0.23943764 -0.127884299 0
v 0.239237577 -0.12742044 0
v 0.238586992 -0.126318246 0
v 0.238434732 -0.126071215 0
v 0.237908989 -0.124931499 0
v 0.237601489 -0.124403462 0
v 0.237132877 -0.123682909 0
v 0.236705408 -0.122699879 0
v 0.236600399 -0.122508295 0
v 0.235936314 -0.121402487 0
v 0.235639557 -0.120867975 0
v 0.235205069 -0.119851544 0
v 0.234715998 -0.118986934 0
v 0.234049365 -0.117727771 0
v 0.23378849 -0.117201656 0
v 0.23357448 -0.116809592 0
v 0.232980788 -0.115782194 0
v 0.232755363 -0.115377605 0
v 0.232270867 -0.114204034 0
v 0.231933594 -0.113685638 0
v 0.231659546 -0.113222674 0
v 0.231163532 -0.112167694 0
v 0.230931252 -0.111733191 0
v 0.230284512 -0.110617459 0
v 0.230127171 -0.11033088 0
v 0.229687437 -0.109426424 0
v 0.229310602 -0.108657271 0
v 0.229028881 -0.108199984 0
v 0.228462666 -0.107086547 0
v 0.228288949 -0.106765717 0
v 0.227738217 -0.105799466 0
v 0.227306157 -0.105093069 0
v 0.226612225 -0.103476517 0
v 0.226445287 -0.103146531 0
v 0.225886539 -0.102169745 0
v 0.225545019 -0.101379022 0
v 0.225474551 -0.101265177 0
v 0.224755287 -0.10005261 0
v 0.224479735 -0.0996434763 0
v 0.223999813 -0.0985325575 0
v 0.223647043 -0.0979540199 0
v 0.223480552 -0.0977140367 0
v 0.222863987 -0.0964464843 0
v 0.222665682 -0.0959643871 0
v 0.22205171 -0.0949067548 0
v 0.221833065 -0.094571881 0
v 0.221523255 -0.0939831734 0
v 0.22105062 -0.0929376632 0
v 0.220789075 -0.0925524384 0
v 0.220251799 -0.0915851146 0
v 0.21998319 -0.0910169259 0
v 0.219625458 -0.0903232396 0
v 0.219037995 -0.0893396735 0
v 0.218990922 -0.0892534032 0
v 0.218391195 -0.0878884196 0
v 0.218148127 -0.0873976499 0
v 0.217728451 -0.0867212638 0
v 0.217254177 -0.0857171789 0
v 0.217154488 -0.0855309069 0
v 0.216506839 -0.0843797773 0
v 0.216190875 -0.0838488266 0
v 0.215760455 -0.0828616396 0
v 0.215369835 -0.0821988657 0
v 0.215237483 -0.0819797069 0
v 0.2145987 -0.0807871744 0
v 0.214338794 -0.0802843422 0
v 0.214022592 -0.0796826109 0
v 0.213540867 -0.0788630694 0
v 0.213254347 -0.0783594772 0
v 0.212805286 -0.0772337466 0
v 0.212510958 -0.0767943487 0
v 0.21213074 -0.0761305615 0
v 0.211711958 -0.0752243623 0
v 0.211474091 -0.0747615695 0
v 0.210817069 -0.0736045241 0
v 0.210686624 -0.0733925998 0
v 0.210205421 -0.0723805726 0
v 0.209887132 -0.0716302395 0
v 0.209634617 -0.0712092072 0
v 0.208378658 -0.0688383877 0
v 0.207859576 -0.0681198984 0
v 0.207817242 -0.0680581555 0
v 0.207098097 -0.0665475354 0
v 0.206925228 -0.0662308261 0
v 0.206286848 -0.0651067123 0
v 0.206034794 -0.064476721 0
v 0.205987096 -0.064366065 0
v 0.205261678 -0.0630778521 0
v 0.205039918 -0.0626585782 0
v 0.204528466 -0.0615393445 0
v 0.204223856 -0.0610365681 0
v 0.204002723 -0.0606818572 0
v 0.2034183 -0.0595044717 0
v 0.203209996 -0.0590488017 0
v 0.202696279 -0.0580486134 0
v 0.202400029 -0.0575398169 0
v 0.202100396 -0.0569931567 0
v 0.201611996 -0.0559117906 0
v 0.201373056 -0.055529613 0
v 0.20083189 -0.0545971878 0
v 0.200524792 -0.0540408939 0
v 0.20013015 -0.0532089807 0
v 0.199529797 -0.0523172729 0
v 0.19885841 -0.0508676022 0
v 0.198648632 -0.0504357778 0
v 0.198056936 -0.0494939163 0
v 0.197685182 -0.0486111119 0
v 0.197036177 -0.0473420024 0
v 0.19673495 -0.0468747728 0
v 0.19642514 -0.046102792 0
v 0.195950195 -0.0451933108 0
v 0.195799306 -0.0449432358 0
v 0.195161328 -0.0438053831 0
v 0.194897011 -0.0433394238 0
v 0.194547638 -0.042692028 0
v 0.194094956 -0.0419261232 0
v 0.19373107 -0.0413255766 0
v 0.193332866 -0.040247459 0
v 0.193089351 -0.039838098 0
v 0.192667633 -0.0391441062 0
v 0.192025527 -0.0378081128 0
v 0.191337809 -0.0366425961 0
v 0.191231161 -0.0364735052 0
v 0.190675184 -0.0353213847 0
v 0.190383911 -0.034674637 0
v 0.190208375 -0.0344096981 0
v 0.189586163 -0.0331443511 0
v 0.189409494 -0.0327433832 0
v 0.188922226 -0.0318179093 0
v 0.188427448 -0.0310031455 0
v 0.187678128 -0.0295757707 0
v 0.187469482 -0.0292239152 0
v 0.186844662 -0.0281468425 0
v 0.186605722 -0.0276737921 0
v 0.186434314 -0.0273175836 0
v 0.18584922 -0.0261330493 0
v 0.185555577 -0.0256899223 0
v 0.185097352 -0.0246193204 0
v 0.184799805 -0.0240177289 0
v 0.184608847 -0.0236691497 0
v 0.183961987 -0.0225295443 0
v 0.183770686 -0.0221351907 0
v 0.183254153 -0.0211078208 0
v 0.18295683 -0.0206415243 0
v 0.18252857 -0.0198653601 0
v 0.182140827 -0.018934913 0
v 0.181957498 -0.0186586156 0
v 0.181333527 -0.0176174026 0
v 0.181070954 -0.0170515273 0
v 0.180633888 -0.0161925703 0
v 0.180085123 -0.0152818467 0
v 0.179416001 -0.0138867414 0
v 0.179181188 -0.0134172225 0
v 0.178619385 -0.0124786375 0
v 0.178318053 -0.0119298296 0
v 0.178159922 -0.0116303619 0
v 0.177593142 -0.0104058161 0
v 0.177286223 -0.00991278701 0
v 0.176529095 -0.00818634033 0
v 0.176379338 -0.00788704213 0
v 0.175730154 -0.00680157682 0
v 0.175465673 -0.00636647549 0
v 0.175133482 -0.0057430123 0
v 0.174659446 -0.00491824653 0
v 0.174306795 -0.00435395399 0
v 0.173809752 -0.0032472962 0
v 0.173650891 -0.00297026453 0
v 0.173129663 -0.00202845829 0
v 0.172769159 -0.00129886204 0
v 0.172582209 -0.000880884239 0
v 0.171938524 0.00033247206 0
v 0.171794638 0.000570170057 0
v 0.171236053 0.00165614369 0
v 0.170919687 0.00234651915 0
v 0.170835257 0.0024801183 0
v 0.170067459 0.00378621416 0
v 0.169878125 0.00411512563 0
v 0.169369385 0.00527507626 0
v 0.168971419 0.00582908327 0
v 0.168847427 0.00601433637 0
v 0.168246001 0.00739548262 0
v 0.168029442 0.00781159569 0
v 0.167378068 0.00885484461 0
v 0.167175174 0.00929627568 0
v 0.166980714 0.00970504154 0
v 0.166381717 0.01082402 0
v 0.166114122 0.0112505313 0
v 0.165622741 0.0123158768 0
v 0.165359944 0.0128167048 0
v 0.16501148 0.0134006636 0
v 0.164469913 0.0144257154 0
v 0.163814515 0.0158942882 0
v 0.163525447 0.0164184012 0
v 0.16317986 0.0170349125 0
v 0.162692651 0.0180883333 0
v 0.162522435 0.0183450207 0
v 0.161570564 0.0198985338 0
v 0.161080539 0.020941332 0
v 0.1606877 0.0216080267 0
v 0.160607338 0.021737501 0
v 0.159986302 0.0230959281 0
v 0.159752056 0.0236243345 0
v 0.159464628 0.0240886547 0
v 0.158892706 0.0250646509 0
v 0.158717349 0.0253932234 0
v 0.15812932 0.0265436247 0
v 0.157835662 0.0269625615 0
v 0.15741837 0.027798349 0
v 0.157071263 0.0286258273 0
v 0.156869337 0.0290440302 0
v 0.156228065 0.0301676989 0
v 0.156041741 0.0305367932 0
v 0.155656487 0.0313170813 0
v 0.155224264 0.0321032479 0
v 0.15488869 0.032624647 0
v 0.154362991 0.033723902 0
v 0.154208824 0.0340257995 0
v 0.153675556 0.0349799804 0
v 0.153274879 0.0356743149 0
v 0.153135285 0.0359900557 0
v 0.15244095 0.0373232812 0
v 0.152323514 0.0375178568 0
v 0.151714131 0.038722679 0
v 0.151433304 0.0393611751 0
v 0.151393175 0.0394247547 0
v 0.150618255 0.0407963507 0
v 0.150436506 0.0411475264 0
v 0.149907932 0.0422748141 0
v 0.149536237 0.0428322665 0
v 0.149397507 0.043046739 0
v 0.148794502 0.044331301 0
v 0.148566186 0.0447677039 0
v 0.147951141 0.0458635688 0
v 0.147738755 0.0463014953 0
v 0.147532195 0.0467371605 0
v 0.146990404 0.0479065515 0
v 0.146703303 0.0483588874 0
v 0.146219552 0.0492873564 0
v 0.14591895 0.0498455465 0
v 0.145603999 0.0504158847 0
v 0.144910455 0.0514356829 0
v 0.144212842 0.0529418923 0
v 0.144021258 0.0532832369 0
v 0.143472403 0.054306142 0
v 0.143235162 0.0550843962 0
v 0.143086866 0.0553192683 0
v 0.14241457 0.0563679449 0
v 0.142126739 0.0569323488 0
v 0.141626433 0.0579271093 0
v 0.141110107 0.0587500669 0
v 0.140267715 0.0605526939 0
v 0.139952317 0.0611390285 0
v 0.139458552 0.0620256215 0
v 0.139257252 0.062406525 0
v 0.138712734 0.0635665283 0
v 0.138412356 0.0640235618 0
v 0.138027042 0.0646975487 0
v 0.137614489 0.0655357093 0
v 0.137370348 0.0660213307 0
v 0.136694387 0.0671485588 0
v 0.136597589 0.0673231855 0
v 0.136074036 0.0684743226 0
v 0.135760039 0.0690867677 0
v 0.135456219 0.0695952252 0
v 0.134971052 0.070708774 0
v 0.134780377 0.0710897893 0
v 0.134316504 0.0719084516 0
v 0.133878857 0.0727363825 0
v 0.133774027 0.072942093 0
v 0.133057266 0.0742999613 0
v 0.132890031 0.0745703802 0
v 0.13226375 0.0756701455 0
v 0.131940201 0.0762827545 0
v 0.13117145 0.0776468366 0
v 0.130901694 0.0780823901 0
v 0.130468354 0.0792271346 0
v 0.129891515 0.080085583 0
v 0.129345819 0.0812788233 0
v 0.129113093 0.0817364678 0
v 0.12845239 0.0827974677 0
v 0.128288656 0.0830776095 0
v 0.127498478 0.0848201066 0
v 0.127271354 0.0851740539 0
v 0.126765326 0.086264655 0
v 0.126491293 0.0868278742 0
v 0.126141861 0.0874080509 0
v 0.125473693 0.0885502547 0
v 0.124763206 0.089883022 0
v 0.124537036 0.0902777761 0
v 0.123960704 0.0913521647 0
v 0.123661973 0.0920566097 0
v 0.123616703 0.0921551734 0
v 0.122926272 0.0934381559 0
v 0.122663707 0.0938928649 0
v 0.122237198 0.0949246958 0
v 0.121842898 0.0956146792 0
v 0.121729076 0.0958076715 0
v 0.121070519 0.09703058 0
v 0.120824344 0.0975546911 0
v 0.120564379 0.0980581194 0
v 0.120024562 0.0989739895 0
v 0.119767077 0.0994243994 0
v 0.119259305 0.100554228 0
v 0.118986681 0.100955822 0
v 0.118538916 0.101722546 0
v 0.118167676 0.1025047 0
v 0.117888778 0.103019319 0
v 0.117224738 0.104169205 0
v 0.117152236 0.104303092 0
v 0.116572566 0.105485588 0
v 0.116273217 0.106066555 0
v 0.115958996 0.106583543 0
v 0.115386792 0.107685737 0
v 0.115285464 0.107894838 0
v 0.114684209 0.109110683 0
v 0.114344105 0.109662823 0
v 0.114311785 0.109721936 0
v 0.11360801 0.111326031 0
v 0.11282286 0.112662874 0
v 0.112498865 0.113263443 0
v 0.112405054 0.113416374 0
v 0.11143516 0.115068391 0
v 0.110962421 0.116220206 0
v 0.11069867 0.116688706 0
v 0.110444978 0.117125221 0
v 0.109901652 0.118269175 0
v 0.10966932 0.118716426 0
v 0.109102547 0.119766124 0
v 0.108864225 0.120179802 0
v 0.108479135 0.120898038 0
v 0.108064041 0.121858835 0
v 0.107846573 0.122222506 0
v 0.10729178 0.123246253 0
v 0.107016444 0.123771496 0
v 0.106661819 0.124551728 0
v 0.106050953 0.125468045 0
v 0.106024504 0.125501052 0
v 0.105320908 0.126926675 0
v 0.105105475 0.1273247 0
v 0.104507051 0.128340885 0
v 0.104212157 0.129010171 0
v 0.104146771 0.129151404 0
v 0.103438765 0.130345151 0
v 0.103180438 0.130772963 0
v 0.102735221 0.131788343 0
v 0.102408059 0.132404685 0
v 0.102171153 0.132797584 0
v 0.101592563 0.133977473 0
v 0.1013816 0.134491414 0
v 0.10105969 0.13513048 0
v 0.100584015 0.135960504 0
v 0.100297265 0.136442393 0
v 0.0997692496 0.137554199 0
v 0.0995574966 0.137882829 0
v 0.0990315154 0.138782859 0
v 0.0984062999 0.140050367 0
v 0.0977919921 0.141174659 0
v 0.0977089182 0.141319782 0
v 0.0971449092 0.142508388 0
v 0.0968416557 0.143106133 0
v 0.0965854228 0.143515348 0
v 0.0959422886 0.144668519 0
v 0.0958232731 0.144894287 0
v 0.0952184573 0.146096185 0
v 0.0948885307 0.146606952 0
v 0.0947022587 0.147042498 0
v 0.0941490456 0.148310065 0
v 0.0939814821 0.148611113 0
v 0.0933862776 0.149707079 0
v 0.0930602476 0.150289237 0
v 0.0929759219 0.150448203 0
v 0.092300415 0.151652008 0
v 0.0920021906 0.15210034 0
v 0.0914893225 0.153229713 0
v 0.0912604406 0.153633341 0
v 0.090905875 0.154233798 0
v 0.0903934017 0.155210927 0
v 0.0902236328 0.15558742 0
v 0.0895675048 0.15676643 0
v 0.0893902779 0.157041758 0
v 0.0888879821 0.15810433 0
v 0.0885662511 0.158836529 0
v 0.088431403 0.159029976 0
v 0.0877645984 0.160267696 0
v 0.0875572488 0.160735399 0
v 0.087058343 0.161638498 0
v 0.0865503922 0.162491232 0
v 0.0858482048 0.163886845 0
v 0.0856347531 0.164306581 0
v 0.0850733444 0.165349096 0
v 0.0846826583 0.166171938 0
v 0.0840529278 0.167429492 0
v 0.0837612525 0.167894885 0
v 0.0833415836 0.16872932 0
v 0.0829694942 0.169435799 0
v 0.0827496573 0.169823423 0
v 0.0820584893 0.170899391 0
v 0.0819501504 0.171104312 0
v 0.0814488158 0.17235972 0
v 0.0811455622 0.172904685 0
v 0.0808139369 0.173471749 0
v 0.0803570747 0.174571559 0
v 0.0801246911 0.174931273 0
v 0.0796274841 0.175724953 0
v 0.0792443156 0.176476419 0
v 0.0789590925 0.177020833 0
v 0.0783037543 0.178137317 0
v 0.0782407373 0.178240731 0
v 0.077636607 0.179565489 0
v 0.077385284 0.180122375 0
v 0.0772592053 0.180319443 0
v 0.0765160993 0.181562632 0
v 0.0763342977 0.181880474 0
v 0.0757764429 0.183042735 0
v 0.0754435211 0.183524966 0
v 0.0751406029 0.18409881 0
v 0.0746921077 0.185132965 0
v 0.0744778663 0.185541108 0
v 0.0738273859 0.186650023 0
v 0.0736435503 0.187122032 0
v 0.0734866634 0.187493831 0
v 0.0728320107 0.188606828 0
v 0.0725653768 0.189054251 0
v 0.0720826313 0.190176278 0
v 0.0718312562 0.190617993 0
v 0.0714602992 0.191232473 0
v 0.0709709972 0.192220837 0
v 0.0708001554 0.192544207 0
v 0.0701913908 0.19371745 0
v 0.0699643716 0.1941057 0
v 0.0694533139 0.195040718 0
v 0.0690920204 0.195856169 0
v 0.068993628 0.196029723 0
v 0.0682854503 0.197246686 0
v 0.0680442527 0.197655678 0
v 0.0675712824 0.198762685 0
v 0.0671373159 0.199459493 0
v 0.0670954958 0.199522734 0
v 0.0661904812 0.201336667 0
v 0.0655654892 0.202339113 0
v 0.0653446317 0.20278953 0
v 0.0651685894 0.203185692 0
v 0.0646097213 0.204368472 0
v 0.0643121228 0.204823926 0
v 0.0639198571 0.205657169 0
v 0.0635459572 0.206388116 0
v 0.0632615834 0.206832767 0
v 0.0625134483 0.208095521 0
v 0.0619020239 0.209303901 0
v 0.0616430193 0.209803715 0
v 0.0611519143 0.21066533 0
v 0.0608503558 0.211540386 0
v 0.060687989 0.211826116 0
v 0.0601184405 0.212800026 0
v 0.0597558469 0.213455707 0
v 0.0594775155 0.214088321 0
v 0.0588794276 0.215142027 0
v 0.058796294 0.215277776 0
v 0.0581801794 0.216556743 0
v 0.0579047315 0.217139974 0
v 0.0578722917 0.217189416 0
v 0.0570777021 0.218512699 0
v 0.0568653233 0.218883365 0
v 0.0563382171 0.220040381 0
v 0.0560142212 0.220535561 0
v 0.0557330102 0.221031576 0
v 0.0552554093 0.222094834 0
v 0.0550229661 0.222529873 0
v 0.0542084873 0.223966122 0
v 0.0538337417 0.22475563 0
v 0.0534090959 0.225617304 0
v 0.0531256758 0.226054654 0
v 0.0526402779 0.227131873 0
v 0.0523938201 0.227652431 0
v 0.052093789 0.228201628 0
v 0.0514986366 0.229222775 0
v 0.0513903573 0.22939989 0
v 0.0507080071 0.230732277 0
v 0.050496757 0.23106429 0
v 0.0498934127 0.232120484 0
v 0.0495461896 0.232870653 0
v 0.0487689525 0.234170929 0
v 0.0485574789 0.234579802 0
v 0.0480966642 0.235706866 0
v 0.0475606285 0.236539707 0
v 0.0469853729 0.237795457 0
v 0.0467307195 0.23827751 0
v 0.0462242402 0.239200667 0
v 0.0459170863 0.239751741 0
v 0.0456762239 0.240211815 0
v 0.0451749451 0.241363302 0
v 0.0448829345 0.24182716 0
v 0.0445006192 0.242589653 0
v 0.0441080146 0.243398935 0
v 0.0438612178 0.243843928 0
v 0.0431846902 0.244935319 0
v 0.043074768 0.245089546 0
v 0.0424569584 0.246306017 0
v 0.0421848446 0.246808648 0
v 0.0416697748 0.247707158 0
v 0.0413517132 0.248518035 0
v 0.0412352383 0.248754874 0
v 0.0406001322 0.249860123 0
v 0.0402777754 0.250462949 0
v 0.0398891307 0.251399517 0
v 0.0393404365 0.252303392 0
v 0.0384549163 0.254172653 0
v 0.0384289771 0.254210919 0
v 0.0376504958 0.255503684 0
v 0.0374017209 0.255898476 0
v 0.0368702635 0.25702402 0
v 0.0365923271 0.257440984 0
v 0.0361954868 0.258103997 0
v 0.0357842334 0.259027988 0
v 0.0355643928 0.259486228 0
v 0.0349180996 0.260651648 0
v 0.034768112 0.26093784 0
v 0.0343487188 0.261776954 0
v 0.0339033902 0.26257357 0
v 0.0336829275 0.262931257 0
v 0.0330881178 0.264126182 0
v 0.0329172201 0.264491618 0
v 0.0324227773 0.265449911 0
v 0.0319901071 0.266222924 0
v 0.0313056074 0.267764956 0
v 0.0310826618 0.268149883 0
v 0.0305430647 0.269045442 0
v 0.0300698727 0.269898027 0
v 0.029349884 0.271159768 0
v 0.0290913898 0.271580786 0
v 0.028660357 0.272705346 0
v 0.0283050537 0.273304284 0
v 0.0281334762 0.273567468 0
v 0.0275258385 0.274794579 0
v 0.0272939038 0.275283456 0
v 0.0267879907 0.276133329 0
v 0.0264666509 0.27662456 0
v 0.0261112917 0.277354717 0
v 0.0257141106 0.278335214 0
v 0.0254549384 0.278722405 0
v 0.0249900538 0.279598534 0
v 0.0246622711 0.280323893 0
v 0.0243460201 0.280839473 0
v 0.0236866698 0.281950265 0
v 0.0236274432 0.28205514 0
v 0.0230092369 0.28331998 0
v 0.0227379687 0.283838123 0
v 0.0222885124 0.284600496 0
v 0.0218794085 0.285501927 0
v 0.0217789263 0.285710633 0
v 0.0211315006 0.2868433 0
v 0.020808354 0.287359267 0
v 0.0204870142 0.288056433 0
v 0.0200273301 0.288973212 0
v 0.0198461451 0.289286405 0
v 0.019240316 0.290498465 0
v 0.0189810283 0.291161716 0
v 0.0189647526 0.291198343 0
v 0.0181952007 0.292457074 0
v 0.017952418 0.292889744 0
v 0.0174284764 0.294031262 0
v 0.0171647239 0.294436246 0
v 0.0167717263 0.295076281 0
v 0.0163295045 0.29599756 0
v 0.0161104556 0.296443909 0
v 0.0155254789 0.297598094 0
v 0.0153337261 0.297943383 0
v 0.014930103 0.298771769 0
v 0.0145172114 0.299635649 0
v 0.0142928511 0.299987346 0
v 0.0136404531 0.301088512 0
v 0.0134450272 0.301432282 0
v 0.012912157 0.302506745 0
v 0.0124854753 0.303086966 0
v 0.0123855025 0.303238869 0
v 0.0117973611 0.304720223 0
v 0.0115990527 0.305111587 0
v 0.0109916972 0.306128144 0
v 0.0106858425 0.306840003 0
v 0.0106413662 0.306939572 0
v 0.00990871806 0.30813995 0
v 0.00965949148 0.308565021 0
v 0.0091931941 0.309617668 0
v 0.00888112374 0.310165107 0
v 0.00862466265 0.310589761 0
v 0.00806087907 0.311713606 0
v 0.00733467378 0.313088655 0
v 0.00702706771 0.313616931 0
v 0.00662372727 0.314354062 0
v 0.00625288207 0.315328419 0
v 0.00603456842 0.315664679 0
v 0.00550893135 0.316591948 0
v 0.00518420152 0.317260683 0
v 0.00487761293 0.317860574 0
v 0.00418978091 0.318979561 0
v 0.004172544 0.319004804 0
v 0.00353303133 0.320349127 0
v 0.00328369136 0.320857346 0
v 0.00292753987 0.321458369 0
v 0.00245095696 0.322491229 0
v 0.00233719428 0.322748184 0
v 0.00174080173 0.32385388 0
v 0.00137216074 0.324416757 0
v 0.00118877273 0.324787498 0
v 0.000603852444 0.325943559 0
v 0.000380000361 0.326297909 0
v -0.000252222118 0.327411741 0
v -0.000779271999 0.32853663 0
v -0.00124924269 0.329379708 0
v -0.00152910023 0.329873204 0
v -0.00200020126 0.331030369 0
v -0.00226180465 0.331448257 0
v -0.00262581138 0.332010508 0
v -0.0033295243 0.333372831 0
v -0.00399271632 0.334549576 0
v -0.0041406136 0.33480078 0
v -0.0046489574 0.335926592 0
v -0.00498199463 0.336611867 0
v -0.00508925831 0.336768597 0
v -0.00581320282 0.338091016 0
v -0.00599777792 0.338460386 0
v -0.00655873585 0.339494884 0
v -0.0069496436 0.340078622 0
v -0.0070739747 0.340271622 0
v -0.00767505774 0.341627598 0
v -0.00789998379 0.342047513 0
v -0.00848750304 0.343120933 0
v -0.00887032971 0.343943566 0
v -0.00949820038 0.345161498 0
v -0.00977930147 0.345605195 0
v -0.0101981834 0.346570045 0
v -0.0105480049 0.347260475 0
v -0.0107457479 0.34761104 0
v -0.0113956025 0.348727971 0
v -0.0115823811 0.349067122 0
v -0.0121314153 0.350102127 0
v -0.0124337655 0.350556821 0
v -0.0129496818 0.351487666 0
v -0.0132630523 0.352324873 0
v -0.0134009467 0.352548271 0
v -0.0140253138 0.353638142 0
v -0.0142774787 0.354257524 0
v -0.0145603316 0.354817361 0
v -0.0152265755 0.355935663 0
v -0.0152777778 0.356018513 0
v -0.0159439091 0.357336313 0
v -0.0162078291 0.35784471 0
v -0.0165664107 0.358465791 0
v -0.0170330461 0.359394372 0
v -0.0171593558 0.359674186 0
v -0.0177282263 0.360884607 0
v -0.0180684403 0.361424744 0
v -0.0182116479 0.361693025 0
v -0.0188290067 0.362916827 0
v -0.0190732032 0.363307923 0
v -0.0197328925 0.364399552 0
v -0.019881919 0.364680916 0
v -0.0203633625 0.36564377 0
v -0.0207302514 0.366314352 0
v -0.0210563932 0.366878927 0
v -0.0214975998 0.367972136 0
v -0.0217011627 0.368341863 0
v -0.0221663304 0.369144112 0
v -0.022573173 0.370001227 0
v -0.0227265526 0.370344043 0
v -0.0233751088 0.371546477 0
v -0.0235694032 0.371871829 0
v -0.0240472853 0.372874171 0
v -0.0244196001 0.373642981 0
v -0.0245282203 0.373808801 0
v -0.025507722 0.375380337 0
v -0.0260041412 0.376498073 0
v -0.0263775289 0.37701878 0
v -0.0265647881 0.377310008 0
v -0.0271035656 0.378617227 0
v -0.0273384936 0.379087329 0
v -0.0279913433 0.380112141 0
v -0.028399488 0.380983412 0
v -0.0289852004 0.382078707 0
v -0.0292217117 0.38246119 0
v -0.0296808872 0.383515984 0
v -0.0299804676 0.384147912 0
v -0.0302547868 0.384614944 0
v -0.0307922922 0.385737419 0
v -0.031011425 0.386123866 0
v -0.0314789079 0.386981994 0
v -0.0318565927 0.387622416 0
v -0.0323046632 0.388359398 0
v -0.0327860527 0.389337152 0
v -0.0328526534 0.389448583 0
v -0.0335426033 0.390644759 0
v -0.0338196941 0.391120732 0
v -0.0342050605 0.392166138 0
v -0.0347282104 0.393050343 0
v -0.0353619047 0.394340575 0
v -0.0356312208 0.394912362 0
v -0.0356472433 0.394935489 0
v -0.0364609882 0.396261692 0
v -0.0366617814 0.396654367 0
v -0.0371627249 0.397819072 0
v -0.0375112183 0.398295015 0
v -0.037813738 0.398862153 0
v -0.0382563248 0.399875373 0
v -0.038507361 0.400310248 0
v -0.0391515642 0.401412785 0
v -0.0393124036 0.401716262 0
v -0.0397400446 0.402555734 0
v -0.0401535295 0.403343827 0
v -0.0404237546 0.403785288 0
v -0.0409810953 0.404920906 0
v -0.0411541983 0.40526095 0
v -0.041704502 0.406204104 0
v -0.0421357043 0.406896979 0
v -0.0421604291 0.406943351 0
v -0.0428878218 0.408548653 0
v -0.0430442505 0.408811659 0
v -0.0435677432 0.409944087 0
v -0.0438561328 0.410657734 0
v -0.0439630002 0.410805255 0
v -0.0446919762 0.411963731 0
v -0.045503065 0.413482487 0
v -0.0457854643 0.413921267 0
v -0.0460530594 0.414347261 0
v -0.0465678461 0.415530264 0
v -0.0467879102 0.416011989 0
v -0.0473299921 0.416997731 0
v -0.0476065725 0.417514145 0
v -0.0483942106 0.41910553 0
v -0.0486392267 0.419490546 0
v -0.049137596 0.420437843 0
v -0.049442064 0.42106843 0
v -0.049733337 0.421639681 0
v -0.0503643155 0.422708571 0
v -0.0504474789 0.422858506 0
v -0.0510170273 0.424119949 0
v -0.0513093174 0.424606204 0
v -0.0517943762 0.425427347 0
v -0.0521722585 0.42630434 0
v -0.0522850864 0.426512867 0
v -0.0529707149 0.427595556 0
v -0.0532580055 0.428139001 0
v -0.0536571071 0.429029107 0
v -0.0540652797 0.429724336 0
v -0.054254856 0.430026799 0
v -0.054827936 0.431231916 0
v -0.0551013499 0.431782812 0
v -0.0553111881 0.432165682 0
v -0.0558981411 0.433196902 0
v -0.056142848 0.433655232 0
v -0.0566223413 0.434806257 0
v -0.0569290705 0.435270846 0
v -0.0572527274 0.435822874 0
v -0.0577143617 0.436823845 0
v -0.057963673 0.437278122 0
v -0.0586535707 0.438426703 0
v -0.0587602668 0.438622028 0
v -0.0592462048 0.439649284 0
v -0.0596020706 0.44035995 0
v -0.0598179288 0.440725237 0
v -0.0603756644 0.441910982 0
v -0.0605806112 0.442310631 0
v -0.0610902831 0.443161398 0
v -0.061616119 0.443977684 0
v -0.0623638555 0.445207834 0
v -0.0631366596 0.4456487 0
v -0.0634473413 0.445808619 0
v -0.0635426268 0.446827739 0
v -0.0626681596 0.447011799 0
v -0.061745055 0.447075546 0
v -0.0609415695 0.447098672 0
v -0.0601367503 0.447100371 0
v -0.0585258752 0.447089642 0
v 0.294292182 0.447090656 0
v 0.295097679 0.447091341 0
v 0.295903176 0.447087258 0
v 0.296708733 0.447095066 0
v 0.297514111 0.447118282 0
v 0.29831928 0.447089732 0
v 0.299123913 0.446907669 0
v 0.299546182 0.446767837 0
v 0.299757451 0.445640385 0
v 0.299779356 0.444850445 0
v 0.299767166 0.444045335 0
v 0.299758524 0.443239957 0
v 0.299756587 0.440823466 0
v 0.299756587 -0.227758899 0
v 0.299752474 -0.229369909 0
v 0.299763083 -0.230175406 0
v 0.299756914 -0.230980843 0
v 0.299756646 -0.23178637 0
v 0.299751461 -0.232591897 0
v 0.299756587 -0.234202936 0
v 0.299753934 -0.23581399 0
v 0.299744487 -0.236619473 0
v 0.299793154 -0.237424895 0
v 0.299858093 -0.238229111 0
v 0.299905717 -0.239032149 0
v 0.299862653 -0.239835888 0
v 0.299702674 -0.240474924 0
v 0.29915747 -0.240670174 0
v 0.298530847 -0.240395769 0
v 0.298444659 -0.240277767 0.25
v 0.297750175 -0.238967896 0.25
v 0.297454029 -0.238426521 0.25
v 0.296931952 -0.237337515 0.25
v 0.296730936 -0.236907423 0.25
v 0.296256721 -0.235904485 0.25
v 0.295933247 -0.235354722 0.25
v 0.295586139 -0.234787375 0.25
v 0.295147657 -0.233707994 0.25
v 0.294911295 -0.233292237 0.25
v 0.294440717 -0.232479706 0.25
v 0.294063747 -0.231785357 0.25
v 0.293768406 -0.231165081 0.25
v 0.293136716 -0.230086684 0.25
v 0.293073297 -0.229993209 0.25
v 0.292482316 -0.22871998 0.25
v 0.292227834 -0.228159815 0.25
v 0.291916728 -0.227644011 0.25
v 0.291233093 -0.226282805 0.25
v 0.290642411 -0.225186095 0.25
v 0.290267646 -0.224592358 0.25
v 0.29012394 -0.224312931 0.25
v 0.28947261 -0.223015144 0.25
v 0.28932032 -0.222729266 0.25
v 0.288658082 -0.221580103 0.25
v 0.288425744 -0.221058771 0.25
v 0.288267672 -0.220677972 0.25
v 0.28766185 -0.219580784 0.25
v 0.287374765 -0.219144344 0.25
v 0.286878407 -0.218014941 0.25
v 0.286613345 -0.217570797 0.25
v 0.286268443 -0.217038184 0.25
v 0.285759181 -0.216056928 0.25
v 0.285559982 -0.215622589 0.25
v 0.28492403 -0.214445993 0.25
v 0.284766793 -0.214175552 0.25
v 0.284310788 -0.213187426 0.25
v 0.283953726 -0.212422937 0.25
v 0.283742815 -0.212112501 0.25
v 0.283083707 -0.210966438 0.25
v 0.282893538 -0.210598126 0.25
v 0.282333821 -0.209533378 0.25
v 0.281900465 -0.208804265 0.25
v 0.281198442 -0.207311392 0.25
v 0.281018525 -0.206944436 0.25
v 0.280424893 -0.205886841 0.25
v 0.280041099 -0.205117166 0.25
v 0.279399723 -0.203809217 0.25
v 0.279126436 -0.203368634 0.25
v 0.278661191 -0.20231396 0.25
v 0.278322905 -0.20166117 0.25
v 0.278197557 -0.201426804 0.25
v 0.277488023 -0.200321048 0.25
v 0.277282089 -0.199967131 0.25
v 0.276767522 -0.198899835 0.25
v 0.276032567 -0.197668761 0.25
v 0.275705338 -0.196707636 0.25
v 0.27547884 -0.196335599 0.25
v 0.274947762 -0.195480064 0.25
v 0.274606496 -0.194811806 0.25
v 0.274236649 -0.194094867 0.25
v 0.273614049 -0.193044022 0.25
v 0.272957116 -0.191691533 0.25
v 0.27274254 -0.191171065 0.25
v 0.272450656 -0.190681517 0.25
v 0.271872461 -0.189549759 0.25
v 0.271767616 -0.189330712 0.25
v 0.271163881 -0.18815048 0.25
v 0.270814896 -0.187622294 0.25
v 0.270620614 -0.187252402 0.25
v 0.270043612 -0.186082318 0.25
v 0.269840479 -0.185731158 0.25
v 0.269164681 -0.184640497 0.25
v 0.26899904 -0.184312612 0.25
v 0.268574506 -0.183407709 0.25
v 0.268188924 -0.182685167 0.25
v 0.267876297 -0.182163835 0.25
v 0.267401636 -0.181021601 0.25
v 0.267181009 -0.180617496 0.25
v 0.26682654 -0.1799936 0.25
v 0.266321599 -0.17903544 0.25
v 0.266138077 -0.178635821 0.25
v 0.26557821 -0.177464291 0.25
v 0.265348762 -0.177073687 0.25
v 0.264913708 -0.176299483 0.25
v 0.264497191 -0.175399303 0.25
v 0.264352083 -0.175154701 0.25
v 0.263641179 -0.17399767 0.25
v 0.263405293 -0.173644364 0.25
v 0.262905777 -0.17249614 0.25
v 0.26249525 -0.171878725 0.25
v 0.262415439 -0.17177327 0.25
v 0.261759877 -0.17037636 0.25
v 0.261561126 -0.169947535 0.25
v 0.260908842 -0.168927372 0.25
v 0.260698318 -0.168514162 0.25
v 0.260477424 -0.168067783 0.25
v 0.25992617 -0.166930616 0.25
v 0.259658128 -0.166491702 0.25
v 0.259252876 -0.165491655 0.25
v 0.25890559 -0.164796084 0.25
v 0.258690894 -0.164432332 0.25
v 0.258080661 -0.163309842 0.25
v 0.257860988 -0.162945718 0.25
v 0.257350445 -0.162000865 0.25
v 0.257026851 -0.161440894 0.25
v 0.256529629 -0.16063413 0.25
v 0.256134599 -0.159716234 0.25
v 0.255134135 -0.15782024 0.25
v 0.254754752 -0.156968236 0.25
v 0.254237235 -0.156086281 0.25
v 0.25417617 -0.155988559 0.25
v 0.253490686 -0.154709905 0.25
v 0.253240734 -0.154166669 0.25
v 0.252414167 -0.152683735 0.25
v 0.252258867 -0.152381137 0.25
v 0.251726151 -0.151150167 0.25
v 0.251377136 -0.150587454 0.25
v 0.25129512 -0.150462478 0.25
v 0.250615448 -0.149075881 0.25
v 0.250406444 -0.148704022 0.25
v 0.249767944 -0.147618666 0.25
v 0.2495628 -0.147293881 0.25
v 0.249145225 -0.146438062 0.25
v 0.248768613 -0.145657852 0.25
v 0.248438746 -0.145171359 0.25
v 0.247918129 -0.144082844 0.25
v 0.247735932 -0.143707663 0.25
v 0.247277662 -0.142881975 0.25
v 0.246796787 -0.14210403 0.25
v 0.246047229 -0.140468344 0.25
v 0.245879278 -0.140187517 0.25
v 0.245335892 -0.139151305 0.25
v 0.245032579 -0.138402075 0.25
v 0.244917914 -0.138236821 0.25
v 0.244179845 -0.137046307 0.25
v 0.2439522 -0.13663587 0.25
v 0.243411139 -0.13553308 0.25
v 0.243075281 -0.134989247 0.25
v 0.242915794 -0.13473773 0.25
v 0.242322564 -0.133427486 0.25
v 0.242109567 -0.132964402 0.25
v 0.241518989 -0.131918475 0.25
v 0.241269261 -0.131496459 0.25
v 0.241023302 -0.131049737 0.25
v 0.240487099 -0.129923105 0.25
v 0.240227595 -0.129492551 0.25
v 0.239728913 -0.128534436 0.25
v 0.23943764 -0.127884299 0.25
v 0.239237577 -0.12742044 0.25
v 0.238586992 -0.126318246 0.25
v 0.238434732 -0.126071215 0.25
v 0.237908989 -0.124931499 0.25
v 0.237601489 -0.124403462 0.25
v 0.237132877 -0.123682909 0.25
v 0.236705408 -0.122699879 0.25
v 0.236600399 -0.122508295 0.25
v 0.235936314 -0.121402487 0.25
v 0.235639557 -0.120867975 0.25
v 0.235205069 -0.119851544 0.25
v 0.234715998 -0.118986934 0.25
v 0.234049365 -0.117727771 0.25
v 0.23378849 -0.117201656 0.25
v 0.23357448 -0.116809592 0.25
v 0.232980788 -0.115782194 0.25
v 0.232755363 -0.115377605 0.25
v 0.232270867 -0.114204034 0.25
v 0.231933594 -0.113685638 0.25
v 0.231659546 -0.113222674 0.25
v 0.231163532 -0.112167694 0.25
v 0.230931252 -0.111733191 0.25
v 0.230284512 -0.110617459 0.25
v 0.230127171 -0.11033088 0.25
v 0.229687437 -0.109426424 0.25
v 0.229310602 -0.108657271 0.25
v 0.229028881 -0.108199984 0.25
v 0.228462666 -0.107086547 0.25
v 0.228288949 -0.106765717 0.25
v 0.227738217 -0.105799466 0.25
v 0.227306157 -0.105093069 0.25
v 0.226612225 -0.103476517 0.25
v 0.226445287 -0.103146531 0.25
v 0.225886539 -0.102169745 0.25
v 0.225545019 -0.101379022 0.25
v 0.225474551 -0.101265177 0.25
v 0.224755287 -0.10005261 0.25
v 0.224479735 -0.0996434763 0.25
v 0.223999813 -0.0985325575 0.25
v 0.223647043 -0.0979540199 0.25
v 0.223480552 -0.0977140367 0.25
v 0.222863987 -0.0964464843 0.25
v 0.222665682 -0.0959643871 0.25
v 0.22205171 -0.0949067548 0.25
v 0.221833065 -0.094571881 0.25
v 0.221523255 -0.0939831734 0.25
v 0.22105062 -0.0929376632 0.25
v 0.220789075 -0.0925524384 0.25
v 0.220251799 -0.0915851146 0.25
v 0.21998319 -0.0910169259 0.25
v 0.219625458 -0.0903232396 0.25
v 0.219037995 -0.0893396735 0.25
v 0.218990922 -0.0892534032 0.25
v 0.218391195 -0.0878884196 0.25
v 0.218148127 -0.0873976499 0.25
v 0.217728451 -0.0867212638 0.25
v 0.217254177 -0.0857171789 0.25
v 0.217154488 -0.0855309069 0.25
v 0.216506839 -0.0843797773 0.25
v 0.216190875 -0.0838488266 0.25
v 0.215760455 -0.0828616396 0.25
v 0.215369835 -0.0821988657 0.25
v 0.215237483 -0.0819797069 0.25
v 0.2145987 -0.0807871744 0.25
v 0.214338794 -0.0802843422 0.25
v 0.214022592 -0.0796826109 0.25
v 0.213540867 -0.0788630694 0.25
v 0.213254347 -0.0783594772 0.25
v 0.212805286 -0.0772337466 0.25
v 0.212510958 -0.0767943487 0.25
v 0.21213074 -0.0761305615 0.25
v 0.211711958 -0.0752243623 0.25
v 0.211474091 -0.0747615695 0.25
v 0.210817069 -0.0736045241 0.25
v 0.210686624 -0.0733925998 0.25
v 0.210205421 -0.0723805726 0.25
v 0.209887132 -0.0716302395 0.25
v 0.209634617 -0.0712092072 0.25
v 0.208378658 -0.0688383877 0.25
v 0.207859576 -0.0681198984 0.25
v 0.207817242 -0.0680581555 0.25
v 0.207098097 -0.0665475354 0.25
v 0.206925228 -0.0662308261 0.25
v 0.206286848 -0.0651067123 0.25
v 0.206034794 -0.064476721 0.25
v 0.205987096 -0.064366065 0.25
v 0.205261678 -0.0630778521 0.25
v 0.205039918 -0.0626585782 0.25
v 0.204528466 -0.0615393445 0.25
v 0.204223856 -0.0610365681 0.25
v 0.204002723 -0.0606818572 0.25
v 0.2034183 -0.0595044717 0.25
v 0.203209996 -0.0590488017 0.25
v 0.202696279 -0.0580486134 0.25
v 0.202400029 -0.0575398169 0.25
v 0.202100396 -0.0569931567 0.25
v 0.201611996 -0.0559117906 0.25
v 0.201373056 -0.055529613 0.25
v 0.20083189 -0.0545971878 0.25
v 0.200524792 -0.0540408939 0.25
v 0.20013015 -0.0532089807 0.25
v 0.199529797 -0.0523172729 0.25
v 0.19885841 -0.0508676022 0.25
v 0.198648632 -0.0504357778 0.25
v 0.198056936 -0.0494939163 0.25
v 0.197685182 -0.0486111119 0.25
v 0.197036177 -0.0473420024 0.25
v 0.19673495 -0.0468747728 0.25
v 0.19642514 -0.046102792 0.25
v 0.195950195 -0.0451933108 0.25
v 0.195799306 -0.0449432358 0.25
v 0.195161328 -0.0438053831 0.25
v 0.194897011 -0.0433394238 0.25
v 0.194547638 -0.042692028 0.25
v 0.194094956 -0.0419261232 0.25
v 0.19373107 -0.0413255766 0.25
v 0.193332866 -0.040247459 0.25
v 0.193089351 -0.039838098 0.25
v 0.192667633 -0.0391441062 0.25
v 0.192025527 -0.0378081128 0.25
v 0.191337809 -0.0366425961 0.25
v 0.191231161 -0.0364735052 0.25
v 0.190675184 -0.0353213847 0.25
v 0.190383911 -0.034674637 0.25
v 0.190208375 -0.0344096981 0.25
v 0.189586163 -0.0331443511 0.25
v 0.189409494 -0.0327433832 0.25
v 0.188922226 -0.0318179093 0.25
v 0.188427448 -0.0310031455 0.25
v 0.187678128 -0.0295757707 0.25
v 0.187469482 -0.0292239152 0.25
v 0.186844662 -0.0281468425 0.25
v 0.186605722 -0.0276737921 0.25
v 0.186434314 -0.0273175836 0.25
v 0.18584922 -0.0261330493 0.25
v 0.185555577 -0.0256899223 0.25
v 0.185097352 -0.0246193204 0.25
v 0.184799805 -0.0240177289 0.25
v 0.184608847 -0.0236691497 0.25
v 0.183961987 -0.0225295443 0.25
v 0.183770686 -0.0221351907 0.25
v 0.183254153 -0.0211078208 0.25
v 0.18295683 -0.0206415243 0.25
v 0.18252857 -0.0198653601 0.25
v 0.182140827 -0.018934913 0.25
v 0.181957498 -0.0186586156 0.25
v 0.181333527 -0.0176174026 0.25
v 0.181070954 -0.0170515273 0.25
v 0.180633888 -0.0161925703 0.25
v 0.180085123 -0.0152818467 0.25
v 0.179416001 -0.0138867414 0.25
v 0.179181188 -0.0134172225 0.25
v 0.178619385 -0.0124786375 0.25
v 0.178318053 -0.0119298296 0.25
v 0.178159922 -0.0116303619 0.25
v 0.177593142 -0.0104058161 0.25
v 0.177286223 -0.00991278701 0.25
v 0.176529095 -0.00818634033 0.25
v 0.176379338 -0.00788704213 0.25
v 0.175730154 -0.00680157682 0.25
v 0.175465673 -0.00636647549 0.25
v 0.175133482 -0.0057430123 0.25
v 0.174659446 -0.00491824653 0.25
v 0.174306795 -0.00435395399 0.25
v 0.173809752 -0.0032472962 0.25
v 0.173650891 -0.00297026453 0.25
v 0.173129663 -0.00202845829 0.25
v 0.172769159 -0.00129886204 0.25
v 0.172582209 -0.000880884239 0.25
v 0.171938524 0.00033247206 0.25
v 0.171794638 0.000570170057 0.25
v 0.171236053 0.00165614369 0.25
v 0.170919687 0.00234651915 0.25
v 0.170835257 0.0024801183 0.25
v 0.170067459 0.00378621416 0.25
v 0.169878125 0.00411512563 0.25
v 0.169369385 0.00527507626 0.25
v 0.168971419 0.00582908327 0.25
v 0.168847427 0.00601433637 0.25
v 0.168246001 0.00739548262 0.25
v 0.168029442 0.00781159569 0.25
v 0.167378068 0.00885484461 0.25
v 0.167175174 0.00929627568 0.25
v 0.166980714 0.00970504154 0.25
v 0.166381717 0.01082402 0.25
v 0.166114122 0.0112505313 0.25
v 0.165622741 0.0123158768 0.25
v 0.165359944 0.0128167048 0.25
v 0.16501148 0.0134006636 0.25
v 0.164469913 0.0144257154 0.25
v 0.163814515 0.0158942882 0.25
v 0.163525447 0.0164184012 0.25
v 0.16317986 0.0170349125 0.25
v 0.162692651 0.0180883333 0.25
v 0.162522435 0.0183450207 0.25
v 0.161570564 0.0198985338 0.25
v 0.161080539 0.020941332 0.25
v 0.1606877 0.0216080267 0.25
v 0.160607338 0.021737501 0.25
v 0.159986302 0.0230959281 0.25
v 0.159752056 0.0236243345 0.25
v 0.159464628 0.0240886547 0.25
v 0.158892706 0.0250646509 0.25
v 0.158717349 0.0253932234 0.25
v 0.15812932 0.0265436247 0.25
v 0.157835662 0.0269625615 0.25
v 0.15741837 0.027798349 0.25
v 0.157071263 0.0286258273 0.25
v 0.156869337 0.0290440302 0.25
v 0.156228065 0.0301676989 0.25
v 0.156041741 0.0305367932 0.25
v 0.155656487 0.0313170813 0.25
v 0.155224264 0.0321032479 0.25
v 0.15488869 0.032624647 0.25
v 0.154362991 0.033723902 0.25
v 0.154208824 0.0340257995 0.25
v 0.153675556 0.0349799804 0.25
v 0.153274879 0.0356743149 0.25
v 0.153135285 0.0359900557 0.25
v 0.15244095 0.0373232812 0.25
v 0.152323514 0.0375178568 0.25
v 0.151714131 0.038722679 0.25
v 0.151433304 0.0393611751 0.25
v 0.151393175 0.0394247547 0.25
v 0.150618255 0.0407963507 0.25
v 0.150436506 0.0411475264 0.25
v 0.149907932 0.0422748141 0.25
v 0.149536237 0.0428322665 0.25
v 0.149397507 0.043046739 0.25
v 0.148794502 0.044331301 0.25
v 0.148566186 0.0447677039 0.25
v 0.147951141 0.0458635688 0.25
v 0.147738755 0.0463014953 0.25
v 0.147532195 0.0467371605 0.25
v 0.146990404 0.0479065515 0.25
v 0.146703303 0.0483588874 0.25
v 0.146219552 0.0492873564 0.25
v 0.14591895 0.0498455465 0.25
v 0.145603999 0.0504158847 0.25
v 0.144910455 0.0514356829 0.25
v 0.144212842 0.0529418923 0.25
v 0.144021258 0.0532832369 0.25
v 0.143472403 0.054306142 0.25
v 0.143235162 0.0550843962 0.25
v 0.143086866 0.0553192683 0.25
v 0.14241457 0.0563679449 0.25
v 0.142126739 0.0569323488 0.25
v 0.141626433 0.0579271093 0.25
v 0.141110107 0.0587500669 0.25
v 0.140267715 0.0605526939 0.25
v 0.139952317 0.0611390285 0.25
v 0.139458552 0.0620256215 0.25
v 0.139257252 0.062406525 0.25
v 0.138712734 0.0635665283 0.25
v 0.138412356 0.0640235618 0.25
v 0.138027042 0.0646975487 0.25
v 0.137614489 0.0655357093 0.25
v 0.137370348 0.0660213307 0.25
v 0.136694387 0.0671485588 0.25
v 0.136597589 0.0673231855 0.25
v 0.136074036 0.0684743226 0.25
v 0.135760039 0.0690867677 0.25
v 0.135456219 0.0695952252 0.25
v 0.134971052 0.070708774 0.25
v 0.134780377 0.0710897893 0.25
v 0.134316504 0.0719084516 0.25
v 0.133878857 0.0727363825 0.25
v 0.133774027 0.072942093 0.25
v 0.133057266 0.0742999613 0.25
v 0.132890031 0.0745703802 0.25
v 0.13226375 0.0756701455 0.25
v 0.131940201 0.0762827545 0.25
v 0.13117145 0.0776468366 0.25
v 0.130901694 0.0780823901 0.25
v 0.130468354 0.0792271346 0.25
v 0.129891515 0.080085583 0.25
v 0.129345819 0.0812788233 0.25
v 0.129113093 0.0817364678 0.25
v 0.12845239 0.0827974677 0.25
v 0.128288656 0.0830776095 0.25
v 0.127498478 0.0848201066 0.25
v 0.127271354 0.0851740539 0.25
v 0.126765326 0.086264655 0.25
v 0.126491293 0.0868278742 0.25
v 0.126141861 0.0874080509 0.25
v 0.125473693 0.0885502547 0.25
v 0.124763206 0.089883022 0.25
v 0.124537036 0.0902777761 0.25
v 0.123960704 0.0913521647 0.25
v 0.123661973 0.0920566097 0.25
v 0.123616703 0.0921551734 0.25
v 0.122926272 0.0934381559 0.25
v 0.122663707 0.0938928649 0.25
v 0.122237198 0.0949246958 0.25
v 0.121842898 0.0956146792 0.25
v 0.121729076 0.0958076715 0.25
v 0.121070519 0.09703058 0.25
v 0.120824344 0.0975546911 0.25
v 0.120564379 0.0980581194 0.25
v 0.120024562 0.0989739895 0.25
v 0.119767077 0.0994243994 0.25
v 0.119259305 0.100554228 0.25
v 0.118986681 0.100955822 0.25
v 0.118538916 0.101722546 0.25
v 0.118167676 0.1025047 0.25
v 0.117888778 0.103019319 0.25
v 0.117224738 0.104169205 0.25
v 0.117152236 0.104303092 0.25
v 0.116572566 0.105485588 0.25
v 0.116273217 0.106066555 0.25
v 0.115958996 0.106583543 0.25
v 0.115386792 0.107685737 0.25
v 0.115285464 0.107894838 0.25
v 0.114684209 0.109110683 0.25
v 0.114344105 0.109662823 0.25
v 0.114311785 0.109721936 0.25
v 0.11360801 0.111326031 0.25
v 0.11282286 0.112662874 0.25
v 0.112498865 0.113263443 0.25
v 0.112405054 0.113416374 0.25
v 0.11143516 0.115068391 0.25
v 0.110962421 0.116220206 0.25
v 0.11069867 0.116688706 0.25
v 0.110444978 0.117125221 0.25
v 0.109901652 0.118269175 0.25
v 0.10966932 0.118716426 0.25
v 0.109102547 0.119766124 0.25
v 0.108864225 0.120179802 0.25
v 0.108479135 0.120898038 0.25
v 0.108064041 0.121858835 0.25
v 0.107846573 0.122222506 0.25
v 0.10729178 0.123246253 0.25
v 0.107016444 0.123771496 0.25
v 0.106661819 0.124551728 0.25
v 0.106050953 0.125468045 0.25
v 0.106024504 0.125501052 0.25
v 0.105320908 0.126926675 0.25
v 0.105105475 0.1273247 0.25
v 0.104507051 0.128340885 0.25
v 0.104212157 0.129010171 0.25
v 0.104146771 0.129151404 0.25
v 0.103438765 0.130345151 0.25
v 0.103180438 0.130772963 0.25
v 0.102735221 0.131788343 0.25
v 0.102408059 0.132404685 0.25
v 0.102171153 0.132797584 0.25
v 0.101592563 0.133977473 0.25
v 0.1013816 0.134491414 0.25
v 0.10105969 0.13513048 0.25
v 0.100584015 0.135960504 0.25
v 0.100297265 0.136442393 0.25
v 0.0997692496 0.137554199 0.25
v 0.0995574966 0.137882829 0.25
v 0.0990315154 0.138782859 0.25
v 0.0984062999 0.140050367 0.25
v 0.0977919921 0.141174659 0.25
v 0.0977089182 0.141319782 0.25
v 0.0971449092 0.142508388 0.25
v 0.0968416557 0.143106133 0.25
v 0.0965854228 0.143515348 0.25
v 0.0959422886 0.144668519 0.25
v 0.0958232731 0.144894287 0.25
v 0.0952184573 0.146096185 0.25
v 0.0948885307 0.146606952 0.25
v 0.0947022587 0.147042498 0.25
v 0.0941490456 0.148310065 0.25
v 0.0939814821 0.148611113 0.25
v 0.0933862776 0.149707079 0.25
v 0.0930602476 0.150289237 0.25
v 0.0929759219 0.150448203 0.25
v 0.092300415 0.151652008 0.25
v 0.0920021906 0.15210034 0.25
v 0.0914893225 0.153229713 0.25
v 0.0912604406 0.153633341 0.25
v 0.090905875 0.154233798 0.25
v 0.0903934017 0.155210927 0.25
v 0.0902236328 0.15558742 0.25
v 0.0895675048 0.15676643 0.25
v 0.0893902779 0.157041758 0.25
v 0.0888879821 0.15810433 0.25
v 0.0885662511 0.158836529 0.25
v 0.088431403 0.159029976 0.25
v 0.0877645984 0.160267696 0.25
v 0.0875572488 0.160735399 0.25
v 0.087058343 0.161638498 0.25
v 0.0865503922 0.162491232 0.25
v 0.0858482048 0.163886845 0.25
v 0.0856347531 0.164306581 0.25
v 0.0850733444 0.165349096 0.25
v 0.0846826583 0.166171938 0.25
v 0.0840529278 0.167429492 0.25
v 0.0837612525 0.167894885 0.25
v 0.0833415836 0.16872932 0.25
v 0.0829694942 0.169435799 0.25
v 0.0827496573 0.169823423 0.25
v 0.0820584893 0.170899391 0.25
v 0.0819501504 0.171104312 0.25
v 0.0814488158 0.17235972 0.25
v 0.0811455622 0.172904685 0.25
v 0.0808139369 0.173471749 0.25
v 0.0803570747 0.174571559 0.25
v 0.0801246911 0.174931273 0.25
v 0.0796274841 0.175724953 0.25
v 0.0792443156 0.176476419 0.25
v 0.0789590925 0.177020833 0.25
v 0.0783037543 0.178137317 0.25
v 0.0782407373 0.178240731 0.25
v 0.077636607 0.179565489 0.25
v 0.077385284 0.180122375 0.25
v 0.0772592053 0.180319443 0.25
v 0.0765160993 0.181562632 0.25
v 0.0763342977 0.181880474 0.25
v 0.0757764429 0.183042735 0.25
v 0.0754435211 0.183524966 0.25
v 0.0751406029 0.18409881 0.25
v 0.0746921077 0.185132965 0.25
v 0.0744778663 0.185541108 0.25
v 0.0738273859 0.186650023 0.25
v 0.0736435503 0.187122032 0.25
v 0.0734866634 0.187493831 0.25
v 0.0728320107 0.188606828 0.25
v 0.0725653768 0.189054251 0.25
v 0.0720826313 0.190176278 0.25
v 0.0718312562 0.190617993 0.25
v 0.0714602992 0.191232473 0.25
v 0.0709709972 0.192220837 0.25
v 0.0708001554 0.192544207 0.25
v 0.0701913908 0.19371745 0.25
v 0.0699643716 0.1941057 0.25
v 0.0694533139 0.195040718 0.25
v 0.0690920204 0.195856169 0.25
v 0.068993628 0.196029723 0.25
v 0.0682854503 0.197246686 0.25
v 0.0680442527 0.197655678 0.25
v 0.0675712824 0.198762685 0.25
v 0.0671373159 0.199459493 0.25
v 0.0670954958 0.199522734 0.25
v 0.0661904812 0.201336667 0.25
v 0.0655654892 0.202339113 0.25
v 0.0653446317 0.20278953 0.25
v 0.0651685894 0.203185692 0.25
v 0.0646097213 0.204368472 0.25
v 0.0643121228 0.204823926 0.25
v 0.0639198571 0.205657169 0.25
v 0.0635459572 0.206388116 0.25
v 0.0632615834 0.206832767 0.25
v 0.0625134483 0.208095521 0.25
v 0.0619020239 0.209303901 0.25
v 0.0616430193 0.209803715 0.25
v 0.0611519143 0.21066533 0.25
v 0.0608503558 0.211540386 0.25
v 0.060687989 0.211826116 0.25
v 0.0601184405 0.212800026 0.25
v 0.0597558469 0.213455707 0.25
v 0.0594775155 0.214088321 0.25
v 0.0588794276 0.215142027 0.25
v 0.058796294 0.215277776 0.25
v 0.0581801794 0.216556743 0.25
v 0.0579047315 0.217139974 0.25
v 0.0578722917 0.217189416 0.25
v 0.0570777021 0.218512699 0.25
v 0.0568653233 0.218883365 0.25
v 0.0563382171 0.220040381 0.25
v 0.0560142212 0.220535561 0.25
v 0.0557330102 0.221031576 0.25
v 0.0552554093 0.222094834 0.25
v 0.0550229661 0.222529873 0.25
v 0.0542084873 0.223966122 0.25
v 0.0538337417 0.22475563 0.25
v 0.0534090959 0.225617304 0.25
v 0.0531256758 0.226054654 0.25
v 0.0526402779 0.227131873 0.25
v 0.0523938201 0.227652431 0.25
v 0.052093789 0.228201628 0.25
v 0.0514986366 0.229222775 0.25
v 0.0513903573 0.22939989 0.25
v 0.0507080071 0.230732277 0.25
v 0.050496757 0.23106429 0.25
v 0.0498934127 0.232120484 0.25
v 0.0495461896 0.232870653 0.25
v 0.0487689525 0.234170929 0.25
v 0.0485574789 0.234579802 0.25
v 0.0480966642 0.235706866 0.25
v 0.0475606285 0.236539707 0.25
v 0.0469853729 0.237795457 0.25
v 0.0467307195 0.23827751 0.25
v 0.0462242402 0.239200667 0.25
v 0.0459170863 0.239751741 0.25
v 0.0456762239 0.240211815 0.25
v 0.0451749451 0.241363302 0.25
v 0.0448829345 0.24182716 0.25
v 0.0445006192 0.242589653 0.25
v 0.0441080146 0.243398935 0.25
v 0.0438612178 0.243843928 0.25
v 0.0431846902 0.244935319 0.25
v 0.043074768 0.245089546 0.25
v 0.0424569584 0.246306017 0.25
v 0.0421848446 0.246808648 0.25
v 0.0416697748 0.247707158 0.25
v 0.0413517132 0.248518035 0.25
v 0.0412352383 0.248754874 0.25
v 0.0406001322 0.249860123 0.25
v 0.0402777754 0.250462949 0.25
v 0.0398891307 0.251399517 0.25
v 0.0393404365 0.252303392 0.25
v 0.0384549163 0.254172653 0.25
v 0.0384289771 0.254210919 0.25
v 0.0376504958 0.255503684 0.25
v 0.0374017209 0.255898476 0.25
v 0.0368702635 0.25702402 0.25
v 0.0365923271 0.257440984 0.25
v 0.0361954868 0.258103997 0.25
v 0.0357842334 0.259027988 0.25
v 0.0355643928 0.259486228 0.25
v 0.0349180996 0.260651648 0.25
v 0.034768112 0.26093784 0.25
v 0.0343487188 0.261776954 0.25
v 0.0339033902 0.26257357 0.25
v 0.0336829275 0.262931257 0.25
v 0.0330881178 0.264126182 0.25
v 0.0329172201 0.264491618 0.25
v 0.0324227773 0.265449911 0.25
v 0.0319901071 0.266222924 0.25
v 0.0313056074 0.267764956 0.25
v 0.0310826618 0.268149883 0.25
v 0.0305430647 0.269045442 0.25
v 0.0300698727 0.269898027 0.25
v 0.029349884 0.271159768 0.25
v 0.0290913898 0.271580786 0.25
v 0.028660357 0.272705346 0.25
v 0.0283050537 0.273304284 0.25
v 0.0281334762 0.273567468 0.25
v 0.0275258385 0.274794579 0.25
v 0.0272939038 0.275283456 0.25
v 0.0267879907 0.276133329 0.25
v 0.0264666509 0.27662456 0.25
v 0.0261112917 0.277354717 0.25
v 0.0257141106 0.278335214 0.25
v 0.0254549384 0.278722405 0.25
v 0.0249900538 0.279598534 0.25
v 0.0246622711 0.280323893 0.25
v 0.0243460201 0.280839473 0.25
v 0.0236866698 0.281950265 0.25
v 0.0236274432 0.28205514 0.25
v 0.0230092369 0.28331998 0.25
v 0.0227379687 0.283838123 0.25
v 0.0222885124 0.284600496 0.25
v 0.0218794085 0.285501927 0.25
v 0.0217789263 0.285710633 0.25
v 0.0211315006 0.2868433 0.25
v 0.020808354 0.287359267 0.25
v 0.0204870142 0.288056433 0.25
v 0.0200273301 0.288973212 0.25
v 0.0198461451 0.289286405 0.25
v 0.019240316 0.290498465 0.25
v 0.0189810283 0.291161716 0.25
v 0.0189647526 0.291198343 0.25
v 0.0181952007 0.292457074 0.25
v 0.017952418 0.292889744 0.25
v 0.0174284764 0.294031262 0.25
v 0.0171647239 0.294436246 0.25
v 0.0167717263 0.295076281 0.25
v 0.0163295045 0.29599756 0.25
v 0.0161104556 0.296443909 0.25
v 0.0155254789 0.297598094 0.25
v 0.0153337261 0.297943383 0.25
v 0.014930103 0.298771769 0.25
v 0.0145172114 0.299635649 0.25
v 0.0142928511 0.299987346 0.25
v 0.0136404531 0.301088512 0.25
v 0.0134450272 0.301432282 0.25
v 0.012912157 0.302506745 0.25
v 0.0124854753 0.303086966 0.25
v 0.0123855025 0.303238869 0.25
v 0.0117973611 0.304720223 0.25
v 0.0115990527 0.305111587 0.25
v 0.0109916972 0.306128144 0.25
v 0.0106858425 0.306840003 0.25
v 0.0106413662 0.306939572 0.25
v 0.00990871806 0.30813995 0.25
v 0.00965949148 0.308565021 0.25
v 0.0091931941 0.309617668 0.25
v 0.00888112374 0.310165107 0.25
v 0.00862466265 0.310589761 0.25
v 0.00806087907 0.311713606 0.25
v 0.00733467378 0.313088655 0.25
v 0.00702706771 0.313616931 0.25
v 0.00662372727 0.314354062 0.25
v 0.00625288207 0.315328419 0.25
v 0.00603456842 0.315664679 0.25
v 0.00550893135 0.316591948 0.25
v 0.00518420152 0.317260683 0.25
v 0.00487761293 0.317860574 0.25
v 0.00418978091 0.318979561 0.25
v 0.004172544 0.319004804 0.25
v 0.00353303133 0.320349127 0.25
v 0.00328369136 0.320857346 0.25
v 0.00292753987 0.321458369 0.25
v 0.00245095696 0.322491229 0.25
v 0.00233719428 0.322748184 0.25
v 0.00174080173 0.32385388 0.25
v 0.00137216074 0.324416757 0.25
v 0.00118877273 0.324787498 0.25
v 0.000603852444 0.325943559 0.25
v 0.000380000361 0.326297909 0.25
v -0.000252222118 0.327411741 0.25
v -0.000779271999 0.32853663 0.25
v -0.00124924269 0.329379708 0.25
v -0.00152910023 0.329873204 0.25
v -0.00200020126 0.331030369 0.25
v -0.00226180465 0.331448257 0.25
v -0.00262581138 0.332010508 0.25
v -0.0033295243 0.333372831 0.25
v -0.00399271632 0.334549576 0.25
v -0.0041406136 0.33480078 0.25
v -0.0046489574 0.335926592 0.25
v -0.00498199463 0.336611867 0.25
v -0.00508925831 0.336768597 0.25
v -0.00581320282 0.338091016 0.25
v -0.00599777792 0.338460386 0.25
v -0.00655873585 0.339494884 0.25
v -0.0069496436 0.340078622 0.25
v -0.0070739747 0.340271622 0.25
v -0.00767505774 0.341627598 0.25
v -0.00789998379 0.342047513 0.25
v -0.00848750304 0.343120933 0.25
v -0.00887032971 0.343943566 0.25
v -0.00949820038 0.345161498 0.25
v -0.00977930147 0.345605195 0.25
v -0.0101981834 0.346570045 0.25
v -0.0105480049 0.347260475 0.25
v -0.0107457479 0.34761104 0.25
v -0.0113956025 0.348727971 0.25
v -0.0115823811 0.349067122 0.25
v -0.0121314153 0.350102127 0.25
v -0.0124337655 0.350556821 0.25
v -0.0129496818 0.351487666 0.25
v -0.0132630523 0.352324873 0.25
v -0.0134009467 0.352548271 0.25
v -0.0140253138 0.353638142 0.25
v -0.0142774787 0.354257524 0.25
v -0.0145603316 0.354817361 0.25
v -0.0152265755 0.355935663 0.25
v -0.0152777778 0.356018513 0.25
v -0.0159439091 0.357336313 0.25
v -0.0162078291 0.35784471 0.25
v -0.0165664107 0.358465791 0.25
v -0.0170330461 0.359394372 0.25
v -0.0171593558 0.359674186 0.25
v -0.0177282263 0.360884607 0.25
v -0.0180684403 0.361424744 0.25
v -0.0182116479 0.361693025 0.25
v -0.0188290067 0.362916827 0.25
v -0.0190732032 0.363307923 0.25
v -0.0197328925 0.364399552 0.25
v -0.019881919 0.364680916 0.25
v -0.0203633625 0.36564377 0.25
v -0.0207302514 0.366314352 0.25
v -0.0210563932 0.366878927 0.25
v -0.0214975998 0.367972136 0.25
v -0.0217011627 0.368341863 0.25
v -0.0221663304 0.369144112 0.25
v -0.022573173 0.370001227 0.25
v -0.0227265526 0.370344043 0.25
v -0.0233751088 0.371546477 0.25
v -0.0235694032 0.371871829 0.25
v -0.0240472853 0.372874171 0.25
v -0.0244196001 0.373642981 0.25
v -0.0245282203 0.373808801 0.25
v -0.025507722 0.375380337 0.25
v -0.0260041412 0.376498073 0.25
v -0.0263775289 0.37701878 0.25
v -0.0265647881 0.377310008 0.25
v -0.0271035656 0.378617227 0.25
v -0.0273384936 0.379087329 0.25
v -0.0279913433 0.380112141 0.25
v -0.028399488 0.380983412 0.25
v -0.0289852004 0.382078707 0.25
v -0.0292217117 0.38246119 0.25
v -0.0296808872 0.383515984 0.25
v -0.0299804676 0.384147912 0.25
v -0.0302547868 0.384614944 0.25
v -0.0307922922 0.385737419 0.25
v -0.031011425 0.386123866 0.25
v -0.0314789079 0.386981994 0.25
v -0.0318565927 0.387622416 0.25
v -0.0323046632 0.388359398 0.25
v -0.0327860527 0.389337152 0.25
v -0.0328526534 0.389448583 0.25
v -0.0335426033 0.390644759 0.25
v -0.0338196941 0.391120732 0.25
v -0.0342050605 0.392166138 0.25
v -0.0347282104 0.393050343 0.25
v -0.0353619047 0.394340575 0.25
v -0.0356312208 0.394912362 0.25
v -0.0356472433 0.394935489 0.25
v -0.0364609882 0.396261692 0.25
v -0.0366617814 0.396654367 0.25
v -0.0371627249 0.397819072 0.25
v -0.0375112183 0.398295015 0.25
v -0.037813738 0.398862153 0.25
v -0.0382563248 0.399875373 0.25
v -0.038507361 0.400310248 0.25
v -0.0391515642 0.401412785 0.25
v -0.0393124036 0.401716262 0.25
v -0.0397400446 0.402555734 0.25
v -0.0401535295 0.403343827 0.25
v -0.0404237546 0.403785288 0.25
v -0.0409810953 0.404920906 0.25
v -0.0411541983 0.40526095 0.25
v -0.041704502 0.406204104 0.25
v -0.0421357043 0.406896979 0.25
v -0.0421604291 0.406943351 0.25
v -0.0428878218 0.408548653 0.25
v -0.0430442505 0.408811659 0.25
v -0.0435677432 0.409944087 0.25
v -0.0438561328 0.410657734 0.25
v -0.0439630002 0.410805255 0.25
v -0.0446919762 0.411963731 0.25
v -0.045503065 0.413482487 0.25
v -0.0457854643 0.413921267 0.25
v -0.0460530594 0.414347261 0.25
v -0.0465678461 0.415530264 0.25
v -0.0467879102 0.416011989 0.25
v -0.0473299921 0.416997731 0.25
v -0.0476065725 0.417514145 0.25
v -0.0483942106 0.41910553 0.25
v -0.0486392267 0.419490546 0.25
v -0.049137596 0.420437843 0.25
v -0.049442064 0.42106843 0.25
v -0.049733337 0.421639681 0.25
v -0.0503643155 0.422708571 0.25
v -0.0504474789 0.422858506 0.25
v -0.0510170273 0.424119949 0.25
v -0.0513093174 0.424606204 0.25
v -0.0517943762 0.425427347 0.25
v -0.0521722585 0.42630434 0.25
v -0.0522850864 0.426512867 0.25
v -0.0529707149 0.427595556 0.25
v -0.0532580055 0.428139001 0.25
v -0.0536571071 0.429029107 0.25
v -0.0540652797 0.429724336 0.25
v -0.054254856 0.430026799 0.25
v -0.054827936 0.431231916 0.25
v -0.0551013499 0.431782812 0.25
v -0.0553111881 0.432165682 0.25
v -0.0558981411 0.433196902 0.25
v -0.056142848 0.433655232 0.25
v -0.0566223413 0.434806257 0.25
v -0.0569290705 0.435270846 0.25
v -0.0572527274 0.435822874 0.25
v -0.0577143617 0.436823845 0.25
v -0.057963673 0.437278122 0.25
v -0.0586535707 0.438426703 0.25
v -0.0587602668 0.438622028 0.25
v -0.0592462048 0.439649284 0.25
v -0.0596020706 0.44035995 0.25
v -0.0598179288 0.440725237 0.25
v -0.0603756644 0.441910982 0.25
v -0.0605806112 0.442310631 0.25
v -0.0610902831 0.443161398 0.25
v -0.061616119 0.443977684 0.25
v -0.0623638555 0.445207834 0.25
v -0.0631366596 0.4456487 0.25
v -0.0634473413 0.445808619 0.25
v -0.0635426268 0.446827739 0.25
v -0.0626681596 0.447011799 0.25
v -0.061745055 0.447075546 0.25
v -0.0609415695 0.447098672 0.25
v -0.0601367503 0.447100371 0.25
v -0.0585258752 0.447089642 0.25
v 0.294292182 0.447090656 0.25
v 0.295097679 0.447091341 0.25
v 0.295903176 0.447087258 0.25
v 0.296708733 0.447095066 0.25
v 0.297514111 0.447118282 0.25
v 0.29831928 0.447089732 0.25
v 0.299123913 0.446907669 0.25
v 0.299546182 0.446767837 0.25
v 0.299757451 0.445640385 0.25
v 0.299779356 0.444850445 0.25
v 0.299767166 0.444045335 0.25
v 0.299758524 0.443239957 0.25
v 0.299756587 0.440823466 0.25
v 0.299756587 -0.227758899 0.25
v 0.299752474 -0.229369909 0.25
v 0.299763083 -0.230175406 0.25
v 0.299756914 -0.230980843 0.25
v 0.299756646 -0.23178637 0.25
v 0.299751461 -0.232591897 0.25
v 0.299756587 -0.234202936 0.25
v 0.299753934 -0.23581399 0.25
v 0.299744487 -0.236619473 0.25
v 0.299793154 -0.237424895 0.25
v 0.299858093 -0.238229111 0.25
v 0.299905717 -0.239032149 0.25
v 0.299862653 -0.239835888 0.25
v 0.299702674 -0.240474924 0.25
v 0.29915747 -0.240670174 0.25
v 0.298530847 -0.240395769 0.25
vt 0.997251809 0.326804578 0
vt 0.995352566 0.326804578 0
vt 0.994563997 0.326804578 0
vt 0.993007541 0.326804578 0
vt 0.992394984 0.326804578 0
vt 0.990964234 0.326804578 0
vt 0.990154088 0.326804578 0
vt 0.989312649 0.326804578 0
vt 0.987802148 0.326804578 0
vt 0.98719281 0.326804578 0
vt 0.985998511 0.326804578 0
vt 0.984988153 0.326804578 0
vt 0.984102488 0.326804578 0
vt 0.982514501 0.326804578 0
vt 0.982373357 0.326804578 0
vt 0.980561495 0.326804578 0
vt 0.979766667 0.326804578 0
vt 0.979003429 0.326804578 0
vt 0.977045357 0.326804578 0
vt 0.975451469 0.326804578 0
vt 0.974566162 0.326804578 0
vt 0.974162817 0.326804578 0
vt 0.972296119 0.326804578 0
vt 0.97188133 0.326804578 0
vt 0.970193565 0.326804578 0
vt 0.969455659 0.326804578 0
vt 0.968921423 0.326804578 0
vt 0.96732074 0.326804578 0
vt 0.966665268 0.326804578 0
vt 0.965069473 0.326804578 0
vt 0.964413464 0.326804578 0
vt 0.963615716 0.326804578 0
vt 0.962197483 0.326804578 0
vt 0.961580396 0.326804578 0
vt 0.959869444 0.326804578 0
vt 0.959471703 0.326804578 0
vt 0.958066642 0.326804578 0
vt 0.956977904 0.326804578 0
vt 0.956508994 0.326804578 0
vt 0.954826295 0.326804578 0
vt 0.954294324 0.326804578 0
vt 0.952752531 0.326804578 0
vt 0.951676369 0.326804578 0
vt 0.949548244 0.326804578 0
vt 0.949022174 0.326804578 0
vt 0.947475314 0.326804578 0
vt 0.94636929 0.326804578 0
vt 0.944494128 0.326804578 0
vt 0.943839133 0.326804578 0
vt 0.942348242 0.326804578 0
vt 0.941404879 0.326804578 0
vt 0.941064656 0.326804578 0
vt 0.939411163 0.326804578 0
vt 0.938890576 0.326804578 0
vt 0.937363982 0.326804578 0
vt 0.935545504 0.326804578 0
vt 0.934226274 0.326804578 0
vt 0.933674991 0.326804578 0
vt 0.932402968 0.326804578 0
vt 0.9314394 0.326804578 0
vt 0.930404007 0.326804578 0
vt 0.92885375 0.326804578 0
vt 0.926917255 0.326804578 0
vt 0.926187575 0.326804578 0
vt 0.92546469 0.326804578 0
vt 0.923832655 0.326804578 0
vt 0.923519611 0.326804578 0
vt 0.921817362 0.326804578 0
vt 0.921023488 0.326804578 0
vt 0.920487881 0.326804578 0
vt 0.918809056 0.326804578 0
vt 0.91829294 0.326804578 0
vt 0.916671932 0.326804578 0
vt 0.916199803 0.326804578 0
vt 0.914910316 0.326804578 0
vt 0.913861692 0.326804578 0
vt 0.913091063 0.326804578 0
vt 0.911488235 0.326804578 0
vt 0.910899699 0.326804578 0
vt 0.909985483 0.326804578 0
vt 0.908597469 0.326804578 0
vt 0.908029675 0.326804578 0
vt 0.906355977 0.326804578 0
vt 0.905780554 0.326804578 0
vt 0.904647946 0.326804578 0
vt 0.903367579 0.326804578 0
vt 0.903006673 0.326804578 0
vt 0.901289344 0.326804578 0
vt 0.900757313 0.326804578 0
vt 0.89913702 0.326804578 0
vt 0.898207903 0.326804578 0
vt 0.898045242 0.326804578 0
vt 0.896054506 0.326804578 0
vt 0.895444453 0.326804578 0
vt 0.893919945 0.326804578 0
vt 0.893324316 0.326804578 0
vt 0.892683506 0.326804578 0
vt 0.891055763 0.326804578 0
vt 0.890404999 0.326804578 0
vt 0.889005959 0.326804578 0
vt 0.888006151 0.326804578 0
vt 0.887469888 0.326804578 0
vt 0.885836244 0.326804578 0
vt 0.885297418 0.326804578 0
vt 0.88392359 0.326804578 0
vt 0.883100808 0.326804578 0
vt 0.881902754 0.326804578 0
vt 0.880609155 0.326804578 0
vt 0.877862155 0.326804578 0
vt 0.876656234 0.326804578 0
vt 0.875357211 0.326804578 0
vt 0.875211716 0.326804578 0
vt 0.873354733 0.326804578 0
vt 0.872582555 0.326804578 0
vt 0.870416045 0.326804578 0
vt 0.869979382 0.326804578 0
vt 0.868243456 0.326804578 0
vt 0.867406905 0.326804578 0
vt 0.867219269 0.326804578 0
vt 0.865231454 0.326804578 0
vt 0.864687502 0.326804578 0
vt 0.863088071 0.326804578 0
vt 0.862603724 0.326804578 0
vt 0.861377656 0.326804578 0
vt 0.860261559 0.326804578 0
vt 0.859526813 0.326804578 0
vt 0.857971609 0.326804578 0
vt 0.857434511 0.326804578 0
vt 0.856228948 0.326804578 0
vt 0.855073154 0.326804578 0
vt 0.852749407 0.326804578 0
vt 0.852334499 0.326804578 0
vt 0.850834608 0.326804578 0
vt 0.84978652 0.326804578 0
vt 0.849535882 0.326804578 0
vt 0.847766221 0.326804578 0
vt 0.847167015 0.326804578 0
vt 0.845585823 0.326804578 0
vt 0.844777942 0.326804578 0
vt 0.844402611 0.326804578 0
vt 0.842544258 0.326804578 0
vt 0.841886044 0.326804578 0
vt 0.840354919 0.326804578 0
vt 0.839732468 0.326804578 0
vt 0.839081049 0.326804578 0
vt 0.837472379 0.326804578 0
vt 0.836835384 0.326804578 0
vt 0.835449994 0.326804578 0
vt 0.834529161 0.326804578 0
vt 0.833875358 0.326804578 0
vt 0.832250237 0.326804578 0
vt 0.83188343 0.326804578 0
vt 0.830262899 0.326804578 0
vt 0.829486072 0.326804578 0
vt 0.828406096 0.326804578 0
vt 0.827018976 0.326804578 0
vt 0.826739788 0.326804578 0
vt 0.825104773 0.326804578 0
vt 0.82432431 0.326804578 0
vt 0.822893083 0.326804578 0
vt 0.82162708 0.326804578 0
vt 0.819801748 0.326804578 0
vt 0.819046319 0.326804578 0
vt 0.818475366 0.326804578 0
vt 0.816965759 0.326804578 0
vt 0.816374719 0.326804578 0
vt 0.814729273 0.326804578 0
vt 0.813952208 0.326804578 0
vt 0.813269317 0.326804578 0
vt 0.811765432 0.326804578 0
vt 0.811134696 0.326804578 0
vt 0.809494436 0.326804578 0
vt 0.809076726 0.326804578 0
vt 0.807781637 0.326804578 0
vt 0.80667907 0.326804578 0
vt 0.805999994 0.326804578 0
vt 0.804395437 0.326804578 0
vt 0.803928792 0.326804578 0
vt 0.802512169 0.326804578 0
vt 0.801464498 0.326804578 0
vt 0.799187124 0.326804578 0
vt 0.798711956 0.326804578 0
vt 0.79727906 0.326804578 0
vt 0.796164215 0.326804578 0
vt 0.795995057 0.326804578 0
vt 0.794205785 0.326804578 0
vt 0.793588758 0.326804578 0
vt 0.792022467 0.326804578 0
vt 0.791164875 0.326804578 0
vt 0.790800929 0.326804578 0
vt 0.78898567 0.326804578 0
vt 0.788309991 0.326804578 0
vt 0.786754847 0.326804578 0
vt 0.786252618 0.326804578 0
vt 0.785400033 0.326804578 0
vt 0.783917367 0.326804578 0
vt 0.783335447 0.326804578 0
vt 0.781922996 0.326804578 0
vt 0.781112432 0.326804578 0
vt 0.780110776 0.326804578 0
vt 0.778657794 0.326804578 0
vt 0.778532207 0.326804578 0
vt 0.776603639 0.326804578 0
vt 0.775898993 0.326804578 0
vt 0.774893463 0.326804578 0
vt 0.773461282 0.326804578 0
vt 0.773190796 0.326804578 0
vt 0.771506608 0.326804578 0
vt 0.770722687 0.326804578 0
vt 0.76932925 0.326804578 0
vt 0.76835233 0.326804578 0
vt 0.768027961 0.326804578 0
vt 0.766296268 0.326804578 0
vt 0.765569866 0.326804578 0
vt 0.764698684 0.326804578 0
vt 0.763491094 0.326804578 0
vt 0.76275301 0.326804578 0
vt 0.761181056 0.326804578 0
vt 0.760518909 0.326804578 0
vt 0.759544969 0.326804578 0
vt 0.758256197 0.326804578 0
vt 0.757588267 0.326804578 0
vt 0.755892873 0.326804578 0
vt 0.75557822 0.326804578 0
vt 0.754133463 0.326804578 0
vt 0.753077924 0.326804578 0
vt 0.752455533 0.326804578 0
vt 0.74901849 0.326804578 0
vt 0.747920454 0.326804578 0
vt 0.747826993 0.326804578 0
vt 0.74567014 0.326804578 0
vt 0.745208859 0.326804578 0
vt 0.743561745 0.326804578 0
vt 0.742681742 0.326804578 0
vt 0.742525756 0.326804578 0
vt 0.74064064 0.326804578 0
vt 0.740033031 0.326804578 0
vt 0.738443613 0.326804578 0
vt 0.737699151 0.326804578 0
vt 0.737171352 0.326804578 0
vt 0.735480428 0.326804578 0
vt 0.73483336 0.326804578 0
vt 0.733389914 0.326804578 0
vt 0.732641399 0.326804578 0
vt 0.731844783 0.326804578 0
vt 0.730311573 0.326804578 0
vt 0.729742646 0.326804578 0
vt 0.72837162 0.326804578 0
vt 0.727560103 0.326804578 0
vt 0.726372778 0.326804578 0
vt 0.725027919 0.326804578 0
vt 0.722965717 0.326804578 0
vt 0.722347319 0.326804578 0
vt 0.720944166 0.326804578 0
vt 0.719703376 0.326804578 0
vt 0.717872977 0.326804578 0
vt 0.717173755 0.326804578 0
vt 0.71609503 0.326804578 0
vt 0.714779317 0.326804578 0
vt 0.714409292 0.326804578 0
vt 0.712745309 0.326804578 0
vt 0.712062716 0.326804578 0
vt 0.711121559 0.326804578 0
vt 0.709992051 0.326804578 0
vt 0.709102809 0.326804578 0
vt 0.707610309 0.326804578 0
vt 0.707005918 0.326804578 0
vt 0.705977857 0.326804578 0
vt 0.704067707 0.326804578 0
vt 0.702349424 0.326804578 0
vt 0.702097297 0.326804578 0
vt 0.700449169 0.326804578 0
vt 0.699532509 0.326804578 0
vt 0.699134111 0.326804578 0
vt 0.697319329 0.326804578 0
vt 0.696752548 0.326804578 0
vt 0.695412099 0.326804578 0
vt 0.694205165 0.326804578 0
vt 0.692138672 0.326804578 0
vt 0.691619456 0.326804578 0
vt 0.690035939 0.326804578 0
vt 0.689354897 0.326804578 0
vt 0.688845515 0.326804578 0
vt 0.687145531 0.326804578 0
vt 0.686479151 0.326804578 0
vt 0.684971452 0.326804578 0
vt 0.684107959 0.326804578 0
vt 0.683599949 0.326804578 0
vt 0.681930304 0.326804578 0
vt 0.681365788 0.326804578 0
vt 0.679887652 0.326804578 0
vt 0.679191172 0.326804578 0
vt 0.678058982 0.326804578 0
vt 0.676752925 0.326804578 0
vt 0.676337302 0.326804578 0
vt 0.674798369 0.326804578 0
vt 0.673993111 0.326804578 0
vt 0.672755182 0.326804578 0
vt 0.671407878 0.326804578 0
vt 0.669413865 0.326804578 0
vt 0.668738842 0.326804578 0
vt 0.667351842 0.326804578 0
vt 0.666551888 0.326804578 0
vt 0.666117907 0.326804578 0
vt 0.66437608 0.326804578 0
vt 0.663642645 0.326804578 0
vt 0.661203921 0.326804578 0
vt 0.660773635 0.326804578 0
vt 0.659169793 0.326804578 0
vt 0.658525169 0.326804578 0
vt 0.657620549 0.326804578 0
vt 0.65640974 0.326804578 0
vt 0.655569792 0.326804578 0
vt 0.654001772 0.326804578 0
vt 0.653595209 0.326804578 0
vt 0.652220726 0.326804578 0
vt 0.651173651 0.326804578 0
vt 0.650581777 0.326804578 0
vt 0.648822308 0.326804578 0
vt 0.648470402 0.326804578 0
vt 0.6469028 0.326804578 0
vt 0.645922124 0.326804578 0
vt 0.645722806 0.326804578 0
vt 0.643798411 0.326804578 0
vt 0.643315434 0.326804578 0
vt 0.641676962 0.326804578 0
vt 0.640831172 0.326804578 0
vt 0.640552104 0.326804578 0
vt 0.638602853 0.326804578 0
vt 0.638001204 0.326804578 0
vt 0.636448562 0.326804578 0
vt 0.635821164 0.326804578 0
vt 0.635237575 0.326804578 0
vt 0.633612812 0.326804578 0
vt 0.632977545 0.326804578 0
vt 0.631462872 0.326804578 0
vt 0.630737782 0.326804578 0
vt 0.629875302 0.326804578 0
vt 0.628389835 0.326804578 0
vt 0.626310706 0.326804578 0
vt 0.625546277 0.326804578 0
vt 0.624644756 0.326804578 0
vt 0.623146474 0.326804578 0
vt 0.622760415 0.326804578 0
vt 0.620455682 0.326804578 0
vt 0.618969381 0.326804578 0
vt 0.617986619 0.326804578 0
vt 0.617794156 0.326804578 0
vt 0.615864933 0.326804578 0
vt 0.61511749 0.326804578 0
vt 0.614427507 0.326804578 0
vt 0.612990201 0.326804578 0
vt 0.612513363 0.326804578 0
vt 0.610854328 0.326804578 0
vt 0.61021775 0.326804578 0
vt 0.609016418 0.326804578 0
vt 0.607854009 0.326804578 0
vt 0.607255697 0.326804578 0
vt 0.605607927 0.326804578 0
vt 0.605076551 0.326804578 0
vt 0.603956878 0.326804578 0
vt 0.602810681 0.326804578 0
vt 0.602030575 0.326804578 0
vt 0.600460112 0.326804578 0
vt 0.600024819 0.326804578 0
vt 0.59863013 0.326804578 0
vt 0.597610176 0.326804578 0
vt 0.597163737 0.326804578 0
vt 0.595235765 0.326804578 0
vt 0.594947815 0.326804578 0
vt 0.593212903 0.326804578 0
vt 0.592310667 0.326804578 0
vt 0.592215836 0.326804578 0
vt 0.590207696 0.326804578 0
vt 0.589700341 0.326804578 0
vt 0.588094056 0.326804578 0
vt 0.587254763 0.326804578 0
vt 0.586933613 0.326804578 0
vt 0.585102975 0.326804578 0
vt 0.584471405 0.326804578 0
vt 0.582868636 0.326804578 0
vt 0.582241774 0.326804578 0
vt 0.581620097 0.326804578 0
vt 0.579956412 0.326804578 0
vt 0.57928133 0.326804578 0
vt 0.577938616 0.326804578 0
vt 0.577127397 0.326804578 0
vt 0.576295316 0.326804578 0
vt 0.574754357 0.326804578 0
vt 0.57261169 0.326804578 0
vt 0.572112441 0.326804578 0
vt 0.570626676 0.326804578 0
vt 0.569569767 0.326804578 0
vt 0.56921953 0.326804578 0
vt 0.567651629 0.326804578 0
vt 0.566837966 0.326804578 0
vt 0.56540668 0.326804578 0
vt 0.564180911 0.326804578 0
vt 0.561613441 0.326804578 0
vt 0.560761452 0.326804578 0
vt 0.559466302 0.326804578 0
vt 0.558914304 0.326804578 0
vt 0.557261109 0.326804578 0
vt 0.556574821 0.326804578 0
vt 0.555586219 0.326804578 0
vt 0.554383874 0.326804578 0
vt 0.553685248 0.326804578 0
vt 0.55201894 0.326804578 0
vt 0.551764071 0.326804578 0
vt 0.550130367 0.326804578 0
vt 0.549246728 0.326804578 0
vt 0.548495531 0.326804578 0
vt 0.546923876 0.326804578 0
vt 0.54637605 0.326804578 0
vt 0.545176923 0.326804578 0
vt 0.543977082 0.326804578 0
vt 0.543680549 0.326804578 0
vt 0.541712999 0.326804578 0
vt 0.541311204 0.326804578 0
vt 0.539699078 0.326804578 0
vt 0.538811326 0.326804578 0
vt 0.536814928 0.326804578 0
vt 0.536167622 0.326804578 0
vt 0.534578621 0.326804578 0
vt 0.533284366 0.326804578 0
vt 0.531589687 0.326804578 0
vt 0.530930161 0.326804578 0
vt 0.52935183 0.326804578 0
vt 0.528939426 0.326804578 0
vt 0.526467443 0.326804578 0
vt 0.525938153 0.326804578 0
vt 0.524386346 0.326804578 0
vt 0.523579776 0.326804578 0
vt 0.522721469 0.326804578 0
vt 0.521039903 0.326804578 0
vt 0.519105971 0.326804578 0
vt 0.518526673 0.326804578 0
vt 0.516966164 0.326804578 0
vt 0.515975296 0.326804578 0
vt 0.515835226 0.326804578 0
vt 0.513970852 0.326804578 0
vt 0.513302803 0.326804578 0
vt 0.5118559 0.326804578 0
vt 0.510843873 0.326804578 0
vt 0.51055938 0.326804578 0
vt 0.508782089 0.326804578 0
vt 0.508035123 0.326804578 0
vt 0.507308066 0.326804578 0
vt 0.505958021 0.326804578 0
vt 0.505297303 0.326804578 0
vt 0.503696382 0.326804578 0
vt 0.503089726 0.326804578 0
vt 0.501961291 0.326804578 0
vt 0.500844955 0.326804578 0
vt 0.500096321 0.326804578 0
vt 0.498406917 0.326804578 0
vt 0.498212188 0.326804578 0
vt 0.496516943 0.326804578 0
vt 0.495678127 0.326804578 0
vt 0.494912207 0.326804578 0
vt 0.493319064 0.326804578 0
vt 0.49301976 0.326804578 0
vt 0.491274595 0.326804578 0
vt 0.490454733 0.326804578 0
vt 0.490368605 0.326804578 0
vt 0.488102615 0.326804578 0
vt 0.486133188 0.326804578 0
vt 0.485260159 0.326804578 0
vt 0.485033244 0.326804578 0
vt 0.482599646 0.326804578 0
vt 0.48098585 0.326804578 0
vt 0.480300307 0.326804578 0
vt 0.479658335 0.326804578 0
vt 0.478025466 0.326804578 0
vt 0.477378935 0.326804578 0
vt 0.475852787 0.326804578 0
vt 0.475245237 0.326804578 0
vt 0.474202156 0.326804578 0
vt 0.472847492 0.326804578 0
vt 0.472310156 0.326804578 0
vt 0.470820934 0.326804578 0
vt 0.470060676 0.326804578 0
vt 0.46895346 0.326804578 0
vt 0.467573941 0.326804578 0
vt 0.467522413 0.326804578 0
vt 0.465476662 0.326804578 0
vt 0.464897782 0.326804578 0
vt 0.463400126 0.326804578 0
vt 0.46245411 0.326804578 0
vt 0.462253213 0.326804578 0
vt 0.460491806 0.326804578 0
vt 0.459858686 0.326804578 0
vt 0.458424419 0.326804578 0
vt 0.457530618 0.326804578 0
vt 0.456949323 0.326804578 0
vt 0.455257714 0.326804578 0
vt 0.45453763 0.326804578 0
vt 0.45361793 0.326804578 0
vt 0.452399969 0.326804578 0
vt 0.451688528 0.326804578 0
vt 0.450101554 0.326804578 0
vt 0.449609786 0.326804578 0
vt 0.448284954 0.326804578 0
vt 0.446466267 0.326804578 0
vt 0.444828689 0.326804578 0
vt 0.444615781 0.326804578 0
vt 0.442919374 0.326804578 0
vt 0.442058295 0.326804578 0
vt 0.441448927 0.326804578 0
vt 0.439764023 0.326804578 0
vt 0.439436972 0.326804578 0
vt 0.437707543 0.326804578 0
vt 0.436942875 0.326804578 0
vt 0.436329573 0.326804578 0
vt 0.434540123 0.326804578 0
vt 0.434100419 0.326804578 0
vt 0.432505608 0.326804578 0
vt 0.431654453 0.326804578 0
vt 0.431423932 0.326804578 0
vt 0.42966336 0.326804578 0
vt 0.428988665 0.326804578 0
vt 0.427386165 0.326804578 0
vt 0.426794887 0.326804578 0
vt 0.425909519 0.326804578 0
vt 0.424495041 0.326804578 0
vt 0.423961341 0.326804578 0
vt 0.422239214 0.326804578 0
vt 0.421827286 0.326804578 0
vt 0.42031154 0.326804578 0
vt 0.419277012 0.326804578 0
vt 0.41898337 0.326804578 0
vt 0.417184502 0.326804578 0
vt 0.41652292 0.326804578 0
vt 0.4152053 0.326804578 0
vt 0.413946182 0.326804578 0
vt 0.411938071 0.326804578 0
vt 0.411333203 0.326804578 0
vt 0.409818113 0.326804578 0
vt 0.408643633 0.326804578 0
vt 0.406835347 0.326804578 0
vt 0.406142294 0.326804578 0
vt 0.404941678 0.326804578 0
vt 0.403918386 0.326804578 0
vt 0.403350532 0.326804578 0
vt 0.401741266 0.326804578 0
vt 0.401444286 0.326804578 0
vt 0.399691015 0.326804578 0
vt 0.398895025 0.326804578 0
vt 0.398060203 0.326804578 0
vt 0.396517009 0.326804578 0
vt 0.395978481 0.326804578 0
vt 0.39479661 0.326804578 0
vt 0.393713266 0.326804578 0
vt 0.392925292 0.326804578 0
vt 0.391280681 0.326804578 0
vt 0.391127408 0.326804578 0
vt 0.389246643 0.326804578 0
vt 0.388457119 0.326804578 0
vt 0.388162583 0.326804578 0
vt 0.386325866 0.326804578 0
vt 0.385859609 0.326804578 0
vt 0.384198189 0.326804578 0
vt 0.383467525 0.326804578 0
vt 0.38263604 0.326804578 0
vt 0.381177306 0.326804578 0
vt 0.380586416 0.326804578 0
vt 0.378953099 0.326804578 0
vt 0.378295809 0.326804578 0
vt 0.377773106 0.326804578 0
vt 0.376133054 0.326804578 0
vt 0.375472367 0.326804578 0
vt 0.373891234 0.326804578 0
vt 0.373243779 0.326804578 0
vt 0.372334421 0.326804578 0
vt 0.370915532 0.326804578 0
vt 0.37044695 0.326804578 0
vt 0.368751258 0.326804578 0
vt 0.368179709 0.326804578 0
vt 0.366817772 0.326804578 0
vt 0.365664393 0.326804578 0
vt 0.365410149 0.326804578 0
vt 0.363620013 0.326804578 0
vt 0.363017082 0.326804578 0
vt 0.361458451 0.326804578 0
vt 0.360421866 0.326804578 0
vt 0.360326797 0.326804578 0
vt 0.357719839 0.326804578 0
vt 0.356228292 0.326804578 0
vt 0.355582565 0.326804578 0
vt 0.355022013 0.326804578 0
vt 0.353334904 0.326804578 0
vt 0.352651656 0.326804578 0
vt 0.351463735 0.326804578 0
vt 0.350409448 0.326804578 0
vt 0.349744946 0.326804578 0
vt 0.347882003 0.326804578 0
vt 0.346141905 0.326804578 0
vt 0.345419645 0.326804578 0
vt 0.344156444 0.326804578 0
vt 0.342953861 0.326804578 0
vt 0.342535108 0.326804578 0
vt 0.341101378 0.326804578 0
vt 0.340144604 0.326804578 0
vt 0.339250624 0.326804578 0
vt 0.337706804 0.326804578 0
vt 0.33750543 0.326804578 0
vt 0.335676283 0.326804578 0
vt 0.33484441 0.326804578 0
vt 0.334770203 0.326804578 0
vt 0.33281365 0.326804578 0
vt 0.332269758 0.326804578 0
vt 0.330627382 0.326804578 0
vt 0.32988435 0.326804578 0
vt 0.32915777 0.326804578 0
vt 0.327651262 0.326804578 0
vt 0.327019751 0.326804578 0
vt 0.324915737 0.326804578 0
vt 0.323788881 0.326804578 0
vt 0.322552651 0.326804578 0
vt 0.321897537 0.326804578 0
vt 0.320370615 0.326804578 0
vt 0.319627881 0.326804578 0
vt 0.318827987 0.326804578 0
vt 0.317325503 0.326804578 0
vt 0.317062855 0.326804578 0
vt 0.315140814 0.326804578 0
vt 0.314645082 0.326804578 0
vt 0.313096046 0.326804578 0
vt 0.312028944 0.326804578 0
vt 0.310107857 0.326804578 0
vt 0.309517175 0.326804578 0
vt 0.307938784 0.326804578 0
vt 0.306692749 0.326804578 0
vt 0.304908901 0.326804578 0
vt 0.304210365 0.326804578 0
vt 0.302864909 0.326804578 0
vt 0.302059799 0.326804578 0
vt 0.301393986 0.326804578 0
vt 0.299768955 0.326804578 0
vt 0.2990776 0.326804578 0
vt 0.297981024 0.326804578 0
vt 0.296822518 0.326804578 0
vt 0.296172857 0.326804578 0
vt 0.294550568 0.326804578 0
vt 0.294315487 0.326804578 0
vt 0.292562783 0.326804578 0
vt 0.291831702 0.326804578 0
vt 0.290513217 0.326804578 0
vt 0.289383084 0.326804578 0
vt 0.289043397 0.326804578 0
vt 0.287420869 0.326804578 0
vt 0.286545694 0.326804578 0
vt 0.285231739 0.326804578 0
vt 0.28389287 0.326804578 0
vt 0.281225652 0.326804578 0
vt 0.281167865 0.326804578 0
vt 0.279255539 0.326804578 0
vt 0.278667063 0.326804578 0
vt 0.277061731 0.326804578 0
vt 0.276433975 0.326804578 0
vt 0.275454223 0.326804578 0
vt 0.274146587 0.326804578 0
vt 0.273491591 0.326804578 0
vt 0.271790266 0.326804578 0
vt 0.271376014 0.326804578 0
vt 0.270169765 0.326804578 0
vt 0.269005388 0.326804578 0
vt 0.268474191 0.326804578 0
vt 0.266757458 0.326804578 0
vt 0.266236901 0.326804578 0
vt 0.26485303 0.326804578 0
vt 0.263722956 0.326804578 0
vt 0.261541396 0.326804578 0
vt 0.260975569 0.326804578 0
vt 0.259650707 0.326804578 0
vt 0.258405924 0.326804578 0
vt 0.256555706 0.326804578 0
vt 0.255930901 0.326804578 0
vt 0.254367709 0.326804578 0
vt 0.253483891 0.326804578 0
vt 0.253089279 0.326804578 0
vt 0.251327574 0.326804578 0
vt 0.250629842 0.326804578 0
vt 0.249375075 0.326804578 0
vt 0.248638034 0.326804578 0
vt 0.247592315 0.326804578 0
vt 0.246220663 0.326804578 0
vt 0.245637298 0.326804578 0
vt 0.244366869 0.326804578 0
vt 0.243338302 0.326804578 0
vt 0.242573291 0.326804578 0
vt 0.240934044 0.326804578 0
vt 0.240780488 0.326804578 0
vt 0.238967955 0.326804578 0
vt 0.238218099 0.326804578 0
vt 0.237094298 0.326804578 0
vt 0.235815331 0.326804578 0
vt 0.235516876 0.326804578 0
vt 0.233855501 0.326804578 0
vt 0.233087182 0.326804578 0
vt 0.232096046 0.326804578 0
vt 0.230777547 0.326804578 0
vt 0.23031728 0.326804578 0
vt 0.228574887 0.326804578 0
vt 0.227650896 0.326804578 0
vt 0.227599055 0.326804578 0
vt 0.225732386 0.326804578 0
vt 0.225099593 0.326804578 0
vt 0.223477617 0.326804578 0
vt 0.222870439 0.326804578 0
vt 0.221920595 0.326804578 0
vt 0.22060366 0.326804578 0
vt 0.219963655 0.326804578 0
vt 0.218301177 0.326804578 0
vt 0.217796996 0.326804578 0
vt 0.216610417 0.326804578 0
vt 0.215376258 0.326804578 0
vt 0.214850888 0.326804578 0
vt 0.213226363 0.326804578 0
vt 0.21272257 0.326804578 0
vt 0.211179703 0.326804578 0
vt 0.21028991 0.326804578 0
vt 0.210061744 0.326804578 0
vt 0.207994312 0.326804578 0
vt 0.207430601 0.326804578 0
vt 0.205928817 0.326804578 0
vt 0.204925865 0.326804578 0
vt 0.20478487 0.326804578 0
vt 0.203005239 0.326804578 0
vt 0.202379197 0.326804578 0
vt 0.200890362 0.326804578 0
vt 0.200087726 0.326804578 0
vt 0.19945927 0.326804578 0
vt 0.197842851 0.326804578 0
vt 0.195850328 0.326804578 0
vt 0.195073143 0.326804578 0
vt 0.193999276 0.326804578 0
vt 0.192645937 0.326804578 0
vt 0.192142099 0.326804578 0
vt 0.190783769 0.326804578 0
vt 0.189826339 0.326804578 0
vt 0.188961208 0.326804578 0
vt 0.18730025 0.326804578 0
vt 0.187262073 0.326804578 0
vt 0.185342774 0.326804578 0
vt 0.184614107 0.326804578 0
vt 0.183727399 0.326804578 0
vt 0.182258785 0.326804578 0
vt 0.18189539 0.326804578 0
vt 0.180288091 0.326804578 0
vt 0.179443359 0.326804578 0
vt 0.178911179 0.326804578 0
vt 0.177246407 0.326804578 0
vt 0.176717982 0.326804578 0
vt 0.175086051 0.326804578 0
vt 0.173483327 0.326804578 0
vt 0.172251567 0.326804578 0
vt 0.171528623 0.326804578 0
vt 0.169908866 0.326804578 0
vt 0.169286668 0.326804578 0
vt 0.168444589 0.326804578 0
vt 0.166476935 0.326804578 0
vt 0.164754733 0.326804578 0
vt 0.164384514 0.326804578 0
vt 0.162788287 0.326804578 0
vt 0.16180703 0.326804578 0
vt 0.161569953 0.326804578 0
vt 0.159643263 0.326804578 0
vt 0.159112304 0.326804578 0
vt 0.157607272 0.326804578 0
vt 0.156727761 0.326804578 0
vt 0.156438932 0.326804578 0
vt 0.154520944 0.326804578 0
vt 0.153911173 0.326804578 0
vt 0.152347296 0.326804578 0
vt 0.151176274 0.326804578 0
vt 0.149417669 0.326804578 0
vt 0.148755655 0.326804578 0
vt 0.147394493 0.326804578 0
vt 0.146400049 0.326804578 0
vt 0.145886913 0.326804578 0
vt 0.144243971 0.326804578 0
vt 0.143749401 0.326804578 0
vt 0.142248616 0.326804578 0
vt 0.141564369 0.326804578 0
vt 0.140205622 0.326804578 0
vt 0.139044911 0.326804578 0
vt 0.138713092 0.326804578 0
vt 0.137113914 0.326804578 0
vt 0.136246949 0.326804578 0
vt 0.135440916 0.326804578 0
vt 0.133789584 0.326804578 0
vt 0.1336665 0.326804578 0
vt 0.131769076 0.326804578 0
vt 0.13103424 0.326804578 0
vt 0.130121797 0.326804578 0
vt 0.128785908 0.326804578 0
vt 0.128389195 0.326804578 0
vt 0.126663908 0.326804578 0
vt 0.125858799 0.326804578 0
vt 0.125469431 0.326804578 0
vt 0.123707861 0.326804578 0
vt 0.123125799 0.326804578 0
vt 0.121510059 0.326804578 0
vt 0.121102169 0.326804578 0
vt 0.119717956 0.326804578 0
vt 0.11874105 0.326804578 0
vt 0.11791154 0.326804578 0
vt 0.116382889 0.326804578 0
vt 0.115843736 0.326804578 0
vt 0.114664339 0.326804578 0
vt 0.11344099 0.326804578 0
vt 0.112955511 0.326804578 0
vt 0.111207582 0.326804578 0
vt 0.110726967 0.326804578 0
vt 0.10929548 0.326804578 0
vt 0.108195163 0.326804578 0
vt 0.107946314 0.326804578 0
vt 0.105608113 0.326804578 0
vt 0.10402669 0.326804578 0
vt 0.103232063 0.326804578 0
vt 0.102796428 0.326804578 0
vt 0.100963943 0.326804578 0
vt 0.10028819 0.326804578 0
vt 0.0987576619 0.326804578 0
vt 0.097516343 0.326804578 0
vt 0.0959262103 0.326804578 0
vt 0.0953579098 0.326804578 0
vt 0.0938693509 0.326804578 0
vt 0.0929675549 0.326804578 0
vt 0.0922795236 0.326804578 0
vt 0.0906755179 0.326804578 0
vt 0.0901094005 0.326804578 0
vt 0.0888600796 0.326804578 0
vt 0.0879159942 0.326804578 0
vt 0.0868240595 0.326804578 0
vt 0.0854215026 0.326804578 0
vt 0.085256882 0.326804578 0
vt 0.0834997967 0.326804578 0
vt 0.082799606 0.326804578 0
vt 0.0813527107 0.326804578 0
vt 0.0800485164 0.326804578 0
vt 0.0781983435 0.326804578 0
vt 0.0773830935 0.326804578 0
vt 0.0773480088 0.326804578 0
vt 0.0753800645 0.326804578 0
vt 0.0748137534 0.326804578 0
vt 0.073172532 0.326804578 0
vt 0.072443299 0.326804578 0
vt 0.0716202259 0.326804578 0
vt 0.0701897144 0.326804578 0
vt 0.0695508644 0.326804578 0
vt 0.067927964 0.326804578 0
vt 0.0674879625 0.326804578 0
vt 0.0662779137 0.326804578 0
vt 0.0651370287 0.326804578 0
vt 0.0644822195 0.326804578 0
vt 0.0628539026 0.326804578 0
vt 0.0623638369 0.326804578 0
vt 0.0609758385 0.326804578 0
vt 0.0599452443 0.326804578 0
vt 0.0598779395 0.326804578 0
vt 0.0576008148 0.326804578 0
vt 0.0572125539 0.326804578 0
vt 0.0556019656 0.326804578 0
vt 0.0546039417 0.326804578 0
vt 0.0543783642 0.326804578 0
vt 0.052651912 0.326804578 0
vt 0.0504474752 0.326804578 0
vt 0.0497910008 0.326804578 0
vt 0.0491563343 0.326804578 0
vt 0.0474868864 0.326804578 0
vt 0.0468028411 0.326804578 0
vt 0.0453657061 0.326804578 0
vt 0.044615794 0.326804578 0
vt 0.0423313081 0.326804578 0
vt 0.0417563915 0.326804578 0
vt 0.0403844714 0.326804578 0
vt 0.0394823626 0.326804578 0
vt 0.0386588313 0.326804578 0
vt 0.0370828658 0.326804578 0
vt 0.0368639529 0.326804578 0
vt 0.0350754261 0.326804578 0
vt 0.0343563706 0.326804578 0
vt 0.0331455097 0.326804578 0
vt 0.031909436 0.326804578 0
vt 0.0316061787 0.326804578 0
vt 0.0299909078 0.326804578 0
vt 0.0292033125 0.326804578 0
vt 0.0279424172 0.326804578 0
vt 0.0269182865 0.326804578 0
vt 0.0264678337 0.326804578 0
vt 0.0247473456 0.326804578 0
vt 0.0239562262 0.326804578 0
vt 0.0233983099 0.326804578 0
vt 0.0218867473 0.326804578 0
vt 0.0212214831 0.326804578 0
vt 0.0196059011 0.326804578 0
vt 0.0189076848 0.326804578 0
vt 0.0180946868 0.326804578 0
vt 0.0166714918 0.326804578 0
vt 0.0160094053 0.326804578 0
vt 0.0143110687 0.326804578 0
vt 0.0140265925 0.326804578 0
vt 0.0125610717 0.326804578 0
vt 0.0115392264 0.326804578 0
vt 0.0110005578 0.326804578 0
vt 0.00931023713 0.326804578 0
vt 0.00873361714 0.326804578 0
vt 0.00747620594 0.326804578 0
vt 0.00625473214 0.326804578 0
vt 0.00443220325 0.326804578 0
vt 0.00357331452 0.326804578 0
vt 0.00324941589 0.326804578 0
vt 0.001953125 0.326804578 0
vt 0.00208235136 0.326804578 0
vt 0.00237987796 0.326804578 0
vt 0.00267875986 0.326804578 0
vt 0.00300463336 0.326804578 0
vt 0.00367431017 0.326804578 0
vt 0.147446543 0.326804578 0
vt 0.147773936 0.326804578 0
vt 0.148107216 0.326804578 0
vt 0.148425862 0.326804578 0
vt 0.14872539 0.326804578 0
vt 0.14908874 0.326804578 0
vt 0.149641246 0.326804578 0
vt 0.14998588 0.326804578 0
vt 0.151463076 0.326804578 0
vt 0.152446657 0.326804578 0
vt 0.153435096 0.326804578 0
vt 0.154425293 0.326804578 0
vt 0.157406107 0.326804578 0
vt 0.982339978 0.326804578 0
vt 0.984326065 0.326804578 0
vt 0.985324264 0.326804578 0
vt 0.986315548 0.326804578 0
vt 0.987309277 0.326804578 0
vt 0.988301098 0.326804578 0
vt 0.990290999 0.326804578 0
vt 0.992277682 0.326804578 0
vt 0.993267715 0.326804578 0
vt 0.994281292 0.326804578 0
vt 0.995300055 0.326804578 0
vt 0.996310294 0.326804578 0
vt 0.997284412 0.326804578 0
vt 0.998007774 0.326804578 0
vt 0.998026431 0.326804578 0
vt 0.99743259 0.326804578 0
vt 0.997251809 0.001953125 0
vt 0.99743259 0.001953125 0
vt 0.998026431 0.001953125 0
vt 0.998007774 0.001953125 0
vt 0.997284412 0.001953125 0
vt 0.996310294 0.001953125 0
vt 0.995300055 0.001953125 0
vt 0.994281292 0.001953125 0
vt 0.993267715 0.001953125 0
vt 0.992277682 0.001953125 0
vt 0.990290999 0.001953125 0
vt 0.988301098 0.001953125 0
vt 0.987309277 0.001953125 0
vt 0.986315548 0.001953125 0
vt 0.985324264 0.001953125 0
vt 0.984326065 0.001953125 0
vt 0.982339978 0.001953125 0
vt 0.157406107 0.001953125 0
vt 0.154425293 0.001953125 0
vt 0.153435096 0.001953125 0
vt 0.152446657 0.001953125 0
vt 0.151463076 0.001953125 0
vt 0.14998588 0.001953125 0
vt 0.149641246 0.001953125 0
vt 0.14908874 0.001953125 0
vt 0.14872539 0.001953125 0
vt 0.148425862 0.001953125 0
vt 0.148107216 0.001953125 0
vt 0.147773936 0.001953125 0
vt 0.147446543 0.001953125 0
vt 0.00367431017 0.001953125 0
vt 0.00300463336 0.001953125 0
vt 0.00267875986 0.001953125 0
vt 0.00237987796 0.001953125 0
vt 0.00208235136 0.001953125 0
vt 0.001953125 0.001953125 0
vt 0.00324941589 0.001953125 0
vt 0.00357331452 0.001953125 0
vt 0.00443220325 0.001953125 0
vt 0.00625473214 0.001953125 0
vt 0.00747620594 0.001953125 0
vt 0.00873361714 0.001953125 0
vt 0.00931023713 0.001953125 0
vt 0.0110005578 0.001953125 0
vt 0.0115392264 0.001953125 0
vt 0.0125610717 0.001953125 0
vt 0.0140265925 0.001953125 0
vt 0.0143110687 0.001953125 0
vt 0.0160094053 0.001953125 0
vt 0.0166714918 0.001953125 0
vt 0.0180946868 0.001953125 0
vt 0.0189076848 0.001953125 0
vt 0.0196059011 0.001953125 0
vt 0.0212214831 0.001953125 0
vt 0.0218867473 0.001953125 0
vt 0.0233983099 0.001953125 0
vt 0.0239562262 0.001953125 0
vt 0.0247473456 0.001953125 0
vt 0.0264678337 0.001953125 0
vt 0.0269182865 0.001953125 0
vt 0.0279424172 0.001953125 0
vt 0.0292033125 0.001953125 0
vt 0.0299909078 0.001953125 0
vt 0.0316061787 0.001953125 0
vt 0.031909436 0.001953125 0
vt 0.0331455097 0.001953125 0
vt 0.0343563706 0.001953125 0
vt 0.0350754261 0.001953125 0
vt 0.0368639529 0.001953125 0
vt 0.0370828658 0.001953125 0
vt 0.0386588313 0.001953125 0
vt 0.0394823626 0.001953125 0
vt 0.0403844714 0.001953125 0
vt 0.0417563915 0.001953125 0
vt 0.0423313081 0.001953125 0
vt 0.044615794 0.001953125 0
vt 0.0453657061 0.001953125 0
vt 0.0468028411 0.001953125 0
vt 0.0474868864 0.001953125 0
vt 0.0491563343 0.001953125 0
vt 0.0497910008 0.001953125 0
vt 0.0504474752 0.001953125 0
vt 0.052651912 0.001953125 0
vt 0.0543783642 0.001953125 0
vt 0.0546039417 0.001953125 0
vt 0.0556019656 0.001953125 0
vt 0.0572125539 0.001953125 0
vt 0.0576008148 0.001953125 0
vt 0.0598779395 0.001953125 0
vt 0.0599452443 0.001953125 0
vt 0.0609758385 0.001953125 0
vt 0.0623638369 0.001953125 0
vt 0.0628539026 0.001953125 0
vt 0.0644822195 0.001953125 0
vt 0.0651370287 0.001953125 0
vt 0.0662779137 0.001953125 0
vt 0.0674879625 0.001953125 0
vt 0.067927964 0.001953125 0
vt 0.0695508644 0.001953125 0
vt 0.0701897144 0.001953125 0
vt 0.0716202259 0.001953125 0
vt 0.072443299 0.001953125 0
vt 0.073172532 0.001953125 0
vt 0.0748137534 0.001953125 0
vt 0.0753800645 0.001953125 0
vt 0.0773480088 0.001953125 0
vt 0.0773830935 0.001953125 0
vt 0.0781983435 0.001953125 0
vt 0.0800485164 0.001953125 0
vt 0.0813527107 0.001953125 0
vt 0.082799606 0.001953125 0
vt 0.0834997967 0.001953125 0
vt 0.085256882 0.001953125 0
vt 0.0854215026 0.001953125 0
vt 0.0868240595 0.001953125 0
vt 0.0879159942 0.001953125 0
vt 0.0888600796 0.001953125 0
vt 0.0901094005 0.001953125 0
vt 0.0906755179 0.001953125 0
vt 0.0922795236 0.001953125 0
vt 0.0929675549 0.001953125 0
vt 0.0938693509 0.001953125 0
vt 0.0953579098 0.001953125 0
vt 0.0959262103 0.001953125 0
vt 0.097516343 0.001953125 0
vt 0.0987576619 0.001953125 0
vt 0.10028819 0.001953125 0
vt 0.100963943 0.001953125 0
vt 0.102796428 0.001953125 0
vt 0.103232063 0.001953125 0
vt 0.10402669 0.001953125 0
vt 0.105608113 0.001953125 0
vt 0.107946314 0.001953125 0
vt 0.108195163 0.001953125 0
vt 0.10929548 0.001953125 0
vt 0.110726967 0.001953125 0
vt 0.111207582 0.001953125 0
vt 0.112955511 0.001953125 0
vt 0.11344099 0.001953125 0
vt 0.114664339 0.001953125 0
vt 0.115843736 0.001953125 0
vt 0.116382889 0.001953125 0
vt 0.11791154 0.001953125 0
vt 0.11874105 0.001953125 0
vt 0.119717956 0.001953125 0
vt 0.121102169 0.001953125 0
vt 0.121510059 0.001953125 0
vt 0.123125799 0.001953125 0
vt 0.123707861 0.001953125 0
vt 0.125469431 0.001953125 0
vt 0.125858799 0.001953125 0
vt 0.126663908 0.001953125 0
vt 0.128389195 0.001953125 0
vt 0.128785908 0.001953125 0
vt 0.130121797 0.001953125 0
vt 0.13103424 0.001953125 0
vt 0.131769076 0.001953125 0
vt 0.1336665 0.001953125 0
vt 0.133789584 0.001953125 0
vt 0.135440916 0.001953125 0
vt 0.136246949 0.001953125 0
vt 0.137113914 0.001953125 0
vt 0.138713092 0.001953125 0
vt 0.139044911 0.001953125 0
vt 0.140205622 0.001953125 0
vt 0.141564369 0.001953125 0
vt 0.142248616 0.001953125 0
vt 0.143749401 0.001953125 0
vt 0.144243971 0.001953125 0
vt 0.145886913 0.001953125 0
vt 0.146400049 0.001953125 0
vt 0.147394493 0.001953125 0
vt 0.148755655 0.001953125 0
vt 0.149417669 0.001953125 0
vt 0.151176274 0.001953125 0
vt 0.152347296 0.001953125 0
vt 0.153911173 0.001953125 0
vt 0.154520944 0.001953125 0
vt 0.156438932 0.001953125 0
vt 0.156727761 0.001953125 0
vt 0.157607272 0.001953125 0
vt 0.159112304 0.001953125 0
vt 0.159643263 0.001953125 0
vt 0.161569953 0.001953125 0
vt 0.16180703 0.001953125 0
vt 0.162788287 0.001953125 0
vt 0.164384514 0.001953125 0
vt 0.164754733 0.001953125 0
vt 0.166476935 0.001953125 0
vt 0.168444589 0.001953125 0
vt 0.169286668 0.001953125 0
vt 0.169908866 0.001953125 0
vt 0.171528623 0.001953125 0
vt 0.172251567 0.001953125 0
vt 0.173483327 0.001953125 0
vt 0.175086051 0.001953125 0
vt 0.176717982 0.001953125 0
vt 0.177246407 0.001953125 0
vt 0.178911179 0.001953125 0
vt 0.179443359 0.001953125 0
vt 0.180288091 0.001953125 0
vt 0.18189539 0.001953125 0
vt 0.182258785 0.001953125 0
vt 0.183727399 0.001953125 0
vt 0.184614107 0.001953125 0
vt 0.185342774 0.001953125 0
vt 0.187262073 0.001953125 0
vt 0.18730025 0.001953125 0
vt 0.188961208 0.001953125 0
vt 0.189826339 0.001953125 0
vt 0.190783769 0.001953125 0
vt 0.192142099 0.001953125 0
vt 0.192645937 0.001953125 0
vt 0.193999276 0.001953125 0
vt 0.195073143 0.001953125 0
vt 0.195850328 0.001953125 0
vt 0.197842851 0.001953125 0
vt 0.19945927 0.001953125 0
vt 0.200087726 0.001953125 0
vt 0.200890362 0.001953125 0
vt 0.202379197 0.001953125 0
vt 0.203005239 0.001953125 0
vt 0.20478487 0.001953125 0
vt 0.204925865 0.001953125 0
vt 0.205928817 0.001953125 0
vt 0.207430601 0.001953125 0
vt 0.207994312 0.001953125 0
vt 0.210061744 0.001953125 0
vt 0.21028991 0.001953125 0
vt 0.211179703 0.001953125 0
vt 0.21272257 0.001953125 0
vt 0.213226363 0.001953125 0
vt 0.214850888 0.001953125 0
vt 0.215376258 0.001953125 0
vt 0.216610417 0.001953125 0
vt 0.217796996 0.001953125 0
vt 0.218301177 0.001953125 0
vt 0.219963655 0.001953125 0
vt 0.22060366 0.001953125 0
vt 0.221920595 0.001953125 0
vt 0.222870439 0.001953125 0
vt 0.223477617 0.001953125 0
vt 0.225099593 0.001953125 0
vt 0.225732386 0.001953125 0
vt 0.227599055 0.001953125 0
vt 0.227650896 0.001953125 0
vt 0.228574887 0.001953125 0
vt 0.23031728 0.001953125 0
vt 0.230777547 0.001953125 0
vt 0.232096046 0.001953125 0
vt 0.233087182 0.001953125 0
vt 0.233855501 0.001953125 0
vt 0.235516876 0.001953125 0
vt 0.235815331 0.001953125 0
vt 0.237094298 0.001953125 0
vt 0.238218099 0.001953125 0
vt 0.238967955 0.001953125 0
vt 0.240780488 0.001953125 0
vt 0.240934044 0.001953125 0
vt 0.242573291 0.001953125 0
vt 0.243338302 0.001953125 0
vt 0.244366869 0.001953125 0
vt 0.245637298 0.001953125 0
vt 0.246220663 0.001953125 0
vt 0.247592315 0.001953125 0
vt 0.248638034 0.001953125 0
vt 0.249375075 0.001953125 0
vt 0.250629842 0.001953125 0
vt 0.251327574 0.001953125 0
vt 0.253089279 0.001953125 0
vt 0.253483891 0.001953125 0
vt 0.254367709 0.001953125 0
vt 0.255930901 0.001953125 0
vt 0.256555706 0.001953125 0
vt 0.258405924 0.001953125 0
vt 0.259650707 0.001953125 0
vt 0.260975569 0.001953125 0
vt 0.261541396 0.001953125 0
vt 0.263722956 0.001953125 0
vt 0.26485303 0.001953125 0
vt 0.266236901 0.001953125 0
vt 0.266757458 0.001953125 0
vt 0.268474191 0.001953125 0
vt 0.269005388 0.001953125 0
vt 0.270169765 0.001953125 0
vt 0.271376014 0.001953125 0
vt 0.271790266 0.001953125 0
vt 0.273491591 0.001953125 0
vt 0.274146587 0.001953125 0
vt 0.275454223 0.001953125 0
vt 0.276433975 0.001953125 0
vt 0.277061731 0.001953125 0
vt 0.278667063 0.001953125 0
vt 0.279255539 0.001953125 0
vt 0.281167865 0.001953125 0
vt 0.281225652 0.001953125 0
vt 0.28389287 0.001953125 0
vt 0.285231739 0.001953125 0
vt 0.286545694 0.001953125 0
vt 0.287420869 0.001953125 0
vt 0.289043397 0.001953125 0
vt 0.289383084 0.001953125 0
vt 0.290513217 0.001953125 0
vt 0.291831702 0.001953125 0
vt 0.292562783 0.001953125 0
vt 0.294315487 0.001953125 0
vt 0.294550568 0.001953125 0
vt 0.296172857 0.001953125 0
vt 0.296822518 0.001953125 0
vt 0.297981024 0.001953125 0
vt 0.2990776 0.001953125 0
vt 0.299768955 0.001953125 0
vt 0.301393986 0.001953125 0
vt 0.302059799 0.001953125 0
vt 0.302864909 0.001953125 0
vt 0.304210365 0.001953125 0
vt 0.304908901 0.001953125 0
vt 0.306692749 0.001953125 0
vt 0.307938784 0.001953125 0
vt 0.309517175 0.001953125 0
vt 0.310107857 0.001953125 0
vt 0.312028944 0.001953125 0
vt 0.313096046 0.001953125 0
vt 0.314645082 0.001953125 0
vt 0.315140814 0.001953125 0
vt 0.317062855 0.001953125 0
vt 0.317325503 0.001953125 0
vt 0.318827987 0.001953125 0
vt 0.319627881 0.001953125 0
vt 0.320370615 0.001953125 0
vt 0.321897537 0.001953125 0
vt 0.322552651 0.001953125 0
vt 0.323788881 0.001953125 0
vt 0.324915737 0.001953125 0
vt 0.327019751 0.001953125 0
vt 0.327651262 0.001953125 0
vt 0.32915777 0.001953125 0
vt 0.32988435 0.001953125 0
vt 0.330627382 0.001953125 0
vt 0.332269758 0.001953125 0
vt 0.33281365 0.001953125 0
vt 0.334770203 0.001953125 0
vt 0.33484441 0.001953125 0
vt 0.335676283 0.001953125 0
vt 0.33750543 0.001953125 0
vt 0.337706804 0.001953125 0
vt 0.339250624 0.001953125 0
vt 0.340144604 0.001953125 0
vt 0.341101378 0.001953125 0
vt 0.342535108 0.001953125 0
vt 0.342953861 0.001953125 0
vt 0.344156444 0.001953125 0
vt 0.345419645 0.001953125 0
vt 0.346141905 0.001953125 0
vt 0.347882003 0.001953125 0
vt 0.349744946 0.001953125 0
vt 0.350409448 0.001953125 0
vt 0.351463735 0.001953125 0
vt 0.352651656 0.001953125 0
vt 0.353334904 0.001953125 0
vt 0.355022013 0.001953125 0
vt 0.355582565 0.001953125 0
vt 0.356228292 0.001953125 0
vt 0.357719839 0.001953125 0
vt 0.360326797 0.001953125 0
vt 0.360421866 0.001953125 0
vt 0.361458451 0.001953125 0
vt 0.363017082 0.001953125 0
vt 0.363620013 0.001953125 0
vt 0.365410149 0.001953125 0
vt 0.365664393 0.001953125 0
vt 0.366817772 0.001953125 0
vt 0.368179709 0.001953125 0
vt 0.368751258 0.001953125 0
vt 0.37044695 0.001953125 0
vt 0.370915532 0.001953125 0
vt 0.372334421 0.001953125 0
vt 0.373243779 0.001953125 0
vt 0.373891234 0.001953125 0
vt 0.375472367 0.001953125 0
vt 0.376133054 0.001953125 0
vt 0.377773106 0.001953125 0
vt 0.378295809 0.001953125 0
vt 0.378953099 0.001953125 0
vt 0.380586416 0.001953125 0
vt 0.381177306 0.001953125 0
vt 0.38263604 0.001953125 0
vt 0.383467525 0.001953125 0
vt 0.384198189 0.001953125 0
vt 0.385859609 0.001953125 0
vt 0.386325866 0.001953125 0
vt 0.388162583 0.001953125 0
vt 0.388457119 0.001953125 0
vt 0.389246643 0.001953125 0
vt 0.391127408 0.001953125 0
vt 0.391280681 0.001953125 0
vt 0.392925292 0.001953125 0
vt 0.393713266 0.001953125 0
vt 0.39479661 0.001953125 0
vt 0.395978481 0.001953125 0
vt 0.396517009 0.001953125 0
vt 0.398060203 0.001953125 0
vt 0.398895025 0.001953125 0
vt 0.399691015 0.001953125 0
vt 0.401444286 0.001953125 0
vt 0.401741266 0.001953125 0
vt 0.403350532 0.001953125 0
vt 0.403918386 0.001953125 0
vt 0.404941678 0.001953125 0
vt 0.406142294 0.001953125 0
vt 0.406835347 0.001953125 0
vt 0.408643633 0.001953125 0
vt 0.409818113 0.001953125 0
vt 0.411333203 0.001953125 0
vt 0.411938071 0.001953125 0
vt 0.413946182 0.001953125 0
vt 0.4152053 0.001953125 0
vt 0.41652292 0.001953125 0
vt 0.417184502 0.001953125 0
vt 0.41898337 0.001953125 0
vt 0.419277012 0.001953125 0
vt 0.42031154 0.001953125 0
vt 0.421827286 0.001953125 0
vt 0.422239214 0.001953125 0
vt 0.423961341 0.001953125 0
vt 0.424495041 0.001953125 0
vt 0.425909519 0.001953125 0
vt 0.426794887 0.001953125 0
vt 0.427386165 0.001953125 0
vt 0.428988665 0.001953125 0
vt 0.42966336 0.001953125 0
vt 0.431423932 0.001953125 0
vt 0.431654453 0.001953125 0
vt 0.432505608 0.001953125 0
vt 0.434100419 0.001953125 0
vt 0.434540123 0.001953125 0
vt 0.436329573 0.001953125 0
vt 0.436942875 0.001953125 0
vt 0.437707543 0.001953125 0
vt 0.439436972 0.001953125 0
vt 0.439764023 0.001953125 0
vt 0.441448927 0.001953125 0
vt 0.442058295 0.001953125 0
vt 0.442919374 0.001953125 0
vt 0.444615781 0.001953125 0
vt 0.444828689 0.001953125 0
vt 0.446466267 0.001953125 0
vt 0.448284954 0.001953125 0
vt 0.449609786 0.001953125 0
vt 0.450101554 0.001953125 0
vt 0.451688528 0.001953125 0
vt 0.452399969 0.001953125 0
vt 0.45361793 0.001953125 0
vt 0.45453763 0.001953125 0
vt 0.455257714 0.001953125 0
vt 0.456949323 0.001953125 0
vt 0.457530618 0.001953125 0
vt 0.458424419 0.001953125 0
vt 0.459858686 0.001953125 0
vt 0.460491806 0.001953125 0
vt 0.462253213 0.001953125 0
vt 0.46245411 0.001953125 0
vt 0.463400126 0.001953125 0
vt 0.464897782 0.001953125 0
vt 0.465476662 0.001953125 0
vt 0.467522413 0.001953125 0
vt 0.467573941 0.001953125 0
vt 0.46895346 0.001953125 0
vt 0.470060676 0.001953125 0
vt 0.470820934 0.001953125 0
vt 0.472310156 0.001953125 0
vt 0.472847492 0.001953125 0
vt 0.474202156 0.001953125 0
vt 0.475245237 0.001953125 0
vt 0.475852787 0.001953125 0
vt 0.477378935 0.001953125 0
vt 0.478025466 0.001953125 0
vt 0.479658335 0.001953125 0
vt 0.480300307 0.001953125 0
vt 0.48098585 0.001953125 0
vt 0.482599646 0.001953125 0
vt 0.485033244 0.001953125 0
vt 0.485260159 0.001953125 0
vt 0.486133188 0.001953125 0
vt 0.488102615 0.001953125 0
vt 0.490368605 0.001953125 0
vt 0.490454733 0.001953125 0
vt 0.491274595 0.001953125 0
vt 0.49301976 0.001953125 0
vt 0.493319064 0.001953125 0
vt 0.494912207 0.001953125 0
vt 0.495678127 0.001953125 0
vt 0.496516943 0.001953125 0
vt 0.498212188 0.001953125 0
vt 0.498406917 0.001953125 0
vt 0.500096321 0.001953125 0
vt 0.500844955 0.001953125 0
vt 0.501961291 0.001953125 0
vt 0.503089726 0.001953125 0
vt 0.503696382 0.001953125 0
vt 0.505297303 0.001953125 0
vt 0.505958021 0.001953125 0
vt 0.507308066 0.001953125 0
vt 0.508035123 0.001953125 0
vt 0.508782089 0.001953125 0
vt 0.51055938 0.001953125 0
vt 0.510843873 0.001953125 0
vt 0.5118559 0.001953125 0
vt 0.513302803 0.001953125 0
vt 0.513970852 0.001953125 0
vt 0.515835226 0.001953125 0
vt 0.515975296 0.001953125 0
vt 0.516966164 0.001953125 0
vt 0.518526673 0.001953125 0
vt 0.519105971 0.001953125 0
vt 0.521039903 0.001953125 0
vt 0.522721469 0.001953125 0
vt 0.523579776 0.001953125 0
vt 0.524386346 0.001953125 0
vt 0.525938153 0.001953125 0
vt 0.526467443 0.001953125 0
vt 0.528939426 0.001953125 0
vt 0.52935183 0.001953125 0
vt 0.530930161 0.001953125 0
vt 0.531589687 0.001953125 0
vt 0.533284366 0.001953125 0
vt 0.534578621 0.001953125 0
vt 0.536167622 0.001953125 0
vt 0.536814928 0.001953125 0
vt 0.538811326 0.001953125 0
vt 0.539699078 0.001953125 0
vt 0.541311204 0.001953125 0
vt 0.541712999 0.001953125 0
vt 0.543680549 0.001953125 0
vt 0.543977082 0.001953125 0
vt 0.545176923 0.001953125 0
vt 0.54637605 0.001953125 0
vt 0.546923876 0.001953125 0
vt 0.548495531 0.001953125 0
vt 0.549246728 0.001953125 0
vt 0.550130367 0.001953125 0
vt 0.551764071 0.001953125 0
vt 0.55201894 0.001953125 0
vt 0.553685248 0.001953125 0
vt 0.554383874 0.001953125 0
vt 0.555586219 0.001953125 0
vt 0.556574821 0.001953125 0
vt 0.557261109 0.001953125 0
vt 0.558914304 0.001953125 0
vt 0.559466302 0.001953125 0
vt 0.560761452 0.001953125 0
vt 0.561613441 0.001953125 0
vt 0.564180911 0.001953125 0
vt 0.56540668 0.001953125 0
vt 0.566837966 0.001953125 0
vt 0.567651629 0.001953125 0
vt 0.56921953 0.001953125 0
vt 0.569569767 0.001953125 0
vt 0.570626676 0.001953125 0
vt 0.572112441 0.001953125 0
vt 0.57261169 0.001953125 0
vt 0.574754357 0.001953125 0
vt 0.576295316 0.001953125 0
vt 0.577127397 0.001953125 0
vt 0.577938616 0.001953125 0
vt 0.57928133 0.001953125 0
vt 0.579956412 0.001953125 0
vt 0.581620097 0.001953125 0
vt 0.582241774 0.001953125 0
vt 0.582868636 0.001953125 0
vt 0.584471405 0.001953125 0
vt 0.585102975 0.001953125 0
vt 0.586933613 0.001953125 0
vt 0.587254763 0.001953125 0
vt 0.588094056 0.001953125 0
vt 0.589700341 0.001953125 0
vt 0.590207696 0.001953125 0
vt 0.592215836 0.001953125 0
vt 0.592310667 0.001953125 0
vt 0.593212903 0.001953125 0
vt 0.594947815 0.001953125 0
vt 0.595235765 0.001953125 0
vt 0.597163737 0.001953125 0
vt 0.597610176 0.001953125 0
vt 0.59863013 0.001953125 0
vt 0.600024819 0.001953125 0
vt 0.600460112 0.001953125 0
vt 0.602030575 0.001953125 0
vt 0.602810681 0.001953125 0
vt 0.603956878 0.001953125 0
vt 0.605076551 0.001953125 0
vt 0.605607927 0.001953125 0
vt 0.607255697 0.001953125 0
vt 0.607854009 0.001953125 0
vt 0.609016418 0.001953125 0
vt 0.61021775 0.001953125 0
vt 0.610854328 0.001953125 0
vt 0.612513363 0.001953125 0
vt 0.612990201 0.001953125 0
vt 0.614427507 0.001953125 0
vt 0.61511749 0.001953125 0
vt 0.615864933 0.001953125 0
vt 0.617794156 0.001953125 0
vt 0.617986619 0.001953125 0
vt 0.618969381 0.001953125 0
vt 0.620455682 0.001953125 0
vt 0.622760415 0.001953125 0
vt 0.623146474 0.001953125 0
vt 0.624644756 0.001953125 0
vt 0.625546277 0.001953125 0
vt 0.626310706 0.001953125 0
vt 0.628389835 0.001953125 0
vt 0.629875302 0.001953125 0
vt 0.630737782 0.001953125 0
vt 0.631462872 0.001953125 0
vt 0.632977545 0.001953125 0
vt 0.633612812 0.001953125 0
vt 0.635237575 0.001953125 0
vt 0.635821164 0.001953125 0
vt 0.636448562 0.001953125 0
vt 0.638001204 0.001953125 0
vt 0.638602853 0.001953125 0
vt 0.640552104 0.001953125 0
vt 0.640831172 0.001953125 0
vt 0.641676962 0.001953125 0
vt 0.643315434 0.001953125 0
vt 0.643798411 0.001953125 0
vt 0.645722806 0.001953125 0
vt 0.645922124 0.001953125 0
vt 0.6469028 0.001953125 0
vt 0.648470402 0.001953125 0
vt 0.648822308 0.001953125 0
vt 0.650581777 0.001953125 0
vt 0.651173651 0.001953125 0
vt 0.652220726 0.001953125 0
vt 0.653595209 0.001953125 0
vt 0.654001772 0.001953125 0
vt 0.655569792 0.001953125 0
vt 0.65640974 0.001953125 0
vt 0.657620549 0.001953125 0
vt 0.658525169 0.001953125 0
vt 0.659169793 0.001953125 0
vt 0.660773635 0.001953125 0
vt 0.661203921 0.001953125 0
vt 0.663642645 0.001953125 0
vt 0.66437608 0.001953125 0
vt 0.666117907 0.001953125 0
vt 0.666551888 0.001953125 0
vt 0.667351842 0.001953125 0
vt 0.668738842 0.001953125 0
vt 0.669413865 0.001953125 0
vt 0.671407878 0.001953125 0
vt 0.672755182 0.001953125 0
vt 0.673993111 0.001953125 0
vt 0.674798369 0.001953125 0
vt 0.676337302 0.001953125 0
vt 0.676752925 0.001953125 0
vt 0.678058982 0.001953125 0
vt 0.679191172 0.001953125 0
vt 0.679887652 0.001953125 0
vt 0.681365788 0.001953125 0
vt 0.681930304 0.001953125 0
vt 0.683599949 0.001953125 0
vt 0.684107959 0.001953125 0
vt 0.684971452 0.001953125 0
vt 0.686479151 0.001953125 0
vt 0.687145531 0.001953125 0
vt 0.688845515 0.001953125 0
vt 0.689354897 0.001953125 0
vt 0.690035939 0.001953125 0
vt 0.691619456 0.001953125 0
vt 0.692138672 0.001953125 0
vt 0.694205165 0.001953125 0
vt 0.695412099 0.001953125 0
vt 0.696752548 0.001953125 0
vt 0.697319329 0.001953125 0
vt 0.699134111 0.001953125 0
vt 0.699532509 0.001953125 0
vt 0.700449169 0.001953125 0
vt 0.702097297 0.001953125 0
vt 0.702349424 0.001953125 0
vt 0.704067707 0.001953125 0
vt 0.705977857 0.001953125 0
vt 0.707005918 0.001953125 0
vt 0.707610309 0.001953125 0
vt 0.709102809 0.001953125 0
vt 0.709992051 0.001953125 0
vt 0.711121559 0.001953125 0
vt 0.712062716 0.001953125 0
vt 0.712745309 0.001953125 0
vt 0.714409292 0.001953125 0
vt 0.714779317 0.001953125 0
vt 0.71609503 0.001953125 0
vt 0.717173755 0.001953125 0
vt 0.717872977 0.001953125 0
vt 0.719703376 0.001953125 0
vt 0.720944166 0.001953125 0
vt 0.722347319 0.001953125 0
vt 0.722965717 0.001953125 0
vt 0.725027919 0.001953125 0
vt 0.726372778 0.001953125 0
vt 0.727560103 0.001953125 0
vt 0.72837162 0.001953125 0
vt 0.729742646 0.001953125 0
vt 0.730311573 0.001953125 0
vt 0.731844783 0.001953125 0
vt 0.732641399 0.001953125 0
vt 0.733389914 0.001953125 0
vt 0.73483336 0.001953125 0
vt 0.735480428 0.001953125 0
vt 0.737171352 0.001953125 0
vt 0.737699151 0.001953125 0
vt 0.738443613 0.001953125 0
vt 0.740033031 0.001953125 0
vt 0.74064064 0.001953125 0
vt 0.742525756 0.001953125 0
vt 0.742681742 0.001953125 0
vt 0.743561745 0.001953125 0
vt 0.745208859 0.001953125 0
vt 0.74567014 0.001953125 0
vt 0.747826993 0.001953125 0
vt 0.747920454 0.001953125 0
vt 0.74901849 0.001953125 0
vt 0.752455533 0.001953125 0
vt 0.753077924 0.001953125 0
vt 0.754133463 0.001953125 0
vt 0.75557822 0.001953125 0
vt 0.755892873 0.001953125 0
vt 0.757588267 0.001953125 0
vt 0.758256197 0.001953125 0
vt 0.759544969 0.001953125 0
vt 0.760518909 0.001953125 0
vt 0.761181056 0.001953125 0
vt 0.76275301 0.001953125 0
vt 0.763491094 0.001953125 0
vt 0.764698684 0.001953125 0
vt 0.765569866 0.001953125 0
vt 0.766296268 0.001953125 0
vt 0.768027961 0.001953125 0
vt 0.76835233 0.001953125 0
vt 0.76932925 0.001953125 0
vt 0.770722687 0.001953125 0
vt 0.771506608 0.001953125 0
vt 0.773190796 0.001953125 0
vt 0.773461282 0.001953125 0
vt 0.774893463 0.001953125 0
vt 0.775898993 0.001953125 0
vt 0.776603639 0.001953125 0
vt 0.778532207 0.001953125 0
vt 0.778657794 0.001953125 0
vt 0.780110776 0.001953125 0
vt 0.781112432 0.001953125 0
vt 0.781922996 0.001953125 0
vt 0.783335447 0.001953125 0
vt 0.783917367 0.001953125 0
vt 0.785400033 0.001953125 0
vt 0.786252618 0.001953125 0
vt 0.786754847 0.001953125 0
vt 0.788309991 0.001953125 0
vt 0.78898567 0.001953125 0
vt 0.790800929 0.001953125 0
vt 0.791164875 0.001953125 0
vt 0.792022467 0.001953125 0
vt 0.793588758 0.001953125 0
vt 0.794205785 0.001953125 0
vt 0.795995057 0.001953125 0
vt 0.796164215 0.001953125 0
vt 0.79727906 0.001953125 0
vt 0.798711956 0.001953125 0
vt 0.799187124 0.001953125 0
vt 0.801464498 0.001953125 0
vt 0.802512169 0.001953125 0
vt 0.803928792 0.001953125 0
vt 0.804395437 0.001953125 0
vt 0.805999994 0.001953125 0
vt 0.80667907 0.001953125 0
vt 0.807781637 0.001953125 0
vt 0.809076726 0.001953125 0
vt 0.809494436 0.001953125 0
vt 0.811134696 0.001953125 0
vt 0.811765432 0.001953125 0
vt 0.813269317 0.001953125 0
vt 0.813952208 0.001953125 0
vt 0.814729273 0.001953125 0
vt 0.816374719 0.001953125 0
vt 0.816965759 0.001953125 0
vt 0.818475366 0.001953125 0
vt 0.819046319 0.001953125 0
vt 0.819801748 0.001953125 0
vt 0.82162708 0.001953125 0
vt 0.822893083 0.001953125 0
vt 0.82432431 0.001953125 0
vt 0.825104773 0.001953125 0
vt 0.826739788 0.001953125 0
vt 0.827018976 0.001953125 0
vt 0.828406096 0.001953125 0
vt 0.829486072 0.001953125 0
vt 0.830262899 0.001953125 0
vt 0.83188343 0.001953125 0
vt 0.832250237 0.001953125 0
vt 0.833875358 0.001953125 0
vt 0.834529161 0.001953125 0
vt 0.835449994 0.001953125 0
vt 0.836835384 0.001953125 0
vt 0.837472379 0.001953125 0
vt 0.839081049 0.001953125 0
vt 0.839732468 0.001953125 0
vt 0.840354919 0.001953125 0
vt 0.841886044 0.001953125 0
vt 0.842544258 0.001953125 0
vt 0.844402611 0.001953125 0
vt 0.844777942 0.001953125 0
vt 0.845585823 0.001953125 0
vt 0.847167015 0.001953125 0
vt 0.847766221 0.001953125 0
vt 0.849535882 0.001953125 0
vt 0.84978652 0.001953125 0
vt 0.850834608 0.001953125 0
vt 0.852334499 0.001953125 0
vt 0.852749407 0.001953125 0
vt 0.855073154 0.001953125 0
vt 0.856228948 0.001953125 0
vt 0.857434511 0.001953125 0
vt 0.857971609 0.001953125 0
vt 0.859526813 0.001953125 0
vt 0.860261559 0.001953125 0
vt 0.861377656 0.001953125 0
vt 0.862603724 0.001953125 0
vt 0.863088071 0.001953125 0
vt 0.864687502 0.001953125 0
vt 0.865231454 0.001953125 0
vt 0.867219269 0.001953125 0
vt 0.867406905 0.001953125 0
vt 0.868243456 0.001953125 0
vt 0.869979382 0.001953125 0
vt 0.870416045 0.001953125 0
vt 0.872582555 0.001953125 0
vt 0.873354733 0.001953125 0
vt 0.875211716 0.001953125 0
vt 0.875357211 0.001953125 0
vt 0.876656234 0.001953125 0
vt 0.877862155 0.001953125 0
vt 0.880609155 0.001953125 0
vt 0.881902754 0.001953125 0
vt 0.883100808 0.001953125 0
vt 0.88392359 0.001953125 0
vt 0.885297418 0.001953125 0
vt 0.885836244 0.001953125 0
vt 0.887469888 0.001953125 0
vt 0.888006151 0.001953125 0
vt 0.889005959 0.001953125 0
vt 0.890404999 0.001953125 0
vt 0.891055763 0.001953125 0
vt 0.892683506 0.001953125 0
vt 0.893324316 0.001953125 0
vt 0.893919945 0.001953125 0
vt 0.895444453 0.001953125 0
vt 0.896054506 0.001953125 0
vt 0.898045242 0.001953125 0
vt 0.898207903 0.001953125 0
vt 0.89913702 0.001953125 0
vt 0.900757313 0.001953125 0
vt 0.901289344 0.001953125 0
vt 0.903006673 0.001953125 0
vt 0.903367579 0.001953125 0
vt 0.904647946 0.001953125 0
vt 0.905780554 0.001953125 0
vt 0.906355977 0.001953125 0
vt 0.908029675 0.001953125 0
vt 0.908597469 0.001953125 0
vt 0.909985483 0.001953125 0
vt 0.910899699 0.001953125 0
vt 0.911488235 0.001953125 0
vt 0.913091063 0.001953125 0
vt 0.913861692 0.001953125 0
vt 0.914910316 0.001953125 0
vt 0.916199803 0.001953125 0
vt 0.916671932 0.001953125 0
vt 0.91829294 0.001953125 0
vt 0.918809056 0.001953125 0
vt 0.920487881 0.001953125 0
vt 0.921023488 0.001953125 0
vt 0.921817362 0.001953125 0
vt 0.923519611 0.001953125 0
vt 0.923832655 0.001953125 0
vt 0.92546469 0.001953125 0
vt 0.926187575 0.001953125 0
vt 0.926917255 0.001953125 0
vt 0.92885375 0.001953125 0
vt 0.930404007 0.001953125 0
vt 0.9314394 0.001953125 0
vt 0.932402968 0.001953125 0
vt 0.933674991 0.001953125 0
vt 0.934226274 0.001953125 0
vt 0.935545504 0.001953125 0
vt 0.937363982 0.001953125 0
vt 0.938890576 0.001953125 0
vt 0.939411163 0.001953125 0
vt 0.941064656 0.001953125 0
vt 0.941404879 0.001953125 0
vt 0.942348242 0.001953125 0
vt 0.943839133 0.001953125 0
vt 0.944494128 0.001953125 0
vt 0.94636929 0.001953125 0
vt 0.947475314 0.001953125 0
vt 0.949022174 0.001953125 0
vt 0.949548244 0.001953125 0
vt 0.951676369 0.001953125 0
vt 0.952752531 0.001953125 0
vt 0.954294324 0.001953125 0
vt 0.954826295 0.001953125 0
vt 0.956508994 0.001953125 0
vt 0.956977904 0.001953125 0
vt 0.958066642 0.001953125 0
vt 0.959471703 0.001953125 0
vt 0.959869444 0.001953125 0
vt 0.961580396 0.001953125 0
vt 0.962197483 0.001953125 0
vt 0.963615716 0.001953125 0
vt 0.964413464 0.001953125 0
vt 0.965069473 0.001953125 0
vt 0.966665268 0.001953125 0
vt 0.96732074 0.001953125 0
vt 0.968921423 0.001953125 0
vt 0.969455659 0.001953125 0
vt 0.970193565 0.001953125 0
vt 0.97188133 0.001953125 0
vt 0.972296119 0.001953125 0
vt 0.974162817 0.001953125 0
vt 0.974566162 0.001953125 0
vt 0.975451469 0.001953125 0
vt 0.977045357 0.001953125 0
vt 0.979003429 0.001953125 0
vt 0.979766667 0.001953125 0
vt 0.980561495 0.001953125 0
vt 0.982373357 0.001953125 0
vt 0.982514501 0.001953125 0
vt 0.984102488 0.001953125 0
vt 0.984988153 0.001953125 0
vt 0.985998511 0.001953125 0
vt 0.98719281 0.001953125 0
vt 0.987802148 0.001953125 0
vt 0.989312649 0.001953125 0
vt 0.990154088 0.001953125 0
vt 0.990964234 0.001953125 0
vt 0.992394984 0.001953125 0
vt 0.993007541 0.001953125 0
vt 0.994563997 0.001953125 0
vt 0.995352566 0.001953125 0
vn -0 -0 -1
vn -0 -0 -1
vn -0 -0 -1
vn -0 -0 -1
vn 0 0 -1
vn 0 0 -1
vn 0 0 -1
vn -0 -0 -1
vn 0 0 -1
vn 0 0 -1
vn -0 -0 -1
vn -0 -0 -0.99999994
vn 0 0 -1
vn 0 0 -1
vn -0 -0 -1
vn 0 0 -1
vn 0 0 -1
vn -0 -0 -1
vn 0 0 -1
vn 0 0 -1
vn -0 -0 -1
vn -0 -0 -1
vn 0 0 -1
vn 0 0 -1
vn -0 -0 -1
vn -0 -0 -1
vn 0 0 -1
vn 0 0 -1
vn -0 -0 -1
vn 0 0 -1
vn 0 0 -1
vn -0 -0 -1
vn -0 -0 -1
vn 0 0 -1
vn 0 0 -1
vn -0 -0 -1
vn 0 0 -1
vn 0 0 -1
vn -0 -0 -1
vn -0 -0 -1
vn -0 -0 -1
vn 0 0 -1
vn -0 -0 -1
vn 0 0 -1
vn 0 0 -1
vn -0 -0 -1
vn -0 -0 -1
vn 0 0 -1
vn -0 -0 -1
vn 0 0 -1
vn 0 0 -1
vn 0 0 -1
vn -0 -0 -0.99999994
vn -0 -0 -1
vn 0 0 -1
vn -0 -0 -1
vn 0 0 -0.99999994
vn 0 0 -1
vn -0 -0 -1
vn -0 -0 -1
vn 0 0 -1
vn -0 -0 -1
vn -0 -0 -1
vn 0 0 -1
vn -0 -0 -1
vn -0 -0 -1
vn 0 0 -1
vn 0 0 -1
vn -0 -0 -1
vn -0 -0 -1
vn 0 0 -1
vn 0 0 -1
vn -0 -0 -1
vn -0 -0 -1
vn 0 0 -1
vn 0 0 -1
vn -0 -0 -1
vn 0 0 -1
vn 0 0 -1
vn -0 -0 -1
vn -0 -0 -1
vn -0 -0 -1
vn 0 0 -1
vn -0 -0 -1
vn -0 -0 -1
vn 0 0 -1
vn 0 0 -1
vn 0 0 -1
vn -0 -0 -1
vn 0 0 -1
vn 0 0 -1
vn -0 -0 -1
vn 0 0 -1
vn 0 0 -1
vn -0 -0 -1
vn -0 -0 -1
vn -0 -0 -1
vn 0 0 -1
vn -0 -0 -1
vn 0 0 -1
vn 0 0 -1
vn -0 -0 -1
vn 0 0 -1
vn -0 -0 -1
vn 0 0 -1
vn 0 0 -1
vn -0 -0 -1
vn 0 0 -0.99999994
vn -0 -0 -1
vn 0 0 -1
vn 0 0 -1
vn -0 -0 -1
vn -0 -0 -1
vn 0 0 -1
vn -0 -0 -1
vn -0 -0 -1
vn 0 0 -1
vn 0 0 -1
vn -0 -0 -1
vn 0 0 -1
vn 0 0 -1
vn 0 0 -1
vn -0 -0 -1
vn 0 0 -1
vn 0 0 -1
vn -0 -0 -1
vn 0 0 -1
vn 0 0 -1
vn 0 0 -1
vn -0 -0 -1
vn 0 0 -1
vn -0 -0 -1
vn -0 -0 -1
vn 0 0 -0.99999994
vn -0 -0 -1
vn -0 -0 -1
vn -0 -0 -1
vn 0 0 -1
vn -0 -0 -1
vn -0 -0 -1
vn 0 0 -1
vn 0 0 -1
vn 0 0 -1
vn -0 -0 -1
vn -0 -0 -1
vn 0 0 -1
vn -0 -0 -1
vn -0 -0 -1
vn 0 0 -1
vn 0 0 -1
vn 0 0 -1
vn -0 -0 -1
vn 0 0 -1
vn 0 0 -1
vn -0 -0 -1
vn 0 0 -1
vn 0 0 -1
vn -0 -0 -1
vn -0 -0 -1
vn 0 0 -1
vn -0 -0 -1
vn -0 -0 -1
vn 0 0 -1
vn 0 0 -1
vn -0 -0 -1
vn -0 -0 -1
vn 0 0 -1
vn -0 -0 -1
vn -0 -0 -1
vn 0 0 -1
vn 0 0 -1
vn -0 -0 -1
vn -0 -0 -1
vn 0 0 -1
vn 0 0 -1
vn -0 -0 -1
vn 0 0 -1
vn 0 0 -1
vn 0 0 -1
vn -0 -0 -1
vn 0 0 -1
vn 0 0 -1
vn -0 -0 -1
vn 0 0 -1
vn -0 -0 -1
vn 0 0 -1
vn -0 -0 -1
vn 0 0 -1
vn 0 0 -1
vn -0 -0 -1
vn -0 -0 -1
vn 0 0 -1
vn 0 0 -1
vn -0 -0 -1
vn -0 -0 -1
vn 0 0 -1
vn -0 -0 -1
vn -0 -0 -1
vn 0 0 -1
vn 0 0 -1
vn -0 -0 -1
vn -0 -0 -1
vn 0 0 -1
vn 0 0 -1
vn -0 -0 -1
vn 0 0 -1
vn 0 0 -1
vn 0 0 -1
vn -0 -0 -1
vn 0 0 -1
vn -0 -0 -1
vn -0 -0 -1
vn 0 0 -1
vn 0 0 -1
vn 0 0 -1
vn -0 -0 -1
vn -0 -0 -1
vn 0 0 -1
vn -0 -0 -1
vn -0 -0 -1
vn 0 0 -1
vn 0 0 -1
vn 0 0 -1
vn -0 -0 -1
vn -0 -0 -1
vn 0 0 -1
vn -0 -0 -1
vn 0 0 -1
vn -0 -0 -1
vn -0 -0 -1
vn 0 0 -1
vn 0 0 -1
vn -0 -0 -1
vn 0 0 -1
vn 0 0 -1
vn -0 -0 -1
vn -0 -0 -1
vn 0 0 -1
vn -0 -0 -1
vn -0 -0 -1
vn -0 -0 -1
vn 0 0 -1
vn 0 0 -1
vn -0 -0 -1
vn -0 -0 -1
vn 0 0 -1
vn -0 -0 -1
vn -0 -0 -1
vn -0 -0 -1
vn 0 0 -1
vn -0 -0 -1
vn 0 0 -1
vn 0 0 -1
vn -0 -0 -1
vn 0 0 -1
vn 0 0 -1
vn -0 -0 -1
vn 0 0 -1
vn 0 0 -1
vn -0 -0 -1
vn 0 0 -1
vn -0 -0 -1
vn 0 0 -1
vn -0 -0 -1
vn -0 -0 -1
vn 0 0 -1
vn 0 0 -1
vn -0 -0 -1
vn 0 0 -1
vn 0 0 -1
vn -0 -0 -1
vn -0 -0 -1
vn 0 0 -1
vn -0 -0 -1
vn -0 -0 -1
vn 0 0 -1
vn 0 0 -1
vn -0 -0 -1
vn 0 0 -1
vn 0 0 -1
vn -0 -0 -1
vn -0 -0 -1
vn -0 -0 -1
vn 0 0 -1
vn -0 -0 -1
vn 0 0 -1
vn 0 0 -1
vn 0 0 -1
vn -0 -0 -1
vn -0 -0 -1
vn 0 0 -1
vn -0 -0 -1
vn -0 -0 -1
vn 0 0 -1
vn -0 -0 -1
vn -0 -0 -1
vn 0 0 -1
vn 0 0 -1
vn -0 -0 -1
vn 0 0 -1
vn 0 0 -1
vn -0 -0 -1
vn -0 -0 -1
vn -0 -0 -1
vn 0 0 -1
vn -0 -0 -1
vn 0 0 -1
vn 0 0 -1
vn -0 -0 -1
vn -0 -0 -1
vn 0 0 -1
vn 0 0 -1
vn -0 -0 -1
vn 0 0 -1
vn 0 0 -1
vn -0 -0 -1
vn -0 -0 -1
vn 0 0 -1
vn 0 0 -1
vn -0 -0 -1
vn -0 -0 -1
vn 0 0 -1
vn -0 -0 -1
vn -0 -0 -1
vn -0 -0 -1
vn 0 0 -0.99999994
vn -0 -0 -1
vn -0 -0 -1
vn 0 0 -1
vn 0 0 -0.99999994
vn -0 -0 -1
vn 0 0 -1
vn 0 0 -1
vn 0 0 -1
vn -0 -0 -1
vn 0 0 -1
vn 0 0 -1
vn -0 -0 -1
vn -0 -0 -1
vn 0 0 -1
vn 0 0 -1
vn -0 -0 -1
vn 0 0 -1
vn -0 -0 -1
vn -0 -0 -1
vn 0 0 -1
vn 0 0 -1
vn -0 -0 -1
vn 0 0 -1
vn 0 0 -1
vn -0 -0 -1
vn -0 -0 -1
vn -0 -0 -1
vn 0 0 -1
vn -0 -0 -1
vn -0 -0 -1
vn 0 0 -1
vn 0 0 -1
vn -0 -0 -1
vn -0 -0 -1
vn 0 0 -1
vn 0 0 -1
vn -0 -0 -1
vn 0 0 -1
vn 0 0 -1
vn -0 -0 -1
vn -0 -0 -1
vn 0 0 -1
vn 0 0 -1
vn -0 -0 -1
vn -0 -0 -1
vn 0 0 -0.99999994
vn -0 -0 -1
vn -0 -0 -1
vn -0 -0 -1
vn 0 0 -1
vn -0 -0 -1
vn -0 -0 -1
vn 0 0 -1
vn 0 0 -1
vn -0 -0 -1
vn -0 -0 -1
vn -0 -0 -1
vn 0 0 -1
vn -0 -0 -1
vn 0 0 -1
vn 0 0 -1
vn 0 0 -1
vn -0 -0 -1
vn 0 0 -1
vn -0 -0 -1
vn -0 -0 -0.99999994
vn 0 0 -1
vn 0 0 -1
vn -0 -0 -1
vn -0 -0 -1
vn 0 0 -1
vn -0 -0 -1
vn 0 0 -1
vn 0 0 -1
vn -0 -0 -1
vn -0 -0 -1
vn 0 0 -1
vn -0 -0 -1
vn -0 -0 -1
vn 0 0 -1
vn 0 0 -1
vn -0 -0 -1
vn -0 -0 -1
vn 0 0 -1
vn 0 0 -1
vn -0 -0 -1
vn 0 0 -1
vn 0 0 -1
vn -0 -0 -1
vn 0 0 -1
vn 0 0 -1
vn 0 0 -1
vn -0 -0 -1
vn -0 -0 -1
vn 0 0 -1
vn 0 0 -1
vn -0 -0 -1
vn 0 0 -1
vn -0 -0 -1
vn 0 0 -1
vn 0 0 -1
vn -0 -0 -1
vn -0 -0 -1
vn 0 0 -1
vn -0 -0 -1
vn 0 0 -1
vn 0 0 -1
vn 0 0 -1
vn -0 -0 -1
vn 0 0 -1
vn -0 -0 -1
vn -0 -0 -1
vn 0 0 -1
vn 0 0 -1
vn 0 0 -1
vn -0 -0 -1
vn 0 0 -1
vn -0 -0 -1
vn -0 -0 -1
vn -0 -0 -1
vn 0 0 -1
vn 0 0 -1
vn -0 -0 -1
vn -0 -0 -1
vn 0 0 -1
vn -0 -0 -1
vn -0 -0 -1
vn 0 0 -1
vn 0 0 -1
vn -0 -0 -1
vn -0 -0 -1
vn 0 0 -1
vn 0 0 -1
vn -0 -0 -1
vn -0 -0 -1
vn -0 -0 -1
vn 0 0 -1
vn -0 -0 -1
vn -0 -0 -1
vn 0 0 -1
vn -0 -0 -1
vn 0 0 -1
vn -0 -0 -1
vn -0 -0 -1
vn 0 0 -1
vn -0 -0 -1
vn -0 -0 -1
vn 0 0 -1
vn 0 0 -1
vn 0 0 -1
vn -0 -0 -1
vn -0 -0 -1
vn 0 0 -1
vn -0 -0 -1
vn -0 -0 -1
vn -0 -0 -1
vn 0 0 -0.99999994
vn 0 0 -1
vn -0 -0 -1
vn 0 0 -1
vn 0 0 -1
vn -0 -0 -1
vn 0 0 -1
vn 0 0 -1
vn -0 -0 -1
vn -0 -0 -1
vn 0 0 -1
vn 0 0 -1
vn -0 -0 -1
vn -0 -0 -1
vn 0 0 -1
vn 0 0 -1
vn -0 -0 -1
vn -0 -0 -0.99999994
vn 0 0 -1
vn -0 -0 -1
vn -0 -0 -1
vn 0 0 -1
vn 0 0 -1
vn -0 -0 -1
vn 0 0 -1
vn 0 0 -1
vn -0 -0 -1
vn -0 -0 -1
vn -0 -0 -1
vn 0 0 -1
vn -0 -0 -1
vn -0 -0 -1
vn 0 0 -1
vn 0 0 -1
vn 0 0 -1
vn -0 -0 -1
vn 0 0 -1
vn 0 0 -1
vn -0 -0 -1
vn 0 0 -1
vn 0 0 -1
vn -0 -0 -1
vn -0 -0 -1
vn 0 0 -1
vn 0 0 -1
vn -0 -0 -1
vn -0 -0 -1
vn 0 0 -0.99999994
vn -0 -0 -1
vn -0 -0 -1
vn 0 0 -1
vn 0 0 -1
vn -0 -0 -1
vn 0 0 -1
vn 0 0 -1
vn -0 -0 -0.99999994
vn 0 0 -1
vn 0 0 -1
vn -0 -0 -1
vn 0 0 -1
vn 0 0 -1
vn 0 0 -1
vn -0 -0 -1
vn -0 -0 -1
vn 0 0 -1
vn 0 0 -1
vn -0 -0 -1
vn 0 0 -1
vn 0 0 -1
vn -0 -0 -1
vn 0 0 -1
vn 0 0 -1
vn -0 -0 -1
vn -0 -0 -1
vn 0 0 -1
vn 0 0 -1
vn -0 -0 -1
vn -0 -0 -1
vn -0 -0 -1
vn 0 0 -1
vn -0 -0 -1
vn -0 -0 -1
vn 0 0 -1
vn 0 0 -1
vn -0 -0 -1
vn 0 0 -1
vn 0 0 -1
vn -0 -0 -1
vn -0 -0 -1
vn 0 0 -1
vn 0 0 -1
vn -0 -0 -1
vn 0 0 -1
vn 0 0 -1
vn 0 0 -1
vn -0 -0 -1
vn -0 -0 -1
vn 0 0 -1
vn 0 0 -1
vn -0 -0 -1
vn -0 -0 -1
vn 0 0 -1
vn 0 0 -1
vn -0 -0 -1
vn 0 0 -1
vn -0 -0 -1
vn -0 -0 -1
vn 0 0 -1
vn 0 0 -1
vn -0 -0 -1
vn 0 0 -1
vn 0 0 -1
vn -0 -0 -1
vn -0 -0 -1
vn 0 0 -1
vn 0 0 -1
vn -0 -0 -1
vn 0 0 -1
vn 0 0 -1
vn -0 -0 -1
vn -0 -0 -1
vn 0 0 -1
vn 0 0 -1
vn -0 -0 -1
vn 0 0 -1
vn 0 0 -1
vn -0 -0 -1
vn -0 -0 -1
vn -0 -0 -1
vn 0 0 -1
vn -0 -0 -1
vn -0 -0 -1
vn 0 0 -1
vn 0 0 -1
vn -0 -0 -1
vn -0 -0 -1
vn 0 0 -1
vn -0 -0 -1
vn 0 0 -1
vn 0 0 -1
vn 0 0 -1
vn 0 0 -1
vn -0 -0 -1
vn 0 0 -1
vn -0 -0 -1
vn -0 -0 -1
vn 0 0 -1
vn -0 -0 -1
vn -0 -0 -1
vn 0 0 -1
vn -0 -0 -1
vn 0 0 -1
vn 0 0 -1
vn -0 -0 -1
vn -0 -0 -1
vn -0 -0 -1
vn 0 0 -1
vn -0 -0 -1
vn -0 -0 -1
vn 0 0 -1
vn 0 0 -1
vn 0 0 -1
vn -0 -0 -1
vn 0 0 -1
vn 0 0 -1
vn -0 -0 -1
vn 0 0 -1
vn 0 0 -1
vn -0 -0 -1
vn -0 -0 -1
vn 0 0 -1
vn -0 -0 -1
vn 0 0 -1
vn -0 -0 -1
vn 0 0 -1
vn -0 -0 -1
vn 0 0 -1
vn -0 -0 -1
vn -0 -0 -1
vn 0 0 -1
vn 0 0 -1
vn -0 -0 -1
vn -0 -0 -1
vn 0 0 -1
vn 0 0 -1
vn -0 -0 -1
vn -0 -0 -1
vn 0 0 -1
vn 0 0 -1
vn -0 -0 -1
vn 0 0 -1
vn 0 0 -1
vn -0 -0 -1
vn -0 -0 -1
vn 0 0 -1
vn -0 -0 -1
vn 0 0 -1
vn 0 0 -1
vn -0 -0 -1
vn 0 0 -1
vn 0 0 -1
vn 0 0 -1
vn -0 -0 -1
vn -0 -0 -1
vn 0 0 -1
vn -0 -0 -1
vn -0 -0 -1
vn 0 0 -1
vn 0 0 -1
vn -0 -0 -1
vn -0 -0 -1
vn 0 0 -1
vn 0 0 -1
vn -0 -0 -1
vn 0 0 -1
vn 0 0 -1
vn 0 0 -1
vn -0 -0 -1
vn 0 0 -1
vn 0 0 -1
vn -0 -0 -1
vn -0 -0 -1
vn 0 0 -1
vn 0 0 -1
vn -0 -0 -1
vn -0 -0 -1
vn 0 0 -1
vn -0 -0 -1
vn -0 -0 -1
vn 0 0 -1
vn 0 0 -1
vn 0 0 -1
vn -0 -0 -1
vn -0 -0 -1
vn 0 0 -1
vn -0 -0 -1
vn -0 -0 -1
vn -0 -0 -1
vn 0 0 -1
vn -0 -0 -1
vn -0 -0 -1
vn 0 0 -1
vn 0 0 -1
vn -0 -0 -1
vn 0 0 -1
vn 0 0 -1
vn -0 -0 -1
vn -0 -0 -1
vn 0 0 -1
vn 0 0 -1
vn -0 -0 -1
vn 0 0 -1
vn 0 0 -1
vn -0 -0 -1
vn -0 -0 -1
vn 0 0 -1
vn -0 -0 -1
vn -0 -0 -1
vn 0 0 -1
vn 0 0 -1
vn 0 0 -1
vn -0 -0 -1
vn 0 0 -1
vn 0 0 -1
vn -0 -0 -1
vn 0 0 -1
vn 0 0 -1
vn 0 0 -1
vn -0 -0 -1
vn -0 -0 -1
vn 0 0 -1
vn -0 -0 -1
vn -0 -0 -1
vn 0 0 -1
vn -0 -0 -1
vn -0 -0 -1
vn 0 0 -1
vn 0 0 -1
vn -0 -0 -1
vn 0 0 -1
vn 0 0 -1
vn -0 -0 -1
vn 0 0 -1
vn 0 0 -1
vn -0 -0 -1
vn -0 -0 -1
vn 0 0 -1
vn 0 0 -1
vn -0 -0 -1
vn -0 -0 -1
vn 0 0 -1
vn 0 0 -1
vn -0 -0 -1
vn 0 0 -1
vn 0 0 -1
vn -0 -0 -1
vn 0 0 -1
vn 0 0 -1
vn 0 0 -1
vn -0 -0 -1
vn -0 -0 -1
vn 0 0 -1
vn -0 -0 -0.99999994
vn -0 -0 -1
vn 0 0 -1
vn -0 -0 -1
vn -0 -0 -1
vn 0 0 -1
vn 0 0 -1
vn -0 -0 -1
vn -0 -0 -1
vn 0 0 -1
vn 0 0 -1
vn -0 -0 -1
vn -0 -0 -1
vn 0 0 -1
vn 0 0 -1
vn -0 -0 -1
vn -0 -0 -1
vn 0 0 -1
vn 0 0 -1
vn -0 -0 -1
vn -0 -0 -1
vn 0 0 -1
vn 0 0 -1
vn -0 -0 -1
vn 0 0 -0.99999994
vn 0 0 -1
vn -0 -0 -1
vn -0 -0 -1
vn 0 0 -1
vn 0 0 -1
vn -0 -0 -1
vn 0 0 -1
vn 0 0 -1
vn -0 -0 -1
vn -0 -0 -1
vn 0 0 -1
vn -0 -0 -1
vn -0 -0 -1
vn 0 0 -1
vn 0 0 -1
vn -0 -0 -1
vn 0 0 -1
vn 0 0 -1
vn -0 -0 -1
vn 0 0 -1
vn 0 0 -1
vn -0 -0 -1
vn 0 0 -1
vn 0 0 -1
vn 0 0 -1
vn 0 0 -1
vn -0 -0 -1
vn 0 0 -1
vn 0 0 -1
vn -0 -0 -1
vn -0 -0 -1
vn 0 0 -1
vn -0 -0 -1
vn 0 0 -1
vn 0 0 -1
vn -0 -0 -1
vn -0 -0 -1
vn -0 -0 -1
vn 0 0 -1
vn -0 -0 -1
vn -0 -0 -1
vn 0 0 -0.99999994
vn 0 0 -1
vn -0 -0 -1
vn -0 -0 -1
vn 0 0 -1
vn 0 0 -1
vn -0 -0 -1
vn 0 0 -1
vn 0 0 -1
vn 0 0 -1
vn -0 -0 -1
vn -0 -0 -1
vn 0 0 -1
vn -0 -0 -1
vn -0 -0 -1
vn 0 0 -1
vn -0 -0 -1
vn -0 -0 -1
vn 0 0 -1
vn -0 -0 -1
vn -0 -0 -1
vn 0 0 -1
vn 0 0 -1
vn -0 -0 -1
vn -0 -0 -1
vn 0 0 -1
vn -0 -0 -1
vn -0 -0 -1
vn 0 0 -1
vn 0 0 -1
vn -0 -0 -1
vn -0 -0 -1
vn 0 0 -1
vn 0 0 -1
vn -0 -0 -1
vn 0 0 -1
vn 0 0 -1
vn -0 -0 -1
vn -0 -0 -1
vn 0 0 -1
vn 0 0 -1
vn -0 -0 -1
vn 0 0 -1
vn 0 0 -1
vn 0 0 -1
vn -0 -0 -1
vn -0 -0 -1
vn 0 0 -1
vn -0 -0 -1
vn -0 -0 -1
vn 0 0 -1
vn 0 0 -1
vn -0 -0 -1
vn -0 -0 -1
vn 0 0 -1
vn 0 0 -1
vn -0 -0 -1
vn 0 0 -1
vn 0 0 -1
vn 0 0 -1
vn -0 -0 -1
vn 0 0 -1
vn 0 0 -1
vn -0 -0 -1
vn -0 -0 -1
vn -0 -0 -1
vn -0 -0 -1
vn -0 -0 -1
vn -0 -0 -1
vn -0 -0 -1
vn -0 -0 -1
vn -0 -0 -1
vn -0 0 -1
vn 0 0 -1
vn -0 -0 -1
vn -0 -0 -1
vn -0 -0 -1
vn -0 -0 -1
vn -0 -0 -1
vn -0 0 -1
vn -0 0 -1
vn -0 0 -1
vn -0 0 -1
vn -0 -0 -1
vn -0 -0 -1
vn -0 0 -1
vn 0 0 -1
vn 0 0 -1
vn 0 0 -1
vn 0 0 -1
vn 0 0 -1
vn 0 0 -1
vn 0 0 -1
vn -0 -0 -1
vn -0 0 -1
vn -0 -0 -1
vn -0 -0 -1
vn 0 -0 -1
vn -0 -0 -1
vn -0 -0 1
vn -0 -0 1
vn 0 -0 1
vn -0 -0 1
vn -0 -0 1
vn -0 0 1
vn -0 -0 1
vn 0 0 1
vn 0 0 1
vn 0 0 1
vn 0 0 1
vn 0 0 1
vn 0 0 1
vn 0 0 1
vn -0 0 1
vn -0 -0 1
vn -0 0 1
vn -0 -0 1
vn -0 0 1
vn -0 0 1
vn -0 0 1
vn -0 -0 1
vn -0 -0 1
vn -0 -0 1
vn -0 -0 1
vn -0 -0 1
vn 0 0 1
vn -0 0 1
vn -0 -0 1
vn -0 -0 1
vn -0 -0 1
vn -0 -0 1
vn -0 -0 1
vn -0 -0 1
vn -0 -0 1
vn -0 -0 1
vn -0 -0 1
vn 0 0 1
vn 0 0 1
vn -0 -0 1
vn 0 0 1
vn 0 0 1
vn 0 0 1
vn -0 -0 1
vn 0 0 1
vn 0 0 1
vn -0 -0 1
vn -0 -0 1
vn 0 0 1
vn 0 0 1
vn -0 -0 1
vn -0 -0 1
vn 0 0 1
vn -0 -0 1
vn -0 -0 1
vn 0 0 1
vn 0 0 1
vn 0 0 1
vn -0 -0 1
vn 0 0 1
vn 0 0 1
vn -0 -0 1
vn -0 -0 1
vn 0 0 1
vn 0 0 1
vn -0 -0 1
vn 0 0 1
vn 0 0 1
vn -0 -0 1
vn -0 -0 1
vn 0 0 1
vn 0 0 1
vn -0 -0 1
vn -0 -0 1
vn 0 0 1
vn -0 -0 1
vn -0 -0 1
vn 0 0 1
vn 0 0 1
vn -0 -0 1
vn -0 -0 1
vn 0 0 1
vn -0 -0 1
vn -0 -0 1
vn 0 0 1
vn -0 -0 1
vn -0 -0 1
vn 0 0 1
vn -0 -0 1
vn -0 -0 1
vn 0 0 1
vn 0 0 1
vn 0 0 1
vn -0 -0 1
vn 0 0 1
vn 0 0 1
vn -0 -0 1
vn -0 -0 1
vn 0 0 1
vn 0 0 0.99999994
vn -0 -0 1
vn -0 -0 1
vn 0 0 1
vn -0 -0 1
vn -0 -0 1
vn -0 -0 1
vn 0 0 1
vn 0 0 1
vn -0 -0 1
vn 0 0 1
vn -0 -0 1
vn -0 -0 1
vn 0 0 1
vn 0 0 1
vn -0 -0 1
vn 0 0 1
vn 0 0 1
vn 0 0 1
vn 0 0 1
vn -0 -0 1
vn 0 0 1
vn 0 0 1
vn -0 -0 1
vn 0 0 1
vn 0 0 1
vn -0 -0 1
vn 0 0 1
vn 0 0 1
vn -0 -0 1
vn -0 -0 1
vn 0 0 1
vn -0 -0 1
vn -0 -0 1
vn 0 0 1
vn 0 0 1
vn -0 -0 1
vn 0 0 1
vn 0 0 1
vn -0 -0 1
vn -0 -0 1
vn 0 0 1
vn 0 0 0.99999994
vn -0 -0 1
vn 0 0 1
vn 0 0 1
vn -0 -0 1
vn -0 -0 1
vn 0 0 1
vn 0 0 1
vn -0 -0 1
vn -0 -0 1
vn 0 0 1
vn 0 0 1
vn -0 -0 1
vn -0 -0 1
vn 0 0 1
vn 0 0 1
vn -0 -0 1
vn -0 -0 1
vn 0 0 1
vn 0 0 1
vn -0 -0 1
vn -0 -0 1
vn 0 0 1
vn -0 -0 1
vn -0 -0 0.99999994
vn 0 0 1
vn -0 -0 1
vn -0 -0 1
vn 0 0 1
vn 0 0 1
vn 0 0 1
vn -0 -0 1
vn 0 0 1
vn 0 0 1
vn -0 -0 1
vn 0 0 1
vn 0 0 1
vn -0 -0 1
vn -0 -0 1
vn 0 0 1
vn 0 0 1
vn -0 -0 1
vn -0 -0 1
vn 0 0 1
vn 0 0 1
vn -0 -0 1
vn 0 0 1
vn 0 0 1
vn -0 -0 1
vn 0 0 1
vn 0 0 1
vn -0 -0 1
vn -0 -0 1
vn 0 0 1
vn -0 -0 1
vn -0 -0 1
vn 0 0 1
vn -0 -0 1
vn -0 -0 1
vn 0 0 1
vn 0 0 1
vn 0 0 1
vn -0 -0 1
vn 0 0 1
vn 0 0 1
vn -0 -0 1
vn 0 0 1
vn 0 0 1
vn 0 0 1
vn -0 -0 1
vn -0 -0 1
vn 0 0 1
vn -0 -0 1
vn -0 -0 1
vn 0 0 1
vn 0 0 1
vn -0 -0 1
vn 0 0 1
vn 0 0 1
vn -0 -0 1
vn -0 -0 1
vn 0 0 1
vn 0 0 1
vn -0 -0 1
vn 0 0 1
vn 0 0 1
vn -0 -0 1
vn -0 -0 1
vn 0 0 1
vn -0 -0 1
vn -0 -0 1
vn -0 -0 1
vn 0 0 1
vn -0 -0 1
vn -0 -0 1
vn 0 0 1
vn 0 0 1
vn 0 0 1
vn -0 -0 1
vn -0 -0 1
vn 0 0 1
vn -0 -0 1
vn -0 -0 1
vn 0 0 1
vn 0 0 1
vn -0 -0 1
vn -0 -0 1
vn 0 0 1
vn 0 0 1
vn -0 -0 1
vn 0 0 1
vn 0 0 1
vn 0 0 1
vn -0 -0 1
vn 0 0 1
vn 0 0 1
vn -0 -0 1
vn -0 -0 1
vn 0 0 1
vn 0 0 1
vn -0 -0 1
vn -0 -0 1
vn 0 0 1
vn -0 -0 1
vn -0 -0 1
vn 0 0 1
vn 0 0 1
vn 0 0 1
vn -0 -0 1
vn 0 0 1
vn 0 0 1
vn -0 -0 1
vn 0 0 1
vn -0 -0 1
vn -0 -0 1
vn 0 0 1
vn 0 0 1
vn -0 -0 1
vn 0 0 1
vn 0 0 1
vn -0 -0 1
vn -0 -0 1
vn 0 0 1
vn 0 0 1
vn -0 -0 1
vn -0 -0 1
vn 0 0 1
vn 0 0 1
vn -0 -0 1
vn -0 -0 1
vn 0 0 1
vn -0 -0 1
vn 0 0 1
vn -0 -0 1
vn 0 0 1
vn -0 -0 1
vn 0 0 1
vn -0 -0 1
vn -0 -0 1
vn 0 0 1
vn 0 0 1
vn -0 -0 1
vn 0 0 1
vn 0 0 1
vn -0 -0 1
vn 0 0 1
vn 0 0 1
vn 0 0 1
vn -0 -0 1
vn -0 -0 1
vn 0 0 1
vn -0 -0 1
vn -0 -0 1
vn -0 -0 1
vn 0 0 1
vn 0 0 1
vn -0 -0 1
vn 0 0 1
vn -0 -0 1
vn -0 -0 1
vn 0 0 1
vn -0 -0 1
vn -0 -0 1
vn 0 0 1
vn -0 -0 1
vn 0 0 1
vn 0 0 1
vn 0 0 1
vn 0 0 1
vn -0 -0 1
vn 0 0 1
vn -0 -0 1
vn -0 -0 1
vn 0 0 1
vn 0 0 1
vn -0 -0 1
vn -0 -0 1
vn 0 0 1
vn -0 -0 1
vn -0 -0 1
vn -0 -0 1
vn 0 0 1
vn 0 0 1
vn -0 -0 1
vn 0 0 1
vn 0 0 1
vn -0 -0 1
vn -0 -0 1
vn 0 0 1
vn 0 0 1
vn -0 -0 1
vn 0 0 1
vn 0 0 1
vn -0 -0 1
vn -0 -0 1
vn 0 0 1
vn 0 0 1
vn -0 -0 1
vn 0 0 1
vn 0 0 1
vn -0 -0 1
vn -0 -0 1
vn 0 0 1
vn -0 -0 1
vn 0 0 1
vn 0 0 1
vn -0 -0 1
vn -0 -0 1
vn 0 0 1
vn 0 0 1
vn -0 -0 1
vn -0 -0 1
vn 0 0 1
vn 0 0 1
vn 0 0 1
vn -0 -0 1
vn 0 0 1
vn 0 0 1
vn -0 -0 1
vn -0 -0 1
vn 0 0 1
vn 0 0 1
vn -0 -0 1
vn 0 0 1
vn 0 0 1
vn -0 -0 1
vn -0 -0 1
vn 0 0 1
vn -0 -0 1
vn -0 -0 1
vn -0 -0 1
vn 0 0 1
vn 0 0 1
vn -0 -0 1
vn -0 -0 1
vn 0 0 1
vn 0 0 1
vn -0 -0 1
vn 0 0 1
vn 0 0 1
vn -0 -0 1
vn 0 0 1
vn 0 0 1
vn -0 -0 1
vn -0 -0 1
vn 0 0 1
vn 0 0 1
vn 0 0 1
vn -0 -0 1
vn 0 0 1
vn 0 0 1
vn -0 -0 0.99999994
vn 0 0 1
vn 0 0 1
vn -0 -0 1
vn 0 0 1
vn 0 0 1
vn -0 -0 1
vn -0 -0 1
vn 0 0 0.99999994
vn -0 -0 1
vn -0 -0 1
vn 0 0 1
vn 0 0 1
vn -0 -0 1
vn -0 -0 1
vn 0 0 1
vn 0 0 1
vn -0 -0 1
vn 0 0 1
vn 0 0 1
vn -0 -0 1
vn 0 0 1
vn 0 0 1
vn 0 0 1
vn -0 -0 1
vn -0 -0 1
vn 0 0 1
vn -0 -0 1
vn -0 -0 1
vn -0 -0 1
vn 0 0 1
vn 0 0 1
vn -0 -0 1
vn 0 0 1
vn 0 0 1
vn -0 -0 1
vn -0 -0 1
vn 0 0 1
vn -0 -0 0.99999994
vn -0 -0 1
vn 0 0 1
vn 0 0 1
vn -0 -0 1
vn -0 -0 1
vn 0 0 1
vn 0 0 1
vn -0 -0 1
vn -0 -0 1
vn 0 0 1
vn 0 0 1
vn -0 -0 1
vn 0 0 1
vn 0 0 1
vn -0 -0 1
vn 0 0 1
vn 0 0 0.99999994
vn -0 -0 1
vn -0 -0 1
vn -0 -0 1
vn 0 0 1
vn -0 -0 1
vn -0 -0 1
vn 0 0 1
vn 0 0 1
vn 0 0 1
vn -0 -0 1
vn -0 -0 1
vn 0 0 1
vn -0 -0 1
vn -0 -0 1
vn 0 0 1
vn -0 -0 1
vn 0 0 1
vn -0 -0 1
vn -0 -0 1
vn 0 0 1
vn -0 -0 1
vn -0 -0 1
vn -0 -0 1
vn 0 0 1
vn 0 0 1
vn -0 -0 1
vn -0 -0 1
vn 0 0 1
vn 0 0 1
vn -0 -0 1
vn -0 -0 1
vn 0 0 1
vn -0 -0 1
vn -0 -0 1
vn 0 0 1
vn 0 0 1
vn -0 -0 1
vn -0 -0 1
vn -0 -0 1
vn 0 0 1
vn -0 -0 1
vn 0 0 1
vn 0 0 1
vn 0 0 1
vn -0 -0 1
vn -0 -0 1
vn 0 0 1
vn -0 -0 1
vn 0 0 1
vn 0 0 1
vn 0 0 1
vn -0 -0 1
vn 0 0 1
vn -0 -0 1
vn -0 -0 1
vn 0 0 1
vn 0 0 1
vn -0 -0 1
vn 0 0 1
vn -0 -0 1
vn 0 0 1
vn 0 0 1
vn -0 -0 1
vn -0 -0 1
vn 0 0 1
vn 0 0 1
vn 0 0 1
vn -0 -0 1
vn 0 0 1
vn 0 0 1
vn -0 -0 1
vn 0 0 1
vn 0 0 1
vn -0 -0 1
vn -0 -0 1
vn 0 0 1
vn 0 0 1
vn -0 -0 1
vn -0 -0 1
vn 0 0 1
vn -0 -0 1
vn -0 -0 1
vn 0 0 1
vn 0 0 1
vn -0 -0 1
vn 0 0 1
vn -0 -0 1
vn -0 -0 1
vn 0 0 1
vn 0 0 1
vn -0 -0 0.99999994
vn -0 -0 1
vn 0 0 1
vn -0 -0 1
vn 0 0 1
vn 0 0 1
vn 0 0 1
vn -0 -0 1
vn 0 0 1
vn -0 -0 1
vn -0 -0 1
vn -0 -0 1
vn 0 0 1
vn 0 0 1
vn -0 -0 1
vn -0 -0 1
vn 0 0 1
vn -0 -0 1
vn -0 -0 1
vn -0 -0 1
vn 0 0 0.99999994
vn -0 -0 1
vn -0 -0 1
vn 0 0 1
vn 0 0 1
vn -0 -0 1
vn -0 -0 1
vn 0 0 1
vn 0 0 1
vn -0 -0 1
vn 0 0 1
vn 0 0 1
vn -0 -0 1
vn -0 -0 1
vn 0 0 1
vn 0 0 1
vn -0 -0 1
vn -0 -0 1
vn 0 0 1
vn -0 -0 1
vn -0 -0 1
vn -0 -0 1
vn 0 0 1
vn 0 0 1
vn -0 -0 1
vn 0 0 1
vn 0 0 1
vn -0 -0 1
vn -0 -0 1
vn 0 0 1
vn -0 -0 1
vn 0 0 1
vn 0 0 1
vn -0 -0 1
vn -0 -0 1
vn 0 0 1
vn 0 0 1
vn -0 -0 1
vn 0 0 1
vn 0 0 1
vn 0 0 1
vn -0 -0 1
vn 0 0 0.99999994
vn 0 0 1
vn -0 -0 1
vn -0 -0 1
vn 0 0 0.99999994
vn -0 -0 1
vn -0 -0 1
vn -0 -0 1
vn 0 0 1
vn -0 -0 1
vn -0 -0 1
vn 0 0 1
vn 0 0 1
vn -0 -0 1
vn -0 -0 1
vn 0 0 1
vn 0 0 1
vn -0 -0 1
vn 0 0 1
vn 0 0 1
vn -0 -0 1
vn -0 -0 1
vn 0 0 1
vn 0 0 1
vn -0 -0 1
vn 0 0 1
vn -0 -0 1
vn -0 -0 1
vn -0 -0 1
vn 0 0 1
vn 0 0 1
vn -0 -0 1
vn 0 0 1
vn 0 0 1
vn -0 -0 1
vn -0 -0 1
vn 0 0 1
vn -0 -0 1
vn -0 -0 1
vn 0 0 1
vn -0 -0 1
vn -0 -0 1
vn 0 0 1
vn 0 0 1
vn 0 0 1
vn -0 -0 1
vn 0 0 1
vn -0 -0 1
vn -0 -0 1
vn -0 -0 1
vn 0 0 1
vn 0 0 1
vn -0 -0 1
vn 0 0 1
vn 0 0 1
vn -0 -0 1
vn -0 -0 1
vn 0 0 1
vn -0 -0 1
vn -0 -0 1
vn 0 0 1
vn 0 0 1
vn -0 -0 1
vn 0 0 1
vn 0 0 1
vn -0 -0 1
vn -0 -0 1
vn 0 0 1
vn -0 -0 1
vn 0 0 1
vn -0 -0 1
vn 0 0 1
vn 0 0 1
vn -0 -0 1
vn 0 0 1
vn 0 0 1
vn -0 -0 1
vn 0 0 1
vn 0 0 1
vn -0 -0 1
vn 0 0 1
vn -0 -0 1
vn -0 -0 1
vn -0 -0 1
vn 0 0 1
vn -0 -0 1
vn -0 -0 1
vn 0 0 1
vn 0 0 1
vn -0 -0 1
vn -0 -0 1
vn -0 -0 1
vn 0 0 1
vn -0 -0 1
vn -0 -0 1
vn 0 0 1
vn 0 0 1
vn -0 -0 1
vn 0 0 1
vn 0 0 1
vn -0 -0 1
vn -0 -0 1
vn 0 0 1
vn -0 -0 1
vn 0 0 1
vn -0 -0 1
vn -0 -0 1
vn 0 0 1
vn 0 0 1
vn 0 0 1
vn -0 -0 1
vn -0 -0 1
vn 0 0 1
vn -0 -0 1
vn -0 -0 1
vn 0 0 1
vn 0 0 1
vn 0 0 1
vn -0 -0 1
vn -0 -0 1
vn 0 0 1
vn -0 -0 1
vn 0 0 1
vn 0 0 1
vn 0 0 1
vn -0 -0 1
vn 0 0 1
vn 0 0 1
vn -0 -0 1
vn -0 -0 1
vn 0 0 1
vn 0 0 1
vn -0 -0 1
vn -0 -0 1
vn 0 0 1
vn -0 -0 1
vn -0 -0 1
vn 0 0 1
vn 0 0 1
vn -0 -0 1
vn -0 -0 1
vn 0 0 1
vn 0 0 1
vn -0 -0 1
vn 0 0 1
vn -0 -0 1
vn 0 0 1
vn -0 -0 1
vn 0 0 1
vn 0 0 1
vn -0 -0 1
vn 0 0 1
vn 0 0 1
vn 0 0 1
vn -0 -0 1
vn 0 0 1
vn 0 0 1
vn -0 -0 1
vn -0 -0 1
vn 0 0 1
vn 0 0 1
vn -0 -0 1
vn -0 -0 1
vn 0 0 1
vn -0 -0 1
vn -0 -0 1
vn 0 0 1
vn 0 0 1
vn -0 -0 1
vn -0 -0 1
vn 0 0 1
vn -0 -0 1
vn -0 -0 1
vn 0 0 1
vn 0 0 1
vn -0 -0 1
vn 0 0 1
vn 0 0 1
vn -0 -0 1
vn 0 0 1
vn 0 0 1
vn 0 0 1
vn -0 -0 1
vn -0 -0 1
vn 0 0 1
vn -0 -0 1
vn -0 -0 1
vn 0 0 1
vn 0 0 1
vn 0 0 1
vn -0 -0 1
vn -0 -0 1
vn 0 0 1
vn -0 -0 1
vn -0 -0 1
vn -0 -0 1
vn 0 0 0.99999994
vn -0 -0 1
vn -0 -0 1
vn 0 0 1
vn -0 -0 1
vn 0 0 1
vn 0 0 1
vn 0 0 1
vn -0 -0 1
vn 0 0 1
vn 0 0 1
vn -0 -0 1
vn 0 0 1
vn 0 0 1
vn 0 0 1
vn -0 -0 1
vn 0 0 1
vn 0 0 1
vn -0 -0 1
vn -0 -0 1
vn 0 0 1
vn -0 -0 1
vn -0 -0 1
vn 0 0 1
vn 0 0 1
vn -0 -0 1
vn 0 0 0.99999994
vn -0 -0 1
vn 0 0 1
vn 0 0 1
vn -0 -0 1
vn 0 0 1
vn -0 -0 1
vn 0 0 1
vn 0 0 1
vn -0 -0 1
vn 0 0 1
vn -0 -0 1
vn -0 -0 1
vn -0 -0 1
vn 0 0 1
vn 0 0 1
vn -0 -0 1
vn 0 0 1
vn 0 0 1
vn -0 -0 1
vn 0 0 1
vn 0 0 1
vn 0 0 1
vn -0 -0 1
vn -0 -0 1
vn 0 0 1
vn -0 -0 1
vn -0 -0 1
vn -0 -0 1
vn 0 0 1
vn 0 0 1
vn -0 -0 1
vn 0 0 1
vn 0 0 1
vn -0 -0 1
vn -0 -0 1
vn 0 0 1
vn 0 0 1
vn -0 -0 1
vn -0 -0 1
vn 0 0 1
vn 0 0 1
vn -0 -0 1
vn -0 -0 1
vn 0 0 1
vn -0 -0 1
vn -0 -0 1
vn 0 0 1
vn -0 -0 1
vn -0 -0 1
vn 0 0 1
vn 0 0 0.99999994
vn -0 -0 1
vn 0 0 1
vn -0 -0 1
vn -0 -0 0.99999994
vn 0 0 1
vn 0 0 1
vn 0 0 1
vn -0 -0 1
vn 0 0 1
vn -0 -0 1
vn -0 -0 1
vn 0 0 1
vn 0 0 1
vn -0 -0 1
vn 0 0 1
vn -0 -0 1
vn -0 -0 1
vn -0 -0 1
vn 0 0 1
vn 0 0 1
vn -0 -0 1
vn 0 0 1
vn 0 0 1
vn -0 -0 1
vn -0 -0 1
vn 0 0 1
vn 0 0 1
vn -0 -0 1
vn 0 0 1
vn 0 0 1
vn -0 -0 1
vn -0 -0 1
vn 0 0 1
vn 0 0 1
vn -0 -0 1
vn -0 -0 1
vn 0 0 1
vn 0 0 1
vn -0 -0 1
vn 0 0 1
vn 0 0 1
vn -0 -0 1
vn 0 0 1
vn 0 0 1
vn -0 -0 0.99999994
vn -0 -0 1
vn 0 0 1
vn 0 0 1
vn -0 -0 1
vn 0 0 1
vn 0 0 1
vn 0 0 1
vn -0 -0 1
vn -0 -0 1
vn -0 -0 1
vn -0.847694695 -0.530484498 0
vn -0.847694695 -0.530484498 0
vn -0.880427778 -0.474180311 0
vn -0.880427778 -0.474180311 0
vn -0.880427778 -0.474180311 0
vn -0.880427778 -0.474180311 0
vn -0.889842153 -0.456268638 0
vn -0.889842153 -0.456268638 0
vn -0.889842153 -0.456268638 0
vn -0.889842153 -0.456268638 0
vn -0.903844297 -0.427861452 0
vn -0.903844297 -0.427861452 0
vn -0.903844297 -0.427861452 0
vn -0.903844297 -0.427861452 0
vn -0.904988825 -0.425435394 0
vn -0.904988825 -0.425435394 0
vn -0.904988825 -0.425435394 0
vn -0.904988825 -0.425435394 0
vn -0.883855283 -0.467760473 0
vn -0.883855283 -0.467760473 0
vn -0.883855283 -0.467760473 0
vn -0.883855283 -0.467760473 0
vn -0.857478619 -0.514519751 0
vn -0.857478619 -0.514519751 0
vn -0.857478619 -0.514519751 0
vn -0.857478619 -0.514519751 0
vn -0.892714322 -0.450623065 0
vn -0.892714322 -0.450623065 0
vn -0.892714322 -0.450623065 0
vn -0.892714322 -0.450623065 0
vn -0.899834573 -0.436231434 0
vn -0.899834573 -0.436231434 0
vn -0.899834573 -0.436231434 0
vn -0.899834573 -0.436231434 0
vn -0.867348671 -0.497700989 0
vn -0.867348671 -0.497700989 0
vn -0.867348671 -0.497700989 0
vn -0.867348671 -0.497700989 0
vn -0.872174501 -0.4891949 0
vn -0.872174501 -0.4891949 0
vn -0.872174501 -0.4891949 0
vn -0.872174501 -0.4891949 0
vn -0.891168118 -0.453673273 0
vn -0.891168118 -0.453673273 0
vn -0.891168118 -0.453673273 0
vn -0.891168118 -0.453673273 0
vn -0.883677423 -0.468096346 0
vn -0.883677423 -0.468096346 0
vn -0.883677423 -0.468096346 0
vn -0.883677423 -0.468096346 0
vn -0.862826049 -0.505500853 0
vn -0.862826049 -0.505500853 0
vn -0.862826049 -0.505500853 0
vn -0.862826049 -0.505500853 0
vn -0.906977773 -0.42117852 0
vn -0.906977773 -0.42117852 0
vn -0.906977773 -0.42117852 0
vn -0.906977773 -0.42117852 0
vn -0.908759594 -0.417319924 0
vn -0.908759594 -0.417319924 0
vn -0.908759594 -0.417319924 0
vn -0.908759594 -0.417319924 0
vn -0.8848719 -0.465834409 0
vn -0.8848719 -0.465834409 0
vn -0.8848719 -0.465834409 0
vn -0.8848719 -0.465834409 0
vn -0.875619292 -0.483002037 0
vn -0.875619292 -0.483002037 0
vn -0.875619292 -0.483002037 0
vn -0.875619292 -0.483002037 0
vn -0.88711673 -0.461545229 0
vn -0.88711673 -0.461545229 0
vn -0.88711673 -0.461545229 0
vn -0.88711673 -0.461545229 0
vn -0.863542557 -0.504275978 0
vn -0.863542557 -0.504275978 0
vn -0.863542557 -0.504275978 0
vn -0.863542557 -0.504275978 0
vn -0.868301272 -0.496037245 0
vn -0.868301272 -0.496037245 0
vn -0.868301272 -0.496037245 0
vn -0.868301272 -0.496037245 0
vn -0.891531229 -0.452959359 0
vn -0.891531229 -0.452959359 0
vn -0.891531229 -0.452959359 0
vn -0.891531229 -0.452959359 0
vn -0.888234138 -0.459390819 0
vn -0.888234138 -0.459390819 0
vn -0.888234138 -0.459390819 0
vn -0.888234138 -0.459390819 0
vn -0.8746261 -0.484798104 0
vn -0.8746261 -0.484798104 0
vn -0.8746261 -0.484798104 0
vn -0.8746261 -0.484798104 0
vn -0.891106606 -0.453793913 0
vn -0.891106606 -0.453793913 0
vn -0.891106606 -0.453793913 0
vn -0.891106606 -0.453793913 0
vn -0.918569386 -0.395260036 0
vn -0.918569386 -0.395260036 0
vn -0.918569386 -0.395260036 0
vn -0.918569386 -0.395260036 0
vn -0.900890589 -0.434046239 0
vn -0.900890589 -0.434046239 0
vn -0.900890589 -0.434046239 0
vn -0.900890589 -0.434046239 0
vn -0.856076896 -0.516848445 0
vn -0.856076896 -0.516848445 0
vn -0.856076896 -0.516848445 0
vn -0.856076896 -0.516848445 0
vn -0.878561497 -0.477629125 0
vn -0.878561497 -0.477629125 0
vn -0.878561497 -0.477629125 0
vn -0.878561497 -0.477629125 0
vn -0.888804197 -0.458287209 0
vn -0.888804197 -0.458287209 0
vn -0.888804197 -0.458287209 0
vn -0.888804197 -0.458287209 0
vn -0.849182725 -0.52809912 0
vn -0.849182725 -0.52809912 0
vn -0.849182725 -0.52809912 0
vn -0.849182725 -0.52809912 0
vn -0.864473939 -0.502677798 0
vn -0.864473939 -0.502677798 0
vn -0.864473939 -0.502677798 0
vn -0.864473939 -0.502677798 0
vn -0.898540556 -0.438890517 0
vn -0.898540556 -0.438890517 0
vn -0.898540556 -0.438890517 0
vn -0.898540556 -0.438890517 0
vn -0.894822776 -0.446421623 0
vn -0.894822776 -0.446421623 0
vn -0.894822776 -0.446421623 0
vn -0.894822776 -0.446421623 0
vn -0.87221694 -0.489119232 0
vn -0.87221694 -0.489119232 0
vn -0.87221694 -0.489119232 0
vn -0.87221694 -0.489119232 0
vn -0.887225389 -0.461336374 0
vn -0.887225389 -0.461336374 0
vn -0.887225389 -0.461336374 0
vn -0.887225389 -0.461336374 0
vn -0.907014728 -0.421098918 0
vn -0.907014728 -0.421098918 0
vn -0.907014728 -0.421098918 0
vn -0.907014728 -0.421098918 0
vn -0.869375706 -0.494151652 0
vn -0.869375706 -0.494151652 0
vn -0.869375706 -0.494151652 0
vn -0.869375706 -0.494151652 0
vn -0.847604871 -0.530627906 0
vn -0.847604871 -0.530627906 0
vn -0.847604871 -0.530627906 0
vn -0.847604871 -0.530627906 0
vn -0.877933204 -0.478783071 0
vn -0.877933204 -0.478783071 0
vn -0.877933204 -0.478783071 0
vn -0.877933204 -0.478783071 0
vn -0.886855781 -0.462046444 0
vn -0.886855781 -0.462046444 0
vn -0.886855781 -0.462046444 0
vn -0.886855781 -0.462046444 0
vn -0.872685373 -0.488282979 0
vn -0.872685373 -0.488282979 0
vn -0.872685373 -0.488282979 0
vn -0.872685373 -0.488282979 0
vn -0.883312881 -0.468784034 0
vn -0.883312881 -0.468784034 0
vn -0.883312881 -0.468784034 0
vn -0.883312881 -0.468784034 0
vn -0.901441038 -0.432901919 0
vn -0.901441038 -0.432901919 0
vn -0.901441038 -0.432901919 0
vn -0.901441038 -0.432901919 0
vn -0.88529563 -0.465028703 0
vn -0.88529563 -0.465028703 0
vn -0.88529563 -0.465028703 0
vn -0.88529563 -0.465028703 0
vn -0.88373065 -0.467995971 0
vn -0.88373065 -0.467995971 0
vn -0.88373065 -0.467995971 0
vn -0.88373065 -0.467995971 0
vn -0.896390736 -0.443264604 0
vn -0.896390736 -0.443264604 0
vn -0.896390736 -0.443264604 0
vn -0.896390736 -0.443264604 0
vn -0.874904811 -0.484294981 0
vn -0.874904811 -0.484294981 0
vn -0.874904811 -0.484294981 0
vn -0.874904811 -0.484294981 0
vn -0.884522855 -0.466496736 0
vn -0.884522855 -0.466496736 0
vn -0.884522855 -0.466496736 0
vn -0.884522855 -0.466496736 0
vn -0.901842237 -0.432065398 0
vn -0.901842237 -0.432065398 0
vn -0.901842237 -0.432065398 0
vn -0.901842237 -0.432065398 0
vn -0.8848508 -0.465874463 0
vn -0.8848508 -0.465874463 0
vn -0.8848508 -0.465874463 0
vn -0.8848508 -0.465874463 0
vn -0.862394631 -0.506236613 0
vn -0.862394631 -0.506236613 0
vn -0.862394631 -0.506236613 0
vn -0.862394631 -0.506236613 0
vn -0.853182077 -0.521613181 0
vn -0.853182077 -0.521613181 0
vn -0.853182077 -0.521613181 0
vn -0.853182077 -0.521613181 0
vn -0.883219481 -0.468959808 0
vn -0.883219481 -0.468959808 0
vn -0.883219481 -0.468959808 0
vn -0.883219481 -0.468959808 0
vn -0.88057214 -0.473912001 0
vn -0.88057214 -0.473912001 0
vn -0.88057214 -0.473912001 0
vn -0.88057214 -0.473912001 0
vn -0.907633841 -0.419762969 0
vn -0.907633841 -0.419762969 0
vn -0.907633841 -0.419762969 0
vn -0.907633841 -0.419762969 0
vn -0.905808806 -0.423686683 0
vn -0.905808806 -0.423686683 0
vn -0.905808806 -0.423686683 0
vn -0.905808806 -0.423686683 0
vn -0.851894498 -0.52371335 0
vn -0.851894498 -0.52371335 0
vn -0.851894498 -0.52371335 0
vn -0.851894498 -0.52371335 0
vn -0.870859444 -0.491532087 0
vn -0.870859444 -0.491532087 0
vn -0.870859444 -0.491532087 0
vn -0.870859444 -0.491532087 0
vn -0.889654279 -0.45663482 0
vn -0.889654279 -0.45663482 0
vn -0.889654279 -0.45663482 0
vn -0.889654279 -0.45663482 0
vn -0.874900758 -0.484302133 0
vn -0.874900758 -0.484302133 0
vn -0.874900758 -0.484302133 0
vn -0.874900758 -0.484302133 0
vn -0.880673587 -0.47372362 0
vn -0.880673587 -0.47372362 0
vn -0.880673587 -0.47372362 0
vn -0.880673587 -0.47372362 0
vn -0.912434459 -0.409222752 0
vn -0.912434459 -0.409222752 0
vn -0.912434459 -0.409222752 0
vn -0.912434459 -0.409222752 0
vn -0.894115329 -0.447836697 0
vn -0.894115329 -0.447836697 0
vn -0.894115329 -0.447836697 0
vn -0.894115329 -0.447836697 0
vn -0.875184298 -0.483789623 0
vn -0.875184298 -0.483789623 0
vn -0.875184298 -0.483789623 0
vn -0.875184298 -0.483789623 0
vn -0.896334469 -0.443378538 0
vn -0.896334469 -0.443378538 0
vn -0.896334469 -0.443378538 0
vn -0.896334469 -0.443378538 0
vn -0.896218777 -0.443612248 0
vn -0.896218777 -0.443612248 0
vn -0.896218777 -0.443612248 0
vn -0.896218777 -0.443612248 0
vn -0.863636553 -0.504114866 0
vn -0.863636553 -0.504114866 0
vn -0.863636553 -0.504114866 0
vn -0.863636553 -0.504114866 0
vn -0.860902488 -0.508769929 0
vn -0.860902488 -0.508769929 0
vn -0.860902488 -0.508769929 0
vn -0.860902488 -0.508769929 0
vn -0.891167104 -0.45367521 0
vn -0.891167104 -0.45367521 0
vn -0.891167104 -0.45367521 0
vn -0.891167104 -0.45367521 0
vn -0.881728053 -0.471758038 0
vn -0.881728053 -0.471758038 0
vn -0.881728053 -0.471758038 0
vn -0.881728053 -0.471758038 0
vn -0.85792619 -0.513773024 0
vn -0.85792619 -0.513773024 0
vn -0.85792619 -0.513773024 0
vn -0.85792619 -0.513773024 0
vn -0.872132063 -0.489270627 0
vn -0.872132063 -0.489270627 0
vn -0.872132063 -0.489270627 0
vn -0.872132063 -0.489270627 0
vn -0.899040282 -0.437865943 0
vn -0.899040282 -0.437865943 0
vn -0.899040282 -0.437865943 0
vn -0.899040282 -0.437865943 0
vn -0.89407599 -0.447915435 0
vn -0.89407599 -0.447915435 0
vn -0.89407599 -0.447915435 0
vn -0.89407599 -0.447915435 0
vn -0.870199859 -0.492698967 0
vn -0.870199859 -0.492698967 0
vn -0.870199859 -0.492698967 0
vn -0.870199859 -0.492698967 0
vn -0.892918468 -0.450218379 0
vn -0.892918468 -0.450218379 0
vn -0.892918468 -0.450218379 0
vn -0.892918468 -0.450218379 0
vn -0.901838005 -0.432074398 0
vn -0.901838005 -0.432074398 0
vn -0.901838005 -0.432074398 0
vn -0.901838005 -0.432074398 0
vn -0.873618722 -0.486611068 0
vn -0.873618722 -0.486611068 0
vn -0.873618722 -0.486611068 0
vn -0.873618722 -0.486611068 0
vn -0.877179682 -0.480162263 0
vn -0.877179682 -0.480162263 0
vn -0.877179682 -0.480162263 0
vn -0.877179682 -0.480162263 0
vn -0.897044539 -0.44193998 0
vn -0.897044539 -0.44193998 0
vn -0.897044539 -0.44193998 0
vn -0.897044539 -0.44193998 0
vn -0.905533612 -0.424274474 0
vn -0.905533612 -0.424274474 0
vn -0.905533612 -0.424274474 0
vn -0.905533612 -0.424274474 0
vn -0.883055687 -0.469268143 0
vn -0.883055687 -0.469268143 0
vn -0.883055687 -0.469268143 0
vn -0.883055687 -0.469268143 0
vn -0.86705327 -0.498215437 0
vn -0.86705327 -0.498215437 0
vn -0.86705327 -0.498215437 0
vn -0.86705327 -0.498215437 0
vn -0.890358031 -0.455260932 0
vn -0.890358031 -0.455260932 0
vn -0.890358031 -0.455260932 0
vn -0.890358031 -0.455260932 0
vn -0.884954274 -0.465678096 0
vn -0.884954274 -0.465678096 0
vn -0.884954274 -0.465678096 0
vn -0.884954274 -0.465678096 0
vn -0.856061935 -0.51687324 0
vn -0.856061935 -0.51687324 0
vn -0.856061935 -0.51687324 0
vn -0.856061935 -0.51687324 0
vn -0.8419981 -0.539480448 0
vn -0.8419981 -0.539480448 0
vn -0.8419981 -0.539480448 0
vn -0.8419981 -0.539480448 0
vn -0.877816737 -0.478996545 0
vn -0.877816737 -0.478996545 0
vn -0.877816737 -0.478996545 0
vn -0.877816737 -0.478996545 0
vn -0.878270507 -0.478164136 0
vn -0.878270507 -0.478164136 0
vn -0.878270507 -0.478164136 0
vn -0.878270507 -0.478164136 0
vn -0.815433383 -0.578850985 0
vn -0.815433383 -0.578850985 0
vn -0.815433383 -0.578850985 0
vn -0.815433383 -0.578850985 0
vn -0.855998874 -0.516977787 0
vn -0.855998874 -0.516977787 0
vn -0.855998874 -0.516977787 0
vn -0.855998874 -0.516977787 0
vn -0.906281531 -0.422674716 0
vn -0.906281531 -0.422674716 0
vn -0.906281531 -0.422674716 0
vn -0.906281531 -0.422674716 0
vn -0.876889467 -0.480692059 0
vn -0.876889467 -0.480692059 0
vn -0.876889467 -0.480692059 0
vn -0.876889467 -0.480692059 0
vn -0.867797434 -0.496918082 0
vn -0.867797434 -0.496918082 0
vn -0.867797434 -0.496918082 0
vn -0.867797434 -0.496918082 0
vn -0.893657207 -0.448750257 0
vn -0.893657207 -0.448750257 0
vn -0.893657207 -0.448750257 0
vn -0.893657207 -0.448750257 0
vn -0.898061335 -0.439870179 0
vn -0.898061335 -0.439870179 0
vn -0.898061335 -0.439870179 0
vn -0.898061335 -0.439870179 0
vn -0.877671838 -0.479262114 0
vn -0.877671838 -0.479262114 0
vn -0.877671838 -0.479262114 0
vn -0.877671838 -0.479262114 0
vn -0.893090487 -0.449876994 0
vn -0.893090487 -0.449876994 0
vn -0.893090487 -0.449876994 0
vn -0.893090487 -0.449876994 0
vn -0.911433518 -0.411447257 0
vn -0.911433518 -0.411447257 0
vn -0.911433518 -0.411447257 0
vn -0.911433518 -0.411447257 0
vn -0.878473997 -0.477790147 0
vn -0.878473997 -0.477790147 0
vn -0.878473997 -0.477790147 0
vn -0.878473997 -0.477790147 0
vn -0.870009303 -0.493035257 0
vn -0.870009303 -0.493035257 0
vn -0.870009303 -0.493035257 0
vn -0.870009303 -0.493035257 0
vn -0.867624402 -0.497220278 0
vn -0.867624402 -0.497220278 0
vn -0.867624402 -0.497220278 0
vn -0.867624402 -0.497220278 0
vn -0.868257761 -0.4961133 0
vn -0.868257761 -0.4961133 0
vn -0.868257761 -0.4961133 0
vn -0.868257761 -0.4961133 0
vn -0.872893095 -0.487911403 0
vn -0.872893095 -0.487911403 0
vn -0.872893095 -0.487911403 0
vn -0.872893095 -0.487911403 0
vn -0.858652294 -0.51255852 0
vn -0.858652294 -0.51255852 0
vn -0.858652294 -0.51255852 0
vn -0.858652294 -0.51255852 0
vn -0.887286603 -0.461218536 0
vn -0.887286603 -0.461218536 0
vn -0.887286603 -0.461218536 0
vn -0.887286603 -0.461218536 0
vn -0.902191639 -0.431335539 0
vn -0.902191639 -0.431335539 0
vn -0.902191639 -0.431335539 0
vn -0.902191639 -0.431335539 0
vn -0.899473846 -0.436974645 0
vn -0.899473846 -0.436974645 0
vn -0.899473846 -0.436974645 0
vn -0.899473846 -0.436974645 0
vn -0.889390945 -0.457147419 0
vn -0.889390945 -0.457147419 0
vn -0.889390945 -0.457147419 0
vn -0.889390945 -0.457147419 0
vn -0.862464905 -0.506116807 0
vn -0.862464905 -0.506116807 0
vn -0.862464905 -0.506116807 0
vn -0.862464905 -0.506116807 0
vn -0.881304443 -0.472548991 0
vn -0.881304443 -0.472548991 0
vn -0.881304443 -0.472548991 0
vn -0.881304443 -0.472548991 0
vn -0.895309448 -0.445444614 0
vn -0.895309448 -0.445444614 0
vn -0.895309448 -0.445444614 0
vn -0.895309448 -0.445444614 0
vn -0.8916291 -0.452766538 0
vn -0.8916291 -0.452766538 0
vn -0.8916291 -0.452766538 0
vn -0.8916291 -0.452766538 0
vn -0.881704807 -0.471801549 0
vn -0.881704807 -0.471801549 0
vn -0.881704807 -0.471801549 0
vn -0.881704807 -0.471801549 0
vn -0.90419811 -0.427113295 0
vn -0.90419811 -0.427113295 0
vn -0.90419811 -0.427113295 0
vn -0.90419811 -0.427113295 0
vn -0.886163831 -0.463371933 0
vn -0.886163831 -0.463371933 0
vn -0.886163831 -0.463371933 0
vn -0.886163831 -0.463371933 0
vn -0.842998505 -0.537915885 0
vn -0.842998505 -0.537915885 0
vn -0.842998505 -0.537915885 0
vn -0.842998505 -0.537915885 0
vn -0.868684053 -0.495366573 0
vn -0.868684053 -0.495366573 0
vn -0.868684053 -0.495366573 0
vn -0.868684053 -0.495366573 0
vn -0.885186493 -0.465236485 0
vn -0.885186493 -0.465236485 0
vn -0.885186493 -0.465236485 0
vn -0.885186493 -0.465236485 0
vn -0.86687088 -0.498532742 0
vn -0.86687088 -0.498532742 0
vn -0.86687088 -0.498532742 0
vn -0.86687088 -0.498532742 0
vn -0.853798807 -0.520603061 0
vn -0.853798807 -0.520603061 0
vn -0.853798807 -0.520603061 0
vn -0.853798807 -0.520603061 0
vn -0.873404384 -0.486995846 0
vn -0.873404384 -0.486995846 0
vn -0.873404384 -0.486995846 0
vn -0.873404384 -0.486995846 0
vn -0.899649978 -0.436611712 0
vn -0.899649978 -0.436611712 0
vn -0.899649978 -0.436611712 0
vn -0.899649978 -0.436611712 0
vn -0.866434634 -0.499290496 0
vn -0.866434634 -0.499290496 0
vn -0.866434634 -0.499290496 0
vn -0.866434634 -0.499290496 0
vn -0.867330551 -0.49773255 0
vn -0.867330551 -0.49773255 0
vn -0.867330551 -0.49773255 0
vn -0.867330551 -0.49773255 0
vn -0.900837719 -0.434155852 0
vn -0.900837719 -0.434155852 0
vn -0.900837719 -0.434155852 0
vn -0.900837719 -0.434155852 0
vn -0.88727963 -0.461231709 0
vn -0.88727963 -0.461231709 0
vn -0.88727963 -0.461231709 0
vn -0.88727963 -0.461231709 0
vn -0.862722635 -0.505677521 0
vn -0.862722635 -0.505677521 0
vn -0.862722635 -0.505677521 0
vn -0.862722635 -0.505677521 0
vn -0.881544769 -0.472100466 0
vn -0.881544769 -0.472100466 0
vn -0.881544769 -0.472100466 0
vn -0.881544769 -0.472100466 0
vn -0.884980977 -0.465627223 0
vn -0.884980977 -0.465627223 0
vn -0.884980977 -0.465627223 0
vn -0.884980977 -0.465627223 0
vn -0.872264683 -0.489034027 0
vn -0.872264683 -0.489034027 0
vn -0.872264683 -0.489034027 0
vn -0.872264683 -0.489034027 0
vn -0.907366872 -0.420339793 0
vn -0.907366872 -0.420339793 0
vn -0.907366872 -0.420339793 0
vn -0.907366872 -0.420339793 0
vn -0.879668117 -0.475587934 0
vn -0.879668117 -0.475587934 0
vn -0.879668117 -0.475587934 0
vn -0.879668117 -0.475587934 0
vn -0.836033523 -0.548678279 0
vn -0.836033523 -0.548678279 0
vn -0.836033523 -0.548678279 0
vn -0.836033523 -0.548678279 0
vn -0.862461984 -0.506121933 0
vn -0.862461984 -0.506121933 0
vn -0.862461984 -0.506121933 0
vn -0.862461984 -0.506121933 0
vn -0.886412024 -0.462897062 0
vn -0.886412024 -0.462897062 0
vn -0.886412024 -0.462897062 0
vn -0.886412024 -0.462897062 0
vn -0.875328124 -0.483529449 0
vn -0.875328124 -0.483529449 0
vn -0.875328124 -0.483529449 0
vn -0.875328124 -0.483529449 0
vn -0.847690642 -0.530490994 0
vn -0.847690642 -0.530490994 0
vn -0.847690642 -0.530490994 0
vn -0.847690642 -0.530490994 0
vn -0.879905343 -0.475149006 0
vn -0.879905343 -0.475149006 0
vn -0.879905343 -0.475149006 0
vn -0.879905343 -0.475149006 0
vn -0.909745693 -0.415165901 0
vn -0.909745693 -0.415165901 0
vn -0.909745693 -0.415165901 0
vn -0.909745693 -0.415165901 0
vn -0.89040637 -0.455166548 0
vn -0.89040637 -0.455166548 0
vn -0.89040637 -0.455166548 0
vn -0.89040637 -0.455166548 0
vn -0.865737081 -0.500498891 0
vn -0.865737081 -0.500498891 0
vn -0.865737081 -0.500498891 0
vn -0.865737081 -0.500498891 0
vn -0.868408561 -0.495849252 0
vn -0.868408561 -0.495849252 0
vn -0.868408561 -0.495849252 0
vn -0.868408561 -0.495849252 0
vn -0.889862955 -0.456227958 0
vn -0.889862955 -0.456227958 0
vn -0.889862955 -0.456227958 0
vn -0.889862955 -0.456227958 0
vn -0.880768359 -0.473547399 0
vn -0.880768359 -0.473547399 0
vn -0.880768359 -0.473547399 0
vn -0.880768359 -0.473547399 0
vn -0.872178495 -0.489187807 0
vn -0.872178495 -0.489187807 0
vn -0.872178495 -0.489187807 0
vn -0.872178495 -0.489187807 0
vn -0.900207043 -0.435462207 0
vn -0.900207043 -0.435462207 0
vn -0.900207043 -0.435462207 0
vn -0.900207043 -0.435462207 0
vn -0.915438533 -0.402457923 0
vn -0.915438533 -0.402457923 0
vn -0.915438533 -0.402457923 0
vn -0.915438533 -0.402457923 0
vn -0.891471922 -0.453076094 0
vn -0.891471922 -0.453076094 0
vn -0.891471922 -0.453076094 0
vn -0.891471922 -0.453076094 0
vn -0.856268108 -0.516531706 0
vn -0.856268108 -0.516531706 0
vn -0.856268108 -0.516531706 0
vn -0.856268108 -0.516531706 0
vn -0.881255925 -0.472639412 0
vn -0.881255925 -0.472639412 0
vn -0.881255925 -0.472639412 0
vn -0.881255925 -0.472639412 0
vn -0.887100518 -0.461576313 0
vn -0.887100518 -0.461576313 0
vn -0.887100518 -0.461576313 0
vn -0.887100518 -0.461576313 0
vn -0.851488292 -0.524373531 0
vn -0.851488292 -0.524373531 0
vn -0.851488292 -0.524373531 0
vn -0.851488292 -0.524373531 0
vn -0.880726516 -0.473625124 0
vn -0.880726516 -0.473625124 0
vn -0.880726516 -0.473625124 0
vn -0.880726516 -0.473625124 0
vn -0.897915483 -0.440167874 0
vn -0.897915483 -0.440167874 0
vn -0.897915483 -0.440167874 0
vn -0.897915483 -0.440167874 0
vn -0.86727041 -0.497837394 0
vn -0.86727041 -0.497837394 0
vn -0.86727041 -0.497837394 0
vn -0.86727041 -0.497837394 0
vn -0.86591506 -0.500191152 0
vn -0.86591506 -0.500191152 0
vn -0.86591506 -0.500191152 0
vn -0.86591506 -0.500191152 0
vn -0.898090303 -0.439811051 0
vn -0.898090303 -0.439811051 0
vn -0.898090303 -0.439811051 0
vn -0.898090303 -0.439811051 0
vn -0.896332145 -0.443383157 0
vn -0.896332145 -0.443383157 0
vn -0.896332145 -0.443383157 0
vn -0.896332145 -0.443383157 0
vn -0.877176464 -0.480168223 0
vn -0.877176464 -0.480168223 0
vn -0.877176464 -0.480168223 0
vn -0.877176464 -0.480168223 0
vn -0.889924705 -0.456107557 0
vn -0.889924705 -0.456107557 0
vn -0.889924705 -0.456107557 0
vn -0.889924705 -0.456107557 0
vn -0.887000024 -0.461769521 0
vn -0.887000024 -0.461769521 0
vn -0.887000024 -0.461769521 0
vn -0.887000024 -0.461769521 0
vn -0.871855378 -0.489763319 0
vn -0.871855378 -0.489763319 0
vn -0.871855378 -0.489763319 0
vn -0.871855378 -0.489763319 0
vn -0.869722724 -0.493540704 0
vn -0.869722724 -0.493540704 0
vn -0.869722724 -0.493540704 0
vn -0.869722724 -0.493540704 0
vn -0.900478184 -0.434901148 0
vn -0.900478184 -0.434901148 0
vn -0.900478184 -0.434901148 0
vn -0.900478184 -0.434901148 0
vn -0.885064304 -0.465468645 0
vn -0.885064304 -0.465468645 0
vn -0.885064304 -0.465468645 0
vn -0.885064304 -0.465468645 0
vn -0.849564373 -0.527484894 0
vn -0.849564373 -0.527484894 0
vn -0.849564373 -0.527484894 0
vn -0.849564373 -0.527484894 0
vn -0.883748114 -0.467962921 0
vn -0.883748114 -0.467962921 0
vn -0.883748114 -0.467962921 0
vn -0.883748114 -0.467962921 0
vn -0.893725455 -0.448614299 0
vn -0.893725455 -0.448614299 0
vn -0.893725455 -0.448614299 0
vn -0.893725455 -0.448614299 0
vn -0.873656273 -0.486543596 0
vn -0.873656273 -0.486543596 0
vn -0.873656273 -0.486543596 0
vn -0.873656273 -0.486543596 0
vn -0.870925784 -0.491414577 0
vn -0.870925784 -0.491414577 0
vn -0.870925784 -0.491414577 0
vn -0.870925784 -0.491414577 0
vn -0.888230324 -0.459398329 0
vn -0.888230324 -0.459398329 0
vn -0.888230324 -0.459398329 0
vn -0.888230324 -0.459398329 0
vn -0.898678422 -0.43860817 0
vn -0.898678422 -0.43860817 0
vn -0.898678422 -0.43860817 0
vn -0.898678422 -0.43860817 0
vn -0.875726283 -0.482807934 0
vn -0.875726283 -0.482807934 0
vn -0.875726283 -0.482807934 0
vn -0.875726283 -0.482807934 0
vn -0.872109175 -0.489311427 0
vn -0.872109175 -0.489311427 0
vn -0.872109175 -0.489311427 0
vn -0.872109175 -0.489311427 0
vn -0.885439873 -0.464753926 0
vn -0.885439873 -0.464753926 0
vn -0.885439873 -0.464753926 0
vn -0.885439873 -0.464753926 0
vn -0.874129653 -0.48569265 0
vn -0.874129653 -0.48569265 0
vn -0.874129653 -0.48569265 0
vn -0.874129653 -0.48569265 0
vn -0.861038208 -0.508540273 0
vn -0.861038208 -0.508540273 0
vn -0.861038208 -0.508540273 0
vn -0.861038208 -0.508540273 0
vn -0.888281703 -0.459299058 0
vn -0.888281703 -0.459299058 0
vn -0.888281703 -0.459299058 0
vn -0.888281703 -0.459299058 0
vn -0.906061471 -0.423146248 0
vn -0.906061471 -0.423146248 0
vn -0.906061471 -0.423146248 0
vn -0.906061471 -0.423146248 0
vn -0.880455434 -0.474128842 0
vn -0.880455434 -0.474128842 0
vn -0.880455434 -0.474128842 0
vn -0.880455434 -0.474128842 0
vn -0.894424975 -0.44721812 0
vn -0.894424975 -0.44721812 0
vn -0.894424975 -0.44721812 0
vn -0.894424975 -0.44721812 0
vn -0.886540711 -0.462650567 0
vn -0.886540711 -0.462650567 0
vn -0.886540711 -0.462650567 0
vn -0.886540711 -0.462650567 0
vn -0.855219662 -0.518265724 0
vn -0.855219662 -0.518265724 0
vn -0.855219662 -0.518265724 0
vn -0.855219662 -0.518265724 0
vn -0.845095396 -0.534615457 0
vn -0.845095396 -0.534615457 0
vn -0.845095396 -0.534615457 0
vn -0.845095396 -0.534615457 0
vn -0.877460778 -0.479648381 0
vn -0.877460778 -0.479648381 0
vn -0.877460778 -0.479648381 0
vn -0.877460778 -0.479648381 0
vn -0.88806504 -0.459717721 0
vn -0.88806504 -0.459717721 0
vn -0.88806504 -0.459717721 0
vn -0.88806504 -0.459717721 0
vn -0.838077903 -0.545550585 0
vn -0.838077903 -0.545550585 0
vn -0.838077903 -0.545550585 0
vn -0.838077903 -0.545550585 0
vn -0.862996101 -0.505210578 0
vn -0.862996101 -0.505210578 0
vn -0.862996101 -0.505210578 0
vn -0.862996101 -0.505210578 0
vn -0.912482798 -0.409114987 0
vn -0.912482798 -0.409114987 0
vn -0.912482798 -0.409114987 0
vn -0.912482798 -0.409114987 0
vn -0.896891832 -0.442250013 0
vn -0.896891832 -0.442250013 0
vn -0.896891832 -0.442250013 0
vn -0.896891832 -0.442250013 0
vn -0.851374447 -0.524558485 0
vn -0.851374447 -0.524558485 0
vn -0.851374447 -0.524558485 0
vn -0.851374447 -0.524558485 0
vn -0.862085104 -0.506763577 0
vn -0.862085104 -0.506763577 0
vn -0.862085104 -0.506763577 0
vn -0.862085104 -0.506763577 0
vn -0.898481309 -0.439011753 0
vn -0.898481309 -0.439011753 0
vn -0.898481309 -0.439011753 0
vn -0.898481309 -0.439011753 0
vn -0.872495532 -0.488622099 0
vn -0.872495532 -0.488622099 0
vn -0.872495532 -0.488622099 0
vn -0.872495532 -0.488622099 0
vn -0.851621151 -0.524157763 0
vn -0.851621151 -0.524157763 0
vn -0.851621151 -0.524157763 0
vn -0.851621151 -0.524157763 0
vn -0.889611304 -0.456718385 0
vn -0.889611304 -0.456718385 0
vn -0.889611304 -0.456718385 0
vn -0.889611304 -0.456718385 0
vn -0.896555066 -0.442932278 0
vn -0.896555066 -0.442932278 0
vn -0.896555066 -0.442932278 0
vn -0.896555066 -0.442932278 0
vn -0.874073267 -0.485794097 0
vn -0.874073267 -0.485794097 0
vn -0.874073267 -0.485794097 0
vn -0.874073267 -0.485794097 0
vn -0.858543992 -0.512739837 0
vn -0.858543992 -0.512739837 0
vn -0.858543992 -0.512739837 0
vn -0.858543992 -0.512739837 0
vn -0.915490687 -0.402339101 0
vn -0.915490687 -0.402339101 0
vn -0.915490687 -0.402339101 0
vn -0.915490687 -0.402339101 0
vn -0.906059504 -0.423150241 0
vn -0.906059504 -0.423150241 0
vn -0.906059504 -0.423150241 0
vn -0.906059504 -0.423150241 0
vn -0.873914242 -0.48608017 0
vn -0.873914242 -0.48608017 0
vn -0.873914242 -0.48608017 0
vn -0.873914242 -0.48608017 0
vn -0.878392994 -0.47793901 0
vn -0.878392994 -0.47793901 0
vn -0.878392994 -0.47793901 0
vn -0.878392994 -0.47793901 0
vn -0.893221617 -0.44961673 0
vn -0.893221617 -0.44961673 0
vn -0.893221617 -0.44961673 0
vn -0.893221617 -0.44961673 0
vn -0.876652241 -0.481124431 0
vn -0.876652241 -0.481124431 0
vn -0.876652241 -0.481124431 0
vn -0.876652241 -0.481124431 0
vn -0.86550343 -0.500902891 0
vn -0.86550343 -0.500902891 0
vn -0.86550343 -0.500902891 0
vn -0.86550343 -0.500902891 0
vn -0.889759064 -0.456430584 0
vn -0.889759064 -0.456430584 0
vn -0.889759064 -0.456430584 0
vn -0.889759064 -0.456430584 0
vn -0.890723765 -0.45454514 0
vn -0.890723765 -0.45454514 0
vn -0.890723765 -0.45454514 0
vn -0.890723765 -0.45454514 0
vn -0.858772099 -0.512357652 0
vn -0.858772099 -0.512357652 0
vn -0.858772099 -0.512357652 0
vn -0.858772099 -0.512357652 0
vn -0.869046271 -0.494730979 0
vn -0.869046271 -0.494730979 0
vn -0.869046271 -0.494730979 0
vn -0.869046271 -0.494730979 0
vn -0.88494879 -0.465688437 0
vn -0.88494879 -0.465688437 0
vn -0.88494879 -0.465688437 0
vn -0.88494879 -0.465688437 0
vn -0.886788607 -0.46217522 0
vn -0.886788607 -0.46217522 0
vn -0.886788607 -0.46217522 0
vn -0.886788607 -0.46217522 0
vn -0.873906672 -0.486093789 0
vn -0.873906672 -0.486093789 0
vn -0.873906672 -0.486093789 0
vn -0.873906672 -0.486093789 0
vn -0.865655661 -0.500639975 0
vn -0.865655661 -0.500639975 0
vn -0.865655661 -0.500639975 0
vn -0.865655661 -0.500639975 0
vn -0.90113312 -0.433542401 0
vn -0.90113312 -0.433542401 0
vn -0.90113312 -0.433542401 0
vn -0.90113312 -0.433542401 0
vn -0.884730458 -0.466103047 0
vn -0.884730458 -0.466103047 0
vn -0.884730458 -0.466103047 0
vn -0.884730458 -0.466103047 0
vn -0.849800646 -0.527104199 0
vn -0.849800646 -0.527104199 0
vn -0.849800646 -0.527104199 0
vn -0.849800646 -0.527104199 0
vn -0.888588309 -0.458705634 0
vn -0.888588309 -0.458705634 0
vn -0.888588309 -0.458705634 0
vn -0.888588309 -0.458705634 0
vn -0.898773193 -0.438413858 0
vn -0.898773193 -0.438413858 0
vn -0.898773193 -0.438413858 0
vn -0.898773193 -0.438413858 0
vn -0.879680932 -0.475564331 0
vn -0.879680932 -0.475564331 0
vn -0.879680932 -0.475564331 0
vn -0.879680932 -0.475564331 0
vn -0.860727787 -0.50906533 0
vn -0.860727787 -0.50906533 0
vn -0.860727787 -0.50906533 0
vn -0.860727787 -0.50906533 0
vn -0.878635108 -0.477493912 0
vn -0.878635108 -0.477493912 0
vn -0.878635108 -0.477493912 0
vn -0.878635108 -0.477493912 0
vn -0.912059844 -0.410057187 0
vn -0.912059844 -0.410057187 0
vn -0.912059844 -0.410057187 0
vn -0.912059844 -0.410057187 0
vn -0.891244829 -0.453522444 0
vn -0.891244829 -0.453522444 0
vn -0.891244829 -0.453522444 0
vn -0.891244829 -0.453522444 0
vn -0.870930731 -0.491405934 0
vn -0.870930731 -0.491405934 0
vn -0.870930731 -0.491405934 0
vn -0.870930731 -0.491405934 0
vn -0.849158585 -0.528137922 0
vn -0.849158585 -0.528137922 0
vn -0.849158585 -0.528137922 0
vn -0.849158585 -0.528137922 0
vn -0.810602605 -0.585596681 0
vn -0.810602605 -0.585596681 0
vn -0.810602605 -0.585596681 0
vn -0.810602605 -0.585596681 0
vn -0.902831793 -0.429993957 0
vn -0.902831793 -0.429993957 0
vn -0.902831793 -0.429993957 0
vn -0.902831793 -0.429993957 0
vn -0.890673041 -0.454644382 0
vn -0.890673041 -0.454644382 0
vn -0.890673041 -0.454644382 0
vn -0.890673041 -0.454644382 0
vn -0.873691559 -0.486480176 0
vn -0.873691559 -0.486480176 0
vn -0.873691559 -0.486480176 0
vn -0.873691559 -0.486480176 0
vn -0.901084781 -0.433642983 0
vn -0.901084781 -0.433642983 0
vn -0.901084781 -0.433642983 0
vn -0.901084781 -0.433642983 0
vn -0.928436995 -0.371489912 0
vn -0.928436995 -0.371489912 0
vn -0.928436995 -0.371489912 0
vn -0.928436995 -0.371489912 0
vn -0.871402323 -0.490569055 0
vn -0.871402323 -0.490569055 0
vn -0.871402323 -0.490569055 0
vn -0.871402323 -0.490569055 0
vn -0.877733767 -0.479148716 0
vn -0.877733767 -0.479148716 0
vn -0.877733767 -0.479148716 0
vn -0.877733767 -0.479148716 0
vn -0.897128344 -0.441769928 0
vn -0.897128344 -0.441769928 0
vn -0.897128344 -0.441769928 0
vn -0.897128344 -0.441769928 0
vn -0.883893788 -0.467687666 0
vn -0.883893788 -0.467687666 0
vn -0.883893788 -0.467687666 0
vn -0.883893788 -0.467687666 0
vn -0.851955712 -0.523613751 0
vn -0.851955712 -0.523613751 0
vn -0.851955712 -0.523613751 0
vn -0.851955712 -0.523613751 0
vn -0.873182654 -0.487393111 0
vn -0.873182654 -0.487393111 0
vn -0.873182654 -0.487393111 0
vn -0.873182654 -0.487393111 0
vn -0.902714968 -0.430239052 0
vn -0.902714968 -0.430239052 0
vn -0.902714968 -0.430239052 0
vn -0.902714968 -0.430239052 0
vn -0.899737477 -0.436431527 0
vn -0.899737477 -0.436431527 0
vn -0.899737477 -0.436431527 0
vn -0.899737477 -0.436431527 0
vn -0.877161443 -0.480195582 0
vn -0.877161443 -0.480195582 0
vn -0.877161443 -0.480195582 0
vn -0.877161443 -0.480195582 0
vn -0.870621204 -0.49195388 0
vn -0.870621204 -0.49195388 0
vn -0.870621204 -0.49195388 0
vn -0.870621204 -0.49195388 0
vn -0.894801259 -0.446464717 0
vn -0.894801259 -0.446464717 0
vn -0.894801259 -0.446464717 0
vn -0.894801259 -0.446464717 0
vn -0.88163197 -0.471937686 0
vn -0.88163197 -0.471937686 0
vn -0.88163197 -0.471937686 0
vn -0.88163197 -0.471937686 0
vn -0.856518805 -0.516115904 0
vn -0.856518805 -0.516115904 0
vn -0.856518805 -0.516115904 0
vn -0.856518805 -0.516115904 0
vn -0.870223284 -0.492657483 0
vn -0.870223284 -0.492657483 0
vn -0.870223284 -0.492657483 0
vn -0.870223284 -0.492657483 0
vn -0.889897525 -0.456160605 0
vn -0.889897525 -0.456160605 0
vn -0.889897525 -0.456160605 0
vn -0.889897525 -0.456160605 0
vn -0.868935883 -0.494924724 0
vn -0.868935883 -0.494924724 0
vn -0.868935883 -0.494924724 0
vn -0.868935883 -0.494924724 0
vn -0.871208787 -0.490912676 0
vn -0.871208787 -0.490912676 0
vn -0.871208787 -0.490912676 0
vn -0.871208787 -0.490912676 0
vn -0.903482795 -0.428624392 0
vn -0.903482795 -0.428624392 0
vn -0.903482795 -0.428624392 0
vn -0.903482795 -0.428624392 0
vn -0.874416113 -0.485176831 0
vn -0.874416113 -0.485176831 0
vn -0.874416113 -0.485176831 0
vn -0.874416113 -0.485176831 0
vn -0.88711524 -0.461547881 0
vn -0.88711524 -0.461547881 0
vn -0.88711524 -0.461547881 0
vn -0.88711524 -0.461547881 0
vn -0.906599581 -0.421992004 0
vn -0.906599581 -0.421992004 0
vn -0.906599581 -0.421992004 0
vn -0.906599581 -0.421992004 0
vn -0.866483986 -0.499204755 0
vn -0.866483986 -0.499204755 0
vn -0.866483986 -0.499204755 0
vn -0.866483986 -0.499204755 0
vn -0.888309956 -0.45924443 0
vn -0.888309956 -0.45924443 0
vn -0.888309956 -0.45924443 0
vn -0.888309956 -0.45924443 0
vn -0.908359647 -0.418190032 0
vn -0.908359647 -0.418190032 0
vn -0.908359647 -0.418190032 0
vn -0.908359647 -0.418190032 0
vn -0.871727467 -0.489991158 0
vn -0.871727467 -0.489991158 0
vn -0.871727467 -0.489991158 0
vn -0.871727467 -0.489991158 0
vn -0.864342809 -0.502903104 0
vn -0.864342809 -0.502903104 0
vn -0.864342809 -0.502903104 0
vn -0.864342809 -0.502903104 0
vn -0.871029735 -0.491230279 0
vn -0.871029735 -0.491230279 0
vn -0.871029735 -0.491230279 0
vn -0.871029735 -0.491230279 0
vn -0.874965966 -0.484184355 0
vn -0.874965966 -0.484184355 0
vn -0.874965966 -0.484184355 0
vn -0.874965966 -0.484184355 0
vn -0.870618582 -0.491958618 0
vn -0.870618582 -0.491958618 0
vn -0.870618582 -0.491958618 0
vn -0.870618582 -0.491958618 0
vn -0.8580755 -0.513523519 0
vn -0.8580755 -0.513523519 0
vn -0.8580755 -0.513523519 0
vn -0.8580755 -0.513523519 0
vn -0.900757015 -0.434323281 0
vn -0.900757015 -0.434323281 0
vn -0.900757015 -0.434323281 0
vn -0.900757015 -0.434323281 0
vn -0.902514935 -0.430658519 0
vn -0.902514935 -0.430658519 0
vn -0.902514935 -0.430658519 0
vn -0.902514935 -0.430658519 0
vn -0.85702008 -0.515282989 0
vn -0.85702008 -0.515282989 0
vn -0.85702008 -0.515282989 0
vn -0.85702008 -0.515282989 0
vn -0.879001617 -0.47681883 0
vn -0.879001617 -0.47681883 0
vn -0.879001617 -0.47681883 0
vn -0.879001617 -0.47681883 0
vn -0.882074118 -0.471110523 0
vn -0.882074118 -0.471110523 0
vn -0.882074118 -0.471110523 0
vn -0.882074118 -0.471110523 0
vn -0.85362792 -0.520883262 0
vn -0.85362792 -0.520883262 0
vn -0.85362792 -0.520883262 0
vn -0.85362792 -0.520883262 0
vn -0.8746171 -0.484814256 0
vn -0.8746171 -0.484814256 0
vn -0.8746171 -0.484814256 0
vn -0.8746171 -0.484814256 0
vn -0.906286836 -0.422663093 0
vn -0.906286836 -0.422663093 0
vn -0.906286836 -0.422663093 0
vn -0.906286836 -0.422663093 0
vn -0.875583887 -0.483066142 0
vn -0.875583887 -0.483066142 0
vn -0.875583887 -0.483066142 0
vn -0.875583887 -0.483066142 0
vn -0.867281914 -0.497817248 0
vn -0.867281914 -0.497817248 0
vn -0.867281914 -0.497817248 0
vn -0.867281914 -0.497817248 0
vn -0.906442881 -0.422328472 0
vn -0.906442881 -0.422328472 0
vn -0.906442881 -0.422328472 0
vn -0.906442881 -0.422328472 0
vn -0.900525391 -0.434803545 0
vn -0.900525391 -0.434803545 0
vn -0.900525391 -0.434803545 0
vn -0.900525391 -0.434803545 0
vn -0.870201111 -0.492696702 0
vn -0.870201111 -0.492696702 0
vn -0.870201111 -0.492696702 0
vn -0.870201111 -0.492696702 0
vn -0.870498776 -0.492170662 0
vn -0.870498776 -0.492170662 0
vn -0.870498776 -0.492170662 0
vn -0.870498776 -0.492170662 0
vn -0.873069882 -0.487595022 0
vn -0.873069882 -0.487595022 0
vn -0.873069882 -0.487595022 0
vn -0.873069882 -0.487595022 0
vn -0.862575948 -0.505927444 0
vn -0.862575948 -0.505927444 0
vn -0.862575948 -0.505927444 0
vn -0.862575948 -0.505927444 0
vn -0.879162371 -0.476522237 0
vn -0.879162371 -0.476522237 0
vn -0.879162371 -0.476522237 0
vn -0.879162371 -0.476522237 0
vn -0.896890163 -0.442253441 0
vn -0.896890163 -0.442253441 0
vn -0.896890163 -0.442253441 0
vn -0.896890163 -0.442253441 0
vn -0.898856223 -0.438243598 0
vn -0.898856223 -0.438243598 0
vn -0.898856223 -0.438243598 0
vn -0.898856223 -0.438243598 0
vn -0.866820037 -0.498621136 0
vn -0.866820037 -0.498621136 0
vn -0.866820037 -0.498621136 0
vn -0.866820037 -0.498621136 0
vn -0.880054593 -0.474872649 0
vn -0.880054593 -0.474872649 0
vn -0.880054593 -0.474872649 0
vn -0.880054593 -0.474872649 0
vn -0.908186197 -0.418566436 0
vn -0.908186197 -0.418566436 0
vn -0.908186197 -0.418566436 0
vn -0.908186197 -0.418566436 0
vn -0.88688302 -0.461994112 0
vn -0.88688302 -0.461994112 0
vn -0.88688302 -0.461994112 0
vn -0.88688302 -0.461994112 0
vn -0.873369753 -0.487057745 0
vn -0.873369753 -0.487057745 0
vn -0.873369753 -0.487057745 0
vn -0.873369753 -0.487057745 0
vn -0.885158122 -0.465290308 0
vn -0.885158122 -0.465290308 0
vn -0.885158122 -0.465290308 0
vn -0.885158122 -0.465290308 0
vn -0.896602154 -0.44283694 0
vn -0.896602154 -0.44283694 0
vn -0.896602154 -0.44283694 0
vn -0.896602154 -0.44283694 0
vn -0.869431674 -0.494053155 0
vn -0.869431674 -0.494053155 0
vn -0.869431674 -0.494053155 0
vn -0.869431674 -0.494053155 0
vn -0.859803319 -0.510625303 0
vn -0.859803319 -0.510625303 0
vn -0.859803319 -0.510625303 0
vn -0.859803319 -0.510625303 0
vn -0.900655866 -0.43453306 0
vn -0.900655866 -0.43453306 0
vn -0.900655866 -0.43453306 0
vn -0.900655866 -0.43453306 0
vn -0.88217634 -0.470919043 0
vn -0.88217634 -0.470919043 0
vn -0.88217634 -0.470919043 0
vn -0.88217634 -0.470919043 0
vn -0.845736027 -0.533601463 0
vn -0.845736027 -0.533601463 0
vn -0.845736027 -0.533601463 0
vn -0.845736027 -0.533601463 0
vn -0.883663297 -0.46812287 0
vn -0.883663297 -0.46812287 0
vn -0.883663297 -0.46812287 0
vn -0.883663297 -0.46812287 0
vn -0.899327397 -0.437275946 0
vn -0.899327397 -0.437275946 0
vn -0.899327397 -0.437275946 0
vn -0.899327397 -0.437275946 0
vn -0.874450564 -0.485114694 0
vn -0.874450564 -0.485114694 0
vn -0.874450564 -0.485114694 0
vn -0.874450564 -0.485114694 0
vn -0.880084813 -0.474816561 0
vn -0.880084813 -0.474816561 0
vn -0.880084813 -0.474816561 0
vn -0.880084813 -0.474816561 0
vn -0.898052275 -0.439888924 0
vn -0.898052275 -0.439888924 0
vn -0.898052275 -0.439888924 0
vn -0.898052275 -0.439888924 0
vn -0.876838088 -0.480785787 0
vn -0.876838088 -0.480785787 0
vn -0.876838088 -0.480785787 0
vn -0.876838088 -0.480785787 0
vn -0.867449224 -0.497525841 0
vn -0.867449224 -0.497525841 0
vn -0.867449224 -0.497525841 0
vn -0.867449224 -0.497525841 0
vn -0.880454481 -0.47413072 0
vn -0.880454481 -0.47413072 0
vn -0.880454481 -0.47413072 0
vn -0.880454481 -0.47413072 0
vn -0.896204293 -0.443641573 0
vn -0.896204293 -0.443641573 0
vn -0.896204293 -0.443641573 0
vn -0.896204293 -0.443641573 0
vn -0.879897475 -0.475163788 0
vn -0.879897475 -0.475163788 0
vn -0.879897475 -0.475163788 0
vn -0.879897475 -0.475163788 0
vn -0.884651423 -0.466253012 0
vn -0.884651423 -0.466253012 0
vn -0.884651423 -0.466253012 0
vn -0.884651423 -0.466253012 0
vn -0.905342042 -0.424683243 0
vn -0.905342042 -0.424683243 0
vn -0.905342042 -0.424683243 0
vn -0.905342042 -0.424683243 0
vn -0.876878262 -0.480712444 0
vn -0.876878262 -0.480712444 0
vn -0.876878262 -0.480712444 0
vn -0.876878262 -0.480712444 0
vn -0.8563748 -0.516354918 0
vn -0.8563748 -0.516354918 0
vn -0.8563748 -0.516354918 0
vn -0.8563748 -0.516354918 0
vn -0.868877053 -0.49502793 0
vn -0.868877053 -0.49502793 0
vn -0.868877053 -0.49502793 0
vn -0.868877053 -0.49502793 0
vn -0.874883354 -0.484333724 0
vn -0.874883354 -0.484333724 0
vn -0.874883354 -0.484333724 0
vn -0.874883354 -0.484333724 0
vn -0.857655644 -0.514224529 0
vn -0.857655644 -0.514224529 0
vn -0.857655644 -0.514224529 0
vn -0.857655644 -0.514224529 0
vn -0.882168889 -0.470932961 0
vn -0.882168889 -0.470932961 0
vn -0.882168889 -0.470932961 0
vn -0.882168889 -0.470932961 0
vn -0.890933573 -0.454133749 0
vn -0.890933573 -0.454133749 0
vn -0.890933573 -0.454133749 0
vn -0.890933573 -0.454133749 0
vn -0.871242225 -0.49085328 0
vn -0.871242225 -0.49085328 0
vn -0.871242225 -0.49085328 0
vn -0.871242225 -0.49085328 0
vn -0.885976017 -0.46373111 0
vn -0.885976017 -0.46373111 0
vn -0.885976017 -0.46373111 0
vn -0.885976017 -0.46373111 0
vn -0.904855669 -0.425718337 0
vn -0.904855669 -0.425718337 0
vn -0.904855669 -0.425718337 0
vn -0.904855669 -0.425718337 0
vn -0.898627162 -0.438713074 0
vn -0.898627162 -0.438713074 0
vn -0.898627162 -0.438713074 0
vn -0.898627162 -0.438713074 0
vn -0.8697806 -0.49343881 0
vn -0.8697806 -0.49343881 0
vn -0.8697806 -0.49343881 0
vn -0.8697806 -0.49343881 0
vn -0.872890592 -0.487915903 0
vn -0.872890592 -0.487915903 0
vn -0.872890592 -0.487915903 0
vn -0.872890592 -0.487915903 0
vn -0.899407625 -0.437110931 0
vn -0.899407625 -0.437110931 0
vn -0.899407625 -0.437110931 0
vn -0.899407625 -0.437110931 0
vn -0.879186511 -0.476477623 0
vn -0.879186511 -0.476477623 0
vn -0.879186511 -0.476477623 0
vn -0.879186511 -0.476477623 0
vn -0.853819549 -0.520569205 0
vn -0.853819549 -0.520569205 0
vn -0.853819549 -0.520569205 0
vn -0.853819549 -0.520569205 0
vn -0.864380956 -0.502837539 0
vn -0.864380956 -0.502837539 0
vn -0.864380956 -0.502837539 0
vn -0.864380956 -0.502837539 0
vn -0.892553985 -0.45094043 0
vn -0.892553985 -0.45094043 0
vn -0.892553985 -0.45094043 0
vn -0.892553985 -0.45094043 0
vn -0.868748724 -0.495252997 0
vn -0.868748724 -0.495252997 0
vn -0.868748724 -0.495252997 0
vn -0.868748724 -0.495252997 0
vn -0.821715832 -0.569897473 0
vn -0.821715832 -0.569897473 0
vn -0.821715832 -0.569897473 0
vn -0.821715832 -0.569897473 0
vn -0.877456605 -0.479656011 0
vn -0.877456605 -0.479656011 0
vn -0.877456605 -0.479656011 0
vn -0.877456605 -0.479656011 0
vn -0.902491927 -0.43070662 0
vn -0.902491927 -0.43070662 0
vn -0.902491927 -0.43070662 0
vn -0.902491927 -0.43070662 0
vn -0.868314087 -0.496014804 0
vn -0.868314087 -0.496014804 0
vn -0.868314087 -0.496014804 0
vn -0.868314087 -0.496014804 0
vn -0.880211055 -0.474582285 0
vn -0.880211055 -0.474582285 0
vn -0.880211055 -0.474582285 0
vn -0.880211055 -0.474582285 0
vn -0.905840874 -0.423618138 0
vn -0.905840874 -0.423618138 0
vn -0.905840874 -0.423618138 0
vn -0.905840874 -0.423618138 0
vn -0.892577767 -0.450893492 0
vn -0.892577767 -0.450893492 0
vn -0.892577767 -0.450893492 0
vn -0.892577767 -0.450893492 0
vn -0.864867747 -0.501999795 0
vn -0.864867747 -0.501999795 0
vn -0.864867747 -0.501999795 0
vn -0.864867747 -0.501999795 0
vn -0.879376948 -0.476126254 0
vn -0.879376948 -0.476126254 0
vn -0.879376948 -0.476126254 0
vn -0.879376948 -0.476126254 0
vn -0.897072673 -0.441883117 0
vn -0.897072673 -0.441883117 0
vn -0.897072673 -0.441883117 0
vn -0.897072673 -0.441883117 0
vn -0.87244159 -0.488718361 0
vn -0.87244159 -0.488718361 0
vn -0.87244159 -0.488718361 0
vn -0.87244159 -0.488718361 0
vn -0.871750593 -0.489949942 0
vn -0.871750593 -0.489949942 0
vn -0.871750593 -0.489949942 0
vn -0.871750593 -0.489949942 0
vn -0.899178982 -0.437581033 0
vn -0.899178982 -0.437581033 0
vn -0.899178982 -0.437581033 0
vn -0.899178982 -0.437581033 0
vn -0.895211697 -0.445640981 0
vn -0.895211697 -0.445640981 0
vn -0.895211697 -0.445640981 0
vn -0.895211697 -0.445640981 0
vn -0.873978794 -0.485964268 0
vn -0.873978794 -0.485964268 0
vn -0.873978794 -0.485964268 0
vn -0.873978794 -0.485964268 0
vn -0.89063549 -0.454717845 0
vn -0.89063549 -0.454717845 0
vn -0.89063549 -0.454717845 0
vn -0.89063549 -0.454717845 0
vn -0.873049855 -0.487630904 0
vn -0.873049855 -0.487630904 0
vn -0.873049855 -0.487630904 0
vn -0.873049855 -0.487630904 0
vn -0.843175352 -0.537638783 0
vn -0.843175352 -0.537638783 0
vn -0.843175352 -0.537638783 0
vn -0.843175352 -0.537638783 0
vn -0.880203426 -0.4745965 0
vn -0.880203426 -0.4745965 0
vn -0.880203426 -0.4745965 0
vn -0.880203426 -0.4745965 0
vn -0.884265304 -0.466984779 0
vn -0.884265304 -0.466984779 0
vn -0.884265304 -0.466984779 0
vn -0.884265304 -0.466984779 0
vn -0.855657756 -0.517542005 0
vn -0.855657756 -0.517542005 0
vn -0.855657756 -0.517542005 0
vn -0.855657756 -0.517542005 0
vn -0.881321609 -0.472516716 0
vn -0.881321609 -0.472516716 0
vn -0.881321609 -0.472516716 0
vn -0.881321609 -0.472516716 0
vn -0.911845744 -0.410532892 0
vn -0.911845744 -0.410532892 0
vn -0.911845744 -0.410532892 0
vn -0.911845744 -0.410532892 0
vn -0.884308755 -0.466902435 0
vn -0.884308755 -0.466902435 0
vn -0.884308755 -0.466902435 0
vn -0.884308755 -0.466902435 0
vn -0.856589079 -0.515999317 0
vn -0.856589079 -0.515999317 0
vn -0.856589079 -0.515999317 0
vn -0.856589079 -0.515999317 0
vn -0.87267381 -0.488303691 0
vn -0.87267381 -0.488303691 0
vn -0.87267381 -0.488303691 0
vn -0.87267381 -0.488303691 0
vn -0.886355281 -0.463005692 0
vn -0.886355281 -0.463005692 0
vn -0.886355281 -0.463005692 0
vn -0.886355281 -0.463005692 0
vn -0.85670507 -0.515806615 0
vn -0.85670507 -0.515806615 0
vn -0.85670507 -0.515806615 0
vn -0.85670507 -0.515806615 0
vn -0.859134614 -0.511749744 0
vn -0.859134614 -0.511749744 0
vn -0.859134614 -0.511749744 0
vn -0.859134614 -0.511749744 0
vn -0.908912718 -0.416986465 0
vn -0.908912718 -0.416986465 0
vn -0.908912718 -0.416986465 0
vn -0.908912718 -0.416986465 0
vn -0.911654234 -0.410958052 0
vn -0.911654234 -0.410958052 0
vn -0.911654234 -0.410958052 0
vn -0.911654234 -0.410958052 0
vn -0.885043144 -0.465508968 0
vn -0.885043144 -0.465508968 0
vn -0.885043144 -0.465508968 0
vn -0.885043144 -0.465508968 0
vn -0.880896986 -0.473307848 0
vn -0.880896986 -0.473307848 0
vn -0.880896986 -0.473307848 0
vn -0.880896986 -0.473307848 0
vn -0.894691229 -0.446685165 0
vn -0.894691229 -0.446685165 0
vn -0.894691229 -0.446685165 0
vn -0.894691229 -0.446685165 0
vn -0.886694431 -0.462355912 0
vn -0.886694431 -0.462355912 0
vn -0.886694431 -0.462355912 0
vn -0.886694431 -0.462355912 0
vn -0.859108031 -0.51179415 0
vn -0.859108031 -0.51179415 0
vn -0.859108031 -0.51179415 0
vn -0.859108031 -0.51179415 0
vn -0.873245239 -0.487280995 0
vn -0.873245239 -0.487280995 0
vn -0.873245239 -0.487280995 0
vn -0.873245239 -0.487280995 0
vn -0.896446884 -0.443151206 0
vn -0.896446884 -0.443151206 0
vn -0.896446884 -0.443151206 0
vn -0.896446884 -0.443151206 0
vn -0.881915569 -0.471407354 0
vn -0.881915569 -0.471407354 0
vn -0.881915569 -0.471407354 0
vn -0.881915569 -0.471407354 0
vn -0.869548678 -0.49384737 0
vn -0.869548678 -0.49384737 0
vn -0.869548678 -0.49384737 0
vn -0.869548678 -0.49384737 0
vn -0.891644239 -0.452736706 0
vn -0.891644239 -0.452736706 0
vn -0.891644239 -0.452736706 0
vn -0.891644239 -0.452736706 0
vn -0.901223838 -0.433353782 0
vn -0.901223838 -0.433353782 0
vn -0.901223838 -0.433353782 0
vn -0.901223838 -0.433353782 0
vn -0.871969998 -0.489559412 0
vn -0.871969998 -0.489559412 0
vn -0.871969998 -0.489559412 0
vn -0.871969998 -0.489559412 0
vn -0.874861896 -0.484372556 0
vn -0.874861896 -0.484372556 0
vn -0.874861896 -0.484372556 0
vn -0.874861896 -0.484372556 0
vn -0.904191375 -0.427127659 0
vn -0.904191375 -0.427127659 0
vn -0.904191375 -0.427127659 0
vn -0.904191375 -0.427127659 0
vn -0.915307283 -0.402756155 0
vn -0.915307283 -0.402756155 0
vn -0.915307283 -0.402756155 0
vn -0.915307283 -0.402756155 0
vn -0.870625854 -0.491945744 0
vn -0.870625854 -0.491945744 0
vn -0.870625854 -0.491945744 0
vn -0.870625854 -0.491945744 0
vn -0.879527807 -0.475847334 0
vn -0.879527807 -0.475847334 0
vn -0.879527807 -0.475847334 0
vn -0.879527807 -0.475847334 0
vn -0.896930456 -0.442171633 0
vn -0.896930456 -0.442171633 0
vn -0.896930456 -0.442171633 0
vn -0.896930456 -0.442171633 0
vn -0.8711465 -0.491023302 0
vn -0.8711465 -0.491023302 0
vn -0.8711465 -0.491023302 0
vn -0.8711465 -0.491023302 0
vn -0.83585149 -0.548955739 0
vn -0.83585149 -0.548955739 0
vn -0.83585149 -0.548955739 0
vn -0.83585149 -0.548955739 0
vn -0.87443769 -0.485137939 0
vn -0.87443769 -0.485137939 0
vn -0.87443769 -0.485137939 0
vn -0.87443769 -0.485137939 0
vn -0.895851254 -0.444353908 0
vn -0.895851254 -0.444353908 0
vn -0.895851254 -0.444353908 0
vn -0.895851254 -0.444353908 0
vn -0.879148006 -0.476548642 0
vn -0.879148006 -0.476548642 0
vn -0.879148006 -0.476548642 0
vn -0.879148006 -0.476548642 0
vn -0.88630259 -0.463106513 0
vn -0.88630259 -0.463106513 0
vn -0.88630259 -0.463106513 0
vn -0.88630259 -0.463106513 0
vn -0.901684165 -0.432395309 0
vn -0.901684165 -0.432395309 0
vn -0.901684165 -0.432395309 0
vn -0.901684165 -0.432395309 0
vn -0.905474067 -0.42440179 0
vn -0.905474067 -0.42440179 0
vn -0.905474067 -0.42440179 0
vn -0.905474067 -0.42440179 0
vn -0.877722323 -0.479169667 0
vn -0.877722323 -0.479169667 0
vn -0.877722323 -0.479169667 0
vn -0.877722323 -0.479169667 0
vn -0.86635685 -0.49942556 0
vn -0.86635685 -0.49942556 0
vn -0.86635685 -0.49942556 0
vn -0.86635685 -0.49942556 0
vn -0.883667052 -0.468116105 0
vn -0.883667052 -0.468116105 0
vn -0.883667052 -0.468116105 0
vn -0.883667052 -0.468116105 0
vn -0.877932906 -0.478783697 0
vn -0.877932906 -0.478783697 0
vn -0.877932906 -0.478783697 0
vn -0.877932906 -0.478783697 0
vn -0.85206002 -0.523444057 0
vn -0.85206002 -0.523444057 0
vn -0.85206002 -0.523444057 0
vn -0.85206002 -0.523444057 0
vn -0.870052814 -0.492958426 0
vn -0.870052814 -0.492958426 0
vn -0.870052814 -0.492958426 0
vn -0.870052814 -0.492958426 0
vn -0.89038974 -0.455199063 0
vn -0.89038974 -0.455199063 0
vn -0.89038974 -0.455199063 0
vn -0.89038974 -0.455199063 0
vn -0.876641512 -0.481144249 0
vn -0.876641512 -0.481144249 0
vn -0.876641512 -0.481144249 0
vn -0.876641512 -0.481144249 0
vn -0.923312008 -0.384050637 0
vn -0.923312008 -0.384050637 0
vn -0.923312008 -0.384050637 0
vn -0.923312008 -0.384050637 0
vn -0.909159124 -0.416448981 0
vn -0.909159124 -0.416448981 0
vn -0.909159124 -0.416448981 0
vn -0.909159124 -0.416448981 0
vn -0.843712568 -0.536795318 0
vn -0.843712568 -0.536795318 0
vn -0.843712568 -0.536795318 0
vn -0.843712568 -0.536795318 0
vn -0.867401421 -0.497608989 0
vn -0.867401421 -0.497608989 0
vn -0.867401421 -0.497608989 0
vn -0.867401421 -0.497608989 0
vn -0.892112792 -0.451812744 0
vn -0.892112792 -0.451812744 0
vn -0.892112792 -0.451812744 0
vn -0.892112792 -0.451812744 0
vn -0.871196747 -0.490933925 0
vn -0.871196747 -0.490933925 0
vn -0.871196747 -0.490933925 0
vn -0.871196747 -0.490933925 0
vn -0.878185213 -0.478320807 0
vn -0.878185213 -0.478320807 0
vn -0.878185213 -0.478320807 0
vn -0.878185213 -0.478320807 0
vn -0.893670022 -0.448724777 0
vn -0.893670022 -0.448724777 0
vn -0.893670022 -0.448724777 0
vn -0.893670022 -0.448724777 0
vn -0.877184093 -0.480154127 0
vn -0.877184093 -0.480154127 0
vn -0.877184093 -0.480154127 0
vn -0.877184093 -0.480154127 0
vn -0.878941894 -0.47692883 0
vn -0.878941894 -0.47692883 0
vn -0.878941894 -0.47692883 0
vn -0.878941894 -0.47692883 0
vn -0.894928873 -0.446208924 0
vn -0.894928873 -0.446208924 0
vn -0.894928873 -0.446208924 0
vn -0.894928873 -0.446208924 0
vn -0.872666001 -0.488317609 0
vn -0.872666001 -0.488317609 0
vn -0.872666001 -0.488317609 0
vn -0.872666001 -0.488317609 0
vn -0.852318168 -0.523023725 0
vn -0.852318168 -0.523023725 0
vn -0.852318168 -0.523023725 0
vn -0.852318168 -0.523023725 0
vn -0.883097649 -0.469189137 0
vn -0.883097649 -0.469189137 0
vn -0.883097649 -0.469189137 0
vn -0.883097649 -0.469189137 0
vn -0.89533335 -0.445396751 0
vn -0.89533335 -0.445396751 0
vn -0.89533335 -0.445396751 0
vn -0.89533335 -0.445396751 0
vn -0.876137853 -0.48206085 0
vn -0.876137853 -0.48206085 0
vn -0.876137853 -0.48206085 0
vn -0.876137853 -0.48206085 0
vn -0.866243839 -0.499621451 0
vn -0.866243839 -0.499621451 0
vn -0.866243839 -0.499621451 0
vn -0.866243839 -0.499621451 0
vn -0.893148363 -0.449762285 0
vn -0.893148363 -0.449762285 0
vn -0.893148363 -0.449762285 0
vn -0.893148363 -0.449762285 0
vn -0.900316358 -0.435236037 0
vn -0.900316358 -0.435236037 0
vn -0.900316358 -0.435236037 0
vn -0.900316358 -0.435236037 0
vn -0.874604404 -0.484837472 0
vn -0.874604404 -0.484837472 0
vn -0.874604404 -0.484837472 0
vn -0.874604404 -0.484837472 0
vn -0.889407694 -0.457114697 0
vn -0.889407694 -0.457114697 0
vn -0.889407694 -0.457114697 0
vn -0.889407694 -0.457114697 0
vn -0.905836225 -0.423627973 0
vn -0.905836225 -0.423627973 0
vn -0.905836225 -0.423627973 0
vn -0.905836225 -0.423627973 0
vn -0.882446766 -0.470412225 0
vn -0.882446766 -0.470412225 0
vn -0.882446766 -0.470412225 0
vn -0.882446766 -0.470412225 0
vn -0.877154529 -0.480208039 0
vn -0.877154529 -0.480208039 0
vn -0.877154529 -0.480208039 0
vn -0.877154529 -0.480208039 0
vn -0.887556672 -0.460698545 0
vn -0.887556672 -0.460698545 0
vn -0.887556672 -0.460698545 0
vn -0.887556672 -0.460698545 0
vn -0.887690961 -0.460439652 0
vn -0.887690961 -0.460439652 0
vn -0.887690961 -0.460439652 0
vn -0.887690961 -0.460439652 0
vn -0.867931724 -0.496683478 0
vn -0.867931724 -0.496683478 0
vn -0.867931724 -0.496683478 0
vn -0.867931724 -0.496683478 0
vn -0.85987854 -0.510498643 0
vn -0.85987854 -0.510498643 0
vn -0.85987854 -0.510498643 0
vn -0.85987854 -0.510498643 0
vn -0.87672317 -0.480995268 0
vn -0.87672317 -0.480995268 0
vn -0.87672317 -0.480995268 0
vn -0.87672317 -0.480995268 0
vn -0.877795517 -0.479035676 0
vn -0.877795517 -0.479035676 0
vn -0.877795517 -0.479035676 0
vn -0.877795517 -0.479035676 0
vn -0.860849738 -0.508859158 0
vn -0.860849738 -0.508859158 0
vn -0.860849738 -0.508859158 0
vn -0.860849738 -0.508859158 0
vn -0.896850884 -0.442332894 0
vn -0.896850884 -0.442332894 0
vn -0.896850884 -0.442332894 0
vn -0.896850884 -0.442332894 0
vn -0.888483584 -0.458908498 0
vn -0.888483584 -0.458908498 0
vn -0.888483584 -0.458908498 0
vn -0.888483584 -0.458908498 0
vn -0.872602642 -0.488430977 0
vn -0.872602642 -0.488430977 0
vn -0.872602642 -0.488430977 0
vn -0.872602642 -0.488430977 0
vn -0.90058291 -0.434684336 0
vn -0.90058291 -0.434684336 0
vn -0.90058291 -0.434684336 0
vn -0.90058291 -0.434684336 0
vn -0.870931149 -0.491405189 0
vn -0.870931149 -0.491405189 0
vn -0.870931149 -0.491405189 0
vn -0.870931149 -0.491405189 0
vn -0.856194377 -0.516653955 0
vn -0.856194377 -0.516653955 0
vn -0.856194377 -0.516653955 0
vn -0.856194377 -0.516653955 0
vn -0.888224602 -0.459409505 0
vn -0.888224602 -0.459409505 0
vn -0.888224602 -0.459409505 0
vn -0.888224602 -0.459409505 0
vn -0.878480136 -0.477778912 0
vn -0.878480136 -0.477778912 0
vn -0.878480136 -0.477778912 0
vn -0.878480136 -0.477778912 0
vn -0.876396537 -0.481590241 0
vn -0.876396537 -0.481590241 0
vn -0.876396537 -0.481590241 0
vn -0.876396537 -0.481590241 0
vn -0.903200686 -0.429218352 0
vn -0.903200686 -0.429218352 0
vn -0.903200686 -0.429218352 0
vn -0.903200686 -0.429218352 0
vn -0.878796101 -0.477197379 0
vn -0.878796101 -0.477197379 0
vn -0.878796101 -0.477197379 0
vn -0.878796101 -0.477197379 0
vn -0.859911084 -0.510443866 0
vn -0.859911084 -0.510443866 0
vn -0.859911084 -0.510443866 0
vn -0.859911084 -0.510443866 0
vn -0.872970879 -0.487772495 0
vn -0.872970879 -0.487772495 0
vn -0.872970879 -0.487772495 0
vn -0.872970879 -0.487772495 0
vn -0.875161767 -0.483830631 0
vn -0.875161767 -0.483830631 0
vn -0.875161767 -0.483830631 0
vn -0.875161767 -0.483830631 0
vn -0.874533355 -0.484965444 0
vn -0.874533355 -0.484965444 0
vn -0.874533355 -0.484965444 0
vn -0.874533355 -0.484965444 0
vn -0.901868343 -0.432010978 0
vn -0.901868343 -0.432010978 0
vn -0.901868343 -0.432010978 0
vn -0.901868343 -0.432010978 0
vn -0.920627415 -0.390442252 0
vn -0.920627415 -0.390442252 0
vn -0.920627415 -0.390442252 0
vn -0.920627415 -0.390442252 0
vn -0.880620778 -0.473821759 0
vn -0.880620778 -0.473821759 0
vn -0.880620778 -0.473821759 0
vn -0.880620778 -0.473821759 0
vn -0.873388171 -0.487024724 0
vn -0.873388171 -0.487024724 0
vn -0.873388171 -0.487024724 0
vn -0.873388171 -0.487024724 0
vn -0.897021055 -0.441987753 0
vn -0.897021055 -0.441987753 0
vn -0.897021055 -0.441987753 0
vn -0.897021055 -0.441987753 0
vn -0.898011625 -0.439971775 0
vn -0.898011625 -0.439971775 0
vn -0.898011625 -0.439971775 0
vn -0.898011625 -0.439971775 0
vn -0.864812076 -0.50209558 0
vn -0.864812076 -0.50209558 0
vn -0.864812076 -0.50209558 0
vn -0.864812076 -0.50209558 0
vn -0.87106663 -0.491164863 0
vn -0.87106663 -0.491164863 0
vn -0.87106663 -0.491164863 0
vn -0.87106663 -0.491164863 0
vn -0.893125653 -0.449807137 0
vn -0.893125653 -0.449807137 0
vn -0.893125653 -0.449807137 0
vn -0.893125653 -0.449807137 0
vn -0.896985352 -0.442060292 0
vn -0.896985352 -0.442060292 0
vn -0.896985352 -0.442060292 0
vn -0.896985352 -0.442060292 0
vn -0.875352144 -0.483485967 0
vn -0.875352144 -0.483485967 0
vn -0.875352144 -0.483485967 0
vn -0.875352144 -0.483485967 0
vn -0.864843071 -0.502042413 0
vn -0.864843071 -0.502042413 0
vn -0.864843071 -0.502042413 0
vn -0.864843071 -0.502042413 0
vn -0.891182899 -0.453644365 0
vn -0.891182899 -0.453644365 0
vn -0.891182899 -0.453644365 0
vn -0.891182899 -0.453644365 0
vn -0.873044968 -0.487639815 0
vn -0.873044968 -0.487639815 0
vn -0.873044968 -0.487639815 0
vn -0.873044968 -0.487639815 0
vn -0.845934153 -0.533287168 0
vn -0.845934153 -0.533287168 0
vn -0.845934153 -0.533287168 0
vn -0.845934153 -0.533287168 0
vn -0.884273112 -0.466970146 0
vn -0.884273112 -0.466970146 0
vn -0.884273112 -0.466970146 0
vn -0.884273112 -0.466970146 0
vn -0.891614854 -0.452794552 0
vn -0.891614854 -0.452794552 0
vn -0.891614854 -0.452794552 0
vn -0.891614854 -0.452794552 0
vn -0.872661412 -0.488325834 0
vn -0.872661412 -0.488325834 0
vn -0.872661412 -0.488325834 0
vn -0.872661412 -0.488325834 0
vn -0.872743607 -0.48817876 0
vn -0.872743607 -0.48817876 0
vn -0.872743607 -0.48817876 0
vn -0.872743607 -0.48817876 0
vn -0.888814688 -0.458266735 0
vn -0.888814688 -0.458266735 0
vn -0.888814688 -0.458266735 0
vn -0.888814688 -0.458266735 0
vn -0.893470168 -0.449122399 0
vn -0.893470168 -0.449122399 0
vn -0.893470168 -0.449122399 0
vn -0.893470168 -0.449122399 0
vn -0.872277856 -0.489010602 0
vn -0.872277856 -0.489010602 0
vn -0.872277856 -0.489010602 0
vn -0.872277856 -0.489010602 0
vn -0.871526539 -0.49034825 0
vn -0.871526539 -0.49034825 0
vn -0.871526539 -0.49034825 0
vn -0.871526539 -0.49034825 0
vn -0.893800497 -0.448464602 0
vn -0.893800497 -0.448464602 0
vn -0.893800497 -0.448464602 0
vn -0.893800497 -0.448464602 0
vn -0.89815259 -0.439684004 0
vn -0.89815259 -0.439684004 0
vn -0.89815259 -0.439684004 0
vn -0.89815259 -0.439684004 0
vn -0.874851882 -0.484390616 0
vn -0.874851882 -0.484390616 0
vn -0.874851882 -0.484390616 0
vn -0.874851882 -0.484390616 0
vn -0.851464272 -0.524412453 0
vn -0.851464272 -0.524412453 0
vn -0.851464272 -0.524412453 0
vn -0.851464272 -0.524412453 0
vn -0.915702283 -0.401857138 0
vn -0.915702283 -0.401857138 0
vn -0.915702283 -0.401857138 0
vn -0.915702283 -0.401857138 0
vn -0.89054966 -0.454886079 0
vn -0.89054966 -0.454886079 0
vn -0.89054966 -0.454886079 0
vn -0.89054966 -0.454886079 0
vn -0.871331811 -0.490694404 0
vn -0.871331811 -0.490694404 0
vn -0.871331811 -0.490694404 0
vn -0.871331811 -0.490694404 0
vn -0.866584599 -0.499030173 0
vn -0.866584599 -0.499030173 0
vn -0.866584599 -0.499030173 0
vn -0.866584599 -0.499030173 0
vn -0.857424557 -0.514609635 0
vn -0.857424557 -0.514609635 0
vn -0.857424557 -0.514609635 0
vn -0.857424557 -0.514609635 0
vn -0.895976305 -0.44410184 0
vn -0.895976305 -0.44410184 0
vn -0.895976305 -0.44410184 0
vn -0.895976305 -0.44410184 0
vn -0.899965823 -0.435960352 0
vn -0.899965823 -0.435960352 0
vn -0.899965823 -0.435960352 0
vn -0.899965823 -0.435960352 0
vn -0.868015587 -0.49653694 0
vn -0.868015587 -0.49653694 0
vn -0.868015587 -0.49653694 0
vn -0.868015587 -0.49653694 0
vn -0.884704053 -0.466153055 0
vn -0.884704053 -0.466153055 0
vn -0.884704053 -0.466153055 0
vn -0.884704053 -0.466153055 0
vn -0.895494759 -0.445072144 0
vn -0.895494759 -0.445072144 0
vn -0.895494759 -0.445072144 0
vn -0.895494759 -0.445072144 0
vn -0.883697391 -0.468058467 0
vn -0.883697391 -0.468058467 0
vn -0.883697391 -0.468058467 0
vn -0.883697391 -0.468058467 0
vn -0.873293161 -0.487194955 0
vn -0.873293161 -0.487194955 0
vn -0.873293161 -0.487194955 0
vn -0.873293161 -0.487194955 0
vn -0.874005914 -0.485915273 0
vn -0.874005914 -0.485915273 0
vn -0.874005914 -0.485915273 0
vn -0.874005914 -0.485915273 0
vn -0.900454164 -0.434951037 0
vn -0.900454164 -0.434951037 0
vn -0.900454164 -0.434951037 0
vn -0.900454164 -0.434951037 0
vn -0.890036166 -0.45588997 0
vn -0.890036166 -0.45588997 0
vn -0.890036166 -0.45588997 0
vn -0.890036166 -0.45588997 0
vn -0.868921578 -0.494949818 0
vn -0.868921578 -0.494949818 0
vn -0.868921578 -0.494949818 0
vn -0.868921578 -0.494949818 0
vn -0.882463098 -0.470381528 0
vn -0.882463098 -0.470381528 0
vn -0.882463098 -0.470381528 0
vn -0.882463098 -0.470381528 0
vn -0.898387313 -0.439204037 0
vn -0.898387313 -0.439204037 0
vn -0.898387313 -0.439204037 0
vn -0.898387313 -0.439204037 0
vn -0.874060929 -0.485816151 0
vn -0.874060929 -0.485816151 0
vn -0.874060929 -0.485816151 0
vn -0.874060929 -0.485816151 0
vn -0.832001507 -0.55477339 0
vn -0.832001507 -0.55477339 0
vn -0.832001507 -0.55477339 0
vn -0.832001507 -0.55477339 0
vn -0.896627963 -0.442784756 0
vn -0.896627963 -0.442784756 0
vn -0.896627963 -0.442784756 0
vn -0.896627963 -0.442784756 0
vn -0.888245881 -0.459368348 0
vn -0.888245881 -0.459368348 0
vn -0.888245881 -0.459368348 0
vn -0.888245881 -0.459368348 0
vn -0.870706797 -0.491802543 0
vn -0.870706797 -0.491802543 0
vn -0.870706797 -0.491802543 0
vn -0.870706797 -0.491802543 0
vn -0.889925301 -0.456106246 0
vn -0.889925301 -0.456106246 0
vn -0.889925301 -0.456106246 0
vn -0.889925301 -0.456106246 0
vn -0.911326647 -0.411684096 0
vn -0.911326647 -0.411684096 0
vn -0.911326647 -0.411684096 0
vn -0.911326647 -0.411684096 0
vn -0.884928465 -0.465727121 0
vn -0.884928465 -0.465727121 0
vn -0.884928465 -0.465727121 0
vn -0.884928465 -0.465727121 0
vn -0.858078778 -0.513518035 0
vn -0.858078778 -0.513518035 0
vn -0.858078778 -0.513518035 0
vn -0.858078778 -0.513518035 0
vn -0.887811184 -0.460207999 0
vn -0.887811184 -0.460207999 0
vn -0.887811184 -0.460207999 0
vn -0.887811184 -0.460207999 0
vn -0.900181532 -0.435514838 0
vn -0.900181532 -0.435514838 0
vn -0.900181532 -0.435514838 0
vn -0.900181532 -0.435514838 0
vn -0.870146513 -0.492793083 0
vn -0.870146513 -0.492793083 0
vn -0.870146513 -0.492793083 0
vn -0.870146513 -0.492793083 0
vn -0.877937138 -0.47877574 0
vn -0.877937138 -0.47877574 0
vn -0.877937138 -0.47877574 0
vn -0.877937138 -0.47877574 0
vn -0.911978841 -0.410237312 0
vn -0.911978841 -0.410237312 0
vn -0.911978841 -0.410237312 0
vn -0.911978841 -0.410237312 0
vn -0.909771204 -0.415110141 0
vn -0.909771204 -0.415110141 0
vn -0.909771204 -0.415110141 0
vn -0.909771204 -0.415110141 0
vn -0.880677223 -0.473716676 0
vn -0.880677223 -0.473716676 0
vn -0.880677223 -0.473716676 0
vn -0.880677223 -0.473716676 0
vn -0.863521457 -0.504311919 0
vn -0.863521457 -0.504311919 0
vn -0.863521457 -0.504311919 0
vn -0.863521457 -0.504311919 0
vn -0.882296085 -0.4706949 0
vn -0.882296085 -0.4706949 0
vn -0.882296085 -0.4706949 0
vn -0.882296085 -0.4706949 0
vn -0.873774171 -0.486331969 0
vn -0.873774171 -0.486331969 0
vn -0.873774171 -0.486331969 0
vn -0.873774171 -0.486331969 0
vn -0.852193534 -0.523226857 0
vn -0.852193534 -0.523226857 0
vn -0.852193534 -0.523226857 0
vn -0.852193534 -0.523226857 0
vn -0.880652606 -0.473762661 0
vn -0.880652606 -0.473762661 0
vn -0.880652606 -0.473762661 0
vn -0.880652606 -0.473762661 0
vn -0.88738358 -0.461031824 0
vn -0.88738358 -0.461031824 0
vn -0.88738358 -0.461031824 0
vn -0.88738358 -0.461031824 0
vn -0.872749329 -0.488168538 0
vn -0.872749329 -0.488168538 0
vn -0.872749329 -0.488168538 0
vn -0.872749329 -0.488168538 0
vn -0.886310577 -0.463091254 0
vn -0.886310577 -0.463091254 0
vn -0.886310577 -0.463091254 0
vn -0.886310577 -0.463091254 0
vn -0.897701263 -0.440604806 0
vn -0.897701263 -0.440604806 0
vn -0.897701263 -0.440604806 0
vn -0.897701263 -0.440604806 0
vn -0.870557606 -0.492066562 0
vn -0.870557606 -0.492066562 0
vn -0.870557606 -0.492066562 0
vn -0.870557606 -0.492066562 0
vn -0.860733986 -0.509054959 0
vn -0.860733986 -0.509054959 0
vn -0.860733986 -0.509054959 0
vn -0.860733986 -0.509054959 0
vn -0.879045129 -0.476738542 0
vn -0.879045129 -0.476738542 0
vn -0.879045129 -0.476738542 0
vn -0.879045129 -0.476738542 0
vn -0.888982177 -0.457941622 0
vn -0.888982177 -0.457941622 0
vn -0.888982177 -0.457941622 0
vn -0.888982177 -0.457941622 0
vn -0.867884696 -0.496765703 0
vn -0.867884696 -0.496765703 0
vn -0.867884696 -0.496765703 0
vn -0.867884696 -0.496765703 0
vn -0.882884681 -0.46958968 0
vn -0.882884681 -0.46958968 0
vn -0.882884681 -0.46958968 0
vn -0.882884681 -0.46958968 0
vn -0.91798538 -0.396614432 0
vn -0.91798538 -0.396614432 0
vn -0.91798538 -0.396614432 0
vn -0.91798538 -0.396614432 0
vn -0.896182418 -0.44368571 0
vn -0.896182418 -0.44368571 0
vn -0.896182418 -0.44368571 0
vn -0.896182418 -0.44368571 0
vn -0.876280904 -0.481800616 0
vn -0.876280904 -0.481800616 0
vn -0.876280904 -0.481800616 0
vn -0.876280904 -0.481800616 0
vn -0.875649035 -0.482947826 0
vn -0.875649035 -0.482947826 0
vn -0.875649035 -0.482947826 0
vn -0.875649035 -0.482947826 0
vn -0.87800473 -0.478652 0
vn -0.87800473 -0.478652 0
vn -0.87800473 -0.478652 0
vn -0.87800473 -0.478652 0
vn -0.877803147 -0.479021609 0
vn -0.877803147 -0.479021609 0
vn -0.877803147 -0.479021609 0
vn -0.877803147 -0.479021609 0
vn -0.852959156 -0.521977782 0
vn -0.852959156 -0.521977782 0
vn -0.852959156 -0.521977782 0
vn -0.852959156 -0.521977782 0
vn -0.874387026 -0.485229194 0
vn -0.874387026 -0.485229194 0
vn -0.874387026 -0.485229194 0
vn -0.874387026 -0.485229194 0
vn -0.891087711 -0.453831345 0
vn -0.891087711 -0.453831345 0
vn -0.891087711 -0.453831345 0
vn -0.891087711 -0.453831345 0
vn -0.865512431 -0.500887454 0
vn -0.865512431 -0.500887454 0
vn -0.865512431 -0.500887454 0
vn -0.865512431 -0.500887454 0
vn -0.87361449 -0.486618578 0
vn -0.87361449 -0.486618578 0
vn -0.87361449 -0.486618578 0
vn -0.87361449 -0.486618578 0
vn -0.898995697 -0.437957525 0
vn -0.898995697 -0.437957525 0
vn -0.898995697 -0.437957525 0
vn -0.898995697 -0.437957525 0
vn -0.89349699 -0.449069113 0
vn -0.89349699 -0.449069113 0
vn -0.89349699 -0.449069113 0
vn -0.89349699 -0.449069113 0
vn -0.857771993 -0.514030457 0
vn -0.857771993 -0.514030457 0
vn -0.857771993 -0.514030457 0
vn -0.857771993 -0.514030457 0
vn -0.874323547 -0.485343486 0
vn -0.874323547 -0.485343486 0
vn -0.874323547 -0.485343486 0
vn -0.874323547 -0.485343486 0
vn -0.909882426 -0.41486612 0
vn -0.909882426 -0.41486612 0
vn -0.909882426 -0.41486612 0
vn -0.909882426 -0.41486612 0
vn -0.872067153 -0.489386171 0
vn -0.872067153 -0.489386171 0
vn -0.872067153 -0.489386171 0
vn -0.872067153 -0.489386171 0
vn -0.851760983 -0.523930609 0
vn -0.851760983 -0.523930609 0
vn -0.851760983 -0.523930609 0
vn -0.851760983 -0.523930609 0
vn -0.897941589 -0.440114766 0
vn -0.897941589 -0.440114766 0
vn -0.897941589 -0.440114766 0
vn -0.897941589 -0.440114766 0
vn -0.895605683 -0.444848865 0
vn -0.895605683 -0.444848865 0
vn -0.895605683 -0.444848865 0
vn -0.895605683 -0.444848865 0
vn -0.867335677 -0.49772355 0
vn -0.867335677 -0.49772355 0
vn -0.867335677 -0.49772355 0
vn -0.867335677 -0.49772355 0
vn -0.876769245 -0.480911374 0
vn -0.876769245 -0.480911374 0
vn -0.876769245 -0.480911374 0
vn -0.876769245 -0.480911374 0
vn -0.892334521 -0.45137462 0
vn -0.892334521 -0.45137462 0
vn -0.892334521 -0.45137462 0
vn -0.892334521 -0.45137462 0
vn -0.885968387 -0.463745594 0
vn -0.885968387 -0.463745594 0
vn -0.885968387 -0.463745594 0
vn -0.885968387 -0.463745594 0
vn -0.892186165 -0.451667815 0
vn -0.892186165 -0.451667815 0
vn -0.892186165 -0.451667815 0
vn -0.892186165 -0.451667815 0
vn -0.898800969 -0.438357055 0
vn -0.898800969 -0.438357055 0
vn -0.898800969 -0.438357055 0
vn -0.898800969 -0.438357055 0
vn -0.871742964 -0.489963561 0
vn -0.871742964 -0.489963561 0
vn -0.871742964 -0.489963561 0
vn -0.871742964 -0.489963561 0
vn -0.871316135 -0.49072206 0
vn -0.871316135 -0.49072206 0
vn -0.871316135 -0.49072206 0
vn -0.871316135 -0.49072206 0
vn -0.889119089 -0.457676053 0
vn -0.889119089 -0.457676053 0
vn -0.889119089 -0.457676053 0
vn -0.889119089 -0.457676053 0
vn -0.877421618 -0.479720056 0
vn -0.877421618 -0.479720056 0
vn -0.877421618 -0.479720056 0
vn -0.877421618 -0.479720056 0
vn -0.855930209 -0.517091453 0
vn -0.855930209 -0.517091453 0
vn -0.855930209 -0.517091453 0
vn -0.855930209 -0.517091453 0
vn -0.863482594 -0.504378617 0
vn -0.863482594 -0.504378617 0
vn -0.863482594 -0.504378617 0
vn -0.863482594 -0.504378617 0
vn -0.907654345 -0.419718355 0
vn -0.907654345 -0.419718355 0
vn -0.907654345 -0.419718355 0
vn -0.907654345 -0.419718355 0
vn -0.903098702 -0.429432988 0
vn -0.903098702 -0.429432988 0
vn -0.903098702 -0.429432988 0
vn -0.903098702 -0.429432988 0
vn -0.868571222 -0.495564401 0
vn -0.868571222 -0.495564401 0
vn -0.868571222 -0.495564401 0
vn -0.868571222 -0.495564401 0
vn -0.895410359 -0.445241898 0
vn -0.895410359 -0.445241898 0
vn -0.895410359 -0.445241898 0
vn -0.895410359 -0.445241898 0
vn -0.885306597 -0.465007693 0
vn -0.885306597 -0.465007693 0
vn -0.885306597 -0.465007693 0
vn -0.885306597 -0.465007693 0
vn -0.843725264 -0.53677541 0
vn -0.843725264 -0.53677541 0
vn -0.843725264 -0.53677541 0
vn -0.843725264 -0.53677541 0
vn -0.87000227 -0.493047804 0
vn -0.87000227 -0.493047804 0
vn -0.87000227 -0.493047804 0
vn -0.87000227 -0.493047804 0
vn -0.888348043 -0.459170878 0
vn -0.888348043 -0.459170878 0
vn -0.888348043 -0.459170878 0
vn -0.888348043 -0.459170878 0
vn -0.8743577 -0.485282004 0
vn -0.8743577 -0.485282004 0
vn -0.8743577 -0.485282004 0
vn -0.8743577 -0.485282004 0
vn -0.862403035 -0.506222308 0
vn -0.862403035 -0.506222308 0
vn -0.862403035 -0.506222308 0
vn -0.862403035 -0.506222308 0
vn -0.909801722 -0.415043235 0
vn -0.909801722 -0.415043235 0
vn -0.909801722 -0.415043235 0
vn -0.909801722 -0.415043235 0
vn -0.910668731 -0.413137168 0
vn -0.910668731 -0.413137168 0
vn -0.910668731 -0.413137168 0
vn -0.910668731 -0.413137168 0
vn -0.879234433 -0.476389349 0
vn -0.879234433 -0.476389349 0
vn -0.879234433 -0.476389349 0
vn -0.879234433 -0.476389349 0
vn -0.850450754 -0.52605474 0
vn -0.850450754 -0.52605474 0
vn -0.850450754 -0.52605474 0
vn -0.850450754 -0.52605474 0
vn -0.863230169 -0.504810572 0
vn -0.863230169 -0.504810572 0
vn -0.863230169 -0.504810572 0
vn -0.863230169 -0.504810572 0
vn -0.885357857 -0.464910239 0
vn -0.885357857 -0.464910239 0
vn -0.885357857 -0.464910239 0
vn -0.885357857 -0.464910239 0
vn -0.864888251 -0.501964569 0
vn -0.864888251 -0.501964569 0
vn -0.864888251 -0.501964569 0
vn -0.864888251 -0.501964569 0
vn -0.855143487 -0.518391371 0
vn -0.855143487 -0.518391371 0
vn -0.855143487 -0.518391371 0
vn -0.855143487 -0.518391371 0
vn -0.901553214 -0.432668298 0
vn -0.901553214 -0.432668298 0
vn -0.901553214 -0.432668298 0
vn -0.901553214 -0.432668298 0
vn -0.902053654 -0.431623876 0
vn -0.902053654 -0.431623876 0
vn -0.902053654 -0.431623876 0
vn -0.902053654 -0.431623876 0
vn -0.874233067 -0.485506535 0
vn -0.874233067 -0.485506535 0
vn -0.874233067 -0.485506535 0
vn -0.874233067 -0.485506535 0
vn -0.900032938 -0.435821801 0
vn -0.900032938 -0.435821801 0
vn -0.900032938 -0.435821801 0
vn -0.900032938 -0.435821801 0
vn -0.926667094 -0.375882983 0
vn -0.926667094 -0.375882983 0
vn -0.926667094 -0.375882983 0
vn -0.926667094 -0.375882983 0
vn -0.893599927 -0.44886449 0
vn -0.893599927 -0.44886449 0
vn -0.893599927 -0.44886449 0
vn -0.893599927 -0.44886449 0
vn -0.860494494 -0.509459734 0
vn -0.860494494 -0.509459734 0
vn -0.860494494 -0.509459734 0
vn -0.860494494 -0.509459734 0
vn -0.890722573 -0.454547316 0
vn -0.890722573 -0.454547316 0
vn -0.890722573 -0.454547316 0
vn -0.890722573 -0.454547316 0
vn -0.895233154 -0.445598066 0
vn -0.895233154 -0.445598066 0
vn -0.895233154 -0.445598066 0
vn -0.895233154 -0.445598066 0
vn -0.862677813 -0.505753875 0
vn -0.862677813 -0.505753875 0
vn -0.862677813 -0.505753875 0
vn -0.862677813 -0.505753875 0
vn -0.87690556 -0.480662644 0
vn -0.87690556 -0.480662644 0
vn -0.87690556 -0.480662644 0
vn -0.87690556 -0.480662644 0
vn -0.890266359 -0.455440223 0
vn -0.890266359 -0.455440223 0
vn -0.890266359 -0.455440223 0
vn -0.890266359 -0.455440223 0
vn -0.885913014 -0.463851541 0
vn -0.885913014 -0.463851541 0
vn -0.885913014 -0.463851541 0
vn -0.885913014 -0.463851541 0
vn -0.875719666 -0.482819974 0
vn -0.875719666 -0.482819974 0
vn -0.875719666 -0.482819974 0
vn -0.875719666 -0.482819974 0
vn -0.870459616 -0.492239773 0
vn -0.870459616 -0.492239773 0
vn -0.870459616 -0.492239773 0
vn -0.870459616 -0.492239773 0
vn -0.896655977 -0.442727894 0
vn -0.896655977 -0.442727894 0
vn -0.896655977 -0.442727894 0
vn -0.896655977 -0.442727894 0
vn -0.893189788 -0.449679762 0
vn -0.893189788 -0.449679762 0
vn -0.893189788 -0.449679762 0
vn -0.893189788 -0.449679762 0
vn -0.867130876 -0.498080283 0
vn -0.867130876 -0.498080283 0
vn -0.867130876 -0.498080283 0
vn -0.867130876 -0.498080283 0
vn -0.86284256 -0.505472839 0
vn -0.86284256 -0.505472839 0
vn -0.86284256 -0.505472839 0
vn -0.86284256 -0.505472839 0
vn -0.892333627 -0.451376557 0
vn -0.892333627 -0.451376557 0
vn -0.892333627 -0.451376557 0
vn -0.892333627 -0.451376557 0
vn -0.886813402 -0.462127686 0
vn -0.886813402 -0.462127686 0
vn -0.886813402 -0.462127686 0
vn -0.886813402 -0.462127686 0
vn -0.848823607 -0.528676271 0
vn -0.848823607 -0.528676271 0
vn -0.848823607 -0.528676271 0
vn -0.848823607 -0.528676271 0
vn -0.894751787 -0.446563751 0
vn -0.894751787 -0.446563751 0
vn -0.894751787 -0.446563751 0
vn -0.894751787 -0.446563751 0
vn -0.872675478 -0.488300472 0
vn -0.872675478 -0.488300472 0
vn -0.872675478 -0.488300472 0
vn -0.872675478 -0.488300472 0
vn -0.874354243 -0.485288322 0
vn -0.874354243 -0.485288322 0
vn -0.874354243 -0.485288322 0
vn -0.874354243 -0.485288322 0
vn -0.906014562 -0.423246413 0
vn -0.906014562 -0.423246413 0
vn -0.906014562 -0.423246413 0
vn -0.906014562 -0.423246413 0
vn -0.909054995 -0.416675955 0
vn -0.909054995 -0.416675955 0
vn -0.909054995 -0.416675955 0
vn -0.909054995 -0.416675955 0
vn -0.87270081 -0.488255352 0
vn -0.87270081 -0.488255352 0
vn -0.87270081 -0.488255352 0
vn -0.87270081 -0.488255352 0
vn -0.873046994 -0.487636209 0
vn -0.873046994 -0.487636209 0
vn -0.873046994 -0.487636209 0
vn -0.873046994 -0.487636209 0
vn -0.897640765 -0.440727919 0
vn -0.897640765 -0.440727919 0
vn -0.897640765 -0.440727919 0
vn -0.897640765 -0.440727919 0
vn -0.867367268 -0.497668564 0
vn -0.867367268 -0.497668564 0
vn -0.867367268 -0.497668564 0
vn -0.867367268 -0.497668564 0
vn -0.851517022 -0.52432698 0
vn -0.851517022 -0.52432698 0
vn -0.851517022 -0.52432698 0
vn -0.851517022 -0.52432698 0
vn -0.876793921 -0.480866224 0
vn -0.876793921 -0.480866224 0
vn -0.876793921 -0.480866224 0
vn -0.876793921 -0.480866224 0
vn -0.89008534 -0.455793887 0
vn -0.89008534 -0.455793887 0
vn -0.89008534 -0.455793887 0
vn -0.89008534 -0.455793887 0
vn -0.878502071 -0.47773841 0
vn -0.878502071 -0.47773841 0
vn -0.878502071 -0.47773841 0
vn -0.878502071 -0.47773841 0
vn -0.911054075 -0.412286907 0
vn -0.911054075 -0.412286907 0
vn -0.911054075 -0.412286907 0
vn -0.911054075 -0.412286907 0
vn -0.911323071 -0.411691844 0
vn -0.911323071 -0.411691844 0
vn -0.911323071 -0.411691844 0
vn -0.911323071 -0.411691844 0
vn -0.866344273 -0.499447316 0
vn -0.866344273 -0.499447316 0
vn -0.866344273 -0.499447316 0
vn -0.866344273 -0.499447316 0
vn -0.869227231 -0.494412929 0
vn -0.869227231 -0.494412929 0
vn -0.869227231 -0.494412929 0
vn -0.869227231 -0.494412929 0
vn -0.896135032 -0.443781495 0
vn -0.896135032 -0.443781495 0
vn -0.896135032 -0.443781495 0
vn -0.896135032 -0.443781495 0
vn -0.893655479 -0.448753715 0
vn -0.893655479 -0.448753715 0
vn -0.893655479 -0.448753715 0
vn -0.893655479 -0.448753715 0
vn -0.861350417 -0.508011222 0
vn -0.861350417 -0.508011222 0
vn -0.861350417 -0.508011222 0
vn -0.861350417 -0.508011222 0
vn -0.87796247 -0.478729427 0
vn -0.87796247 -0.478729427 0
vn -0.87796247 -0.478729427 0
vn -0.87796247 -0.478729427 0
vn -0.902578413 -0.430525422 0
vn -0.902578413 -0.430525422 0
vn -0.902578413 -0.430525422 0
vn -0.902578413 -0.430525422 0
vn -0.904162765 -0.427188098 0
vn -0.904162765 -0.427188098 0
vn -0.904162765 -0.427188098 0
vn -0.904162765 -0.427188098 0
vn -0.857292891 -0.51482904 0
vn -0.857292891 -0.51482904 0
vn -0.857292891 -0.51482904 0
vn -0.857292891 -0.51482904 0
vn -0.862537205 -0.505993724 0
vn -0.862537205 -0.505993724 0
vn -0.862537205 -0.505993724 0
vn -0.862537205 -0.505993724 0
vn -0.889799118 -0.456352383 0
vn -0.889799118 -0.456352383 0
vn -0.889799118 -0.456352383 0
vn -0.889799118 -0.456352383 0
vn -0.875930309 -0.482437551 0
vn -0.875930309 -0.482437551 0
vn -0.875930309 -0.482437551 0
vn -0.875930309 -0.482437551 0
vn -0.853790224 -0.520617306 0
vn -0.853790224 -0.520617306 0
vn -0.853790224 -0.520617306 0
vn -0.853790224 -0.520617306 0
vn -0.892035782 -0.451964855 0
vn -0.892035782 -0.451964855 0
vn -0.892035782 -0.451964855 0
vn -0.892035782 -0.451964855 0
vn -0.897625089 -0.440759718 0
vn -0.897625089 -0.440759718 0
vn -0.897625089 -0.440759718 0
vn -0.897625089 -0.440759718 0
vn -0.876000404 -0.482310265 0
vn -0.876000404 -0.482310265 0
vn -0.876000404 -0.482310265 0
vn -0.876000404 -0.482310265 0
vn -0.887217402 -0.461351603 0
vn -0.887217402 -0.461351603 0
vn -0.887217402 -0.461351603 0
vn -0.887217402 -0.461351603 0
vn -0.900218308 -0.435438782 0
vn -0.900218308 -0.435438782 0
vn -0.900218308 -0.435438782 0
vn -0.900218308 -0.435438782 0
vn -0.869582653 -0.493787408 0
vn -0.869582653 -0.493787408 0
vn -0.869582653 -0.493787408 0
vn -0.869582653 -0.493787408 0
vn -0.877977431 -0.478702039 0
vn -0.877977431 -0.478702039 0
vn -0.877977431 -0.478702039 0
vn -0.877977431 -0.478702039 0
vn -0.907808065 -0.419385999 0
vn -0.907808065 -0.419385999 0
vn -0.907808065 -0.419385999 0
vn -0.907808065 -0.419385999 0
vn -0.891072392 -0.453861207 0
vn -0.891072392 -0.453861207 0
vn -0.891072392 -0.453861207 0
vn -0.891072392 -0.453861207 0
vn -0.870858192 -0.491534442 0
vn -0.870858192 -0.491534442 0
vn -0.870858192 -0.491534442 0
vn -0.870858192 -0.491534442 0
vn -0.858627617 -0.512599826 0
vn -0.858627617 -0.512599826 0
vn -0.858627617 -0.512599826 0
vn -0.858627617 -0.512599826 0
vn -0.872250021 -0.489060402 0
vn -0.872250021 -0.489060402 0
vn -0.872250021 -0.489060402 0
vn -0.872250021 -0.489060402 0
vn -0.867828012 -0.496864736 0
vn -0.867828012 -0.496864736 0
vn -0.867828012 -0.496864736 0
vn -0.867828012 -0.496864736 0
vn -0.856247663 -0.516565502 0
vn -0.856247663 -0.516565502 0
vn -0.856247663 -0.516565502 0
vn -0.856247663 -0.516565502 0
vn -0.888719678 -0.458451152 0
vn -0.888719678 -0.458451152 0
vn -0.888719678 -0.458451152 0
vn -0.888719678 -0.458451152 0
vn -0.884147823 -0.467207104 0
vn -0.884147823 -0.467207104 0
vn -0.884147823 -0.467207104 0
vn -0.884147823 -0.467207104 0
vn -0.87369889 -0.486467242 0
vn -0.87369889 -0.486467242 0
vn -0.87369889 -0.486467242 0
vn -0.87369889 -0.486467242 0
vn -0.907827556 -0.41934377 0
vn -0.907827556 -0.41934377 0
vn -0.907827556 -0.41934377 0
vn -0.907827556 -0.41934377 0
vn -0.886994243 -0.461780429 0
vn -0.886994243 -0.461780429 0
vn -0.886994243 -0.461780429 0
vn -0.886994243 -0.461780429 0
vn -0.877235651 -0.480060101 0
vn -0.877235651 -0.480060101 0
vn -0.877235651 -0.480060101 0
vn -0.877235651 -0.480060101 0
vn -0.897032976 -0.441963673 0
vn -0.897032976 -0.441963673 0
vn -0.897032976 -0.441963673 0
vn -0.897032976 -0.441963673 0
vn -0.880489886 -0.474064916 0
vn -0.880489886 -0.474064916 0
vn -0.880489886 -0.474064916 0
vn -0.880489886 -0.474064916 0
vn -0.875105977 -0.483931363 0
vn -0.875105977 -0.483931363 0
vn -0.875105977 -0.483931363 0
vn -0.875105977 -0.483931363 0
vn -0.879783392 -0.475374818 0
vn -0.879783392 -0.475374818 0
vn -0.879783392 -0.475374818 0
vn -0.879783392 -0.475374818 0
vn -0.901989102 -0.431758583 0
vn -0.901989102 -0.431758583 0
vn -0.901989102 -0.431758583 0
vn -0.901989102 -0.431758583 0
vn -0.884106457 -0.467285514 0
vn -0.884106457 -0.467285514 0
vn -0.884106457 -0.467285514 0
vn -0.884106457 -0.467285514 0
vn -0.871124923 -0.491061479 0
vn -0.871124923 -0.491061479 0
vn -0.871124923 -0.491061479 0
vn -0.871124923 -0.491061479 0
vn -0.896839738 -0.442355663 0
vn -0.896839738 -0.442355663 0
vn -0.896839738 -0.442355663 0
vn -0.896839738 -0.442355663 0
vn -0.887444139 -0.460915208 0
vn -0.887444139 -0.460915208 0
vn -0.887444139 -0.460915208 0
vn -0.887444139 -0.460915208 0
vn -0.862483263 -0.506085634 0
vn -0.862483263 -0.506085634 0
vn -0.862483263 -0.506085634 0
vn -0.862483263 -0.506085634 0
vn -0.832571507 -0.553917646 0
vn -0.832571507 -0.553917646 0
vn -0.832571507 -0.553917646 0
vn -0.832571507 -0.553917646 0
vn -0.855349481 -0.518051267 0
vn -0.855349481 -0.518051267 0
vn -0.855349481 -0.518051267 0
vn -0.855349481 -0.518051267 0
vn -0.885576725 -0.464493066 0
vn -0.885576725 -0.464493066 0
vn -0.885576725 -0.464493066 0
vn -0.885576725 -0.464493066 0
vn -0.873544514 -0.486744106 0
vn -0.873544514 -0.486744106 0
vn -0.873544514 -0.486744106 0
vn -0.873544514 -0.486744106 0
vn -0.90167886 -0.432406366 0
vn -0.90167886 -0.432406366 0
vn -0.90167886 -0.432406366 0
vn -0.90167886 -0.432406366 0
vn -0.91494292 -0.403583407 0
vn -0.91494292 -0.403583407 0
vn -0.91494292 -0.403583407 0
vn -0.91494292 -0.403583407 0
vn -0.882659316 -0.470013231 0
vn -0.882659316 -0.470013231 0
vn -0.882659316 -0.470013231 0
vn -0.882659316 -0.470013231 0
vn -0.874542952 -0.484948158 0
vn -0.874542952 -0.484948158 0
vn -0.874542952 -0.484948158 0
vn -0.874542952 -0.484948158 0
vn -0.903813422 -0.427926898 0
vn -0.903813422 -0.427926898 0
vn -0.903813422 -0.427926898 0
vn -0.903813422 -0.427926898 0
vn -0.891811132 -0.452407837 0
vn -0.891811132 -0.452407837 0
vn -0.891811132 -0.452407837 0
vn -0.891811132 -0.452407837 0
vn -0.880444646 -0.474148929 0
vn -0.880444646 -0.474148929 0
vn -0.880444646 -0.474148929 0
vn -0.880444646 -0.474148929 0
vn -0.903649986 -0.428271711 0
vn -0.903649986 -0.428271711 0
vn -0.903649986 -0.428271711 0
vn -0.903649986 -0.428271711 0
vn -0.856635869 -0.515921474 0
vn -0.856635869 -0.515921474 0
vn -0.856635869 -0.515921474 0
vn -0.856635869 -0.515921474 0
vn -0.851395607 -0.524524093 0
vn -0.851395607 -0.524524093 0
vn -0.851395607 -0.524524093 0
vn -0.851395607 -0.524524093 0
vn -0.876758516 -0.480930924 0
vn -0.876758516 -0.480930924 0
vn -0.876758516 -0.480930924 0
vn -0.876758516 -0.480930924 0
vn -0.870519221 -0.492134452 0
vn -0.870519221 -0.492134452 0
vn -0.870519221 -0.492134452 0
vn -0.870519221 -0.492134452 0
vn -0.845315218 -0.534267902 0
vn -0.845315218 -0.534267902 0
vn -0.845315218 -0.534267902 0
vn -0.845315218 -0.534267902 0
vn -0.887432277 -0.460938245 0
vn -0.887432277 -0.460938245 0
vn -0.887432277 -0.460938245 0
vn -0.887432277 -0.460938245 0
vn -0.907695472 -0.419629514 0
vn -0.907695472 -0.419629514 0
vn -0.907695472 -0.419629514 0
vn -0.907695472 -0.419629514 0
vn -0.888456106 -0.458961636 0
vn -0.888456106 -0.458961636 0
vn -0.888456106 -0.458961636 0
vn -0.888456106 -0.458961636 0
vn -0.880191326 -0.474619061 0
vn -0.880191326 -0.474619061 0
vn -0.880191326 -0.474619061 0
vn -0.880191326 -0.474619061 0
vn -0.890156031 -0.455655813 0
vn -0.890156031 -0.455655813 0
vn -0.890156031 -0.455655813 0
vn -0.890156031 -0.455655813 0
vn -0.88391906 -0.467639774 0
vn -0.88391906 -0.467639774 0
vn -0.88391906 -0.467639774 0
vn -0.88391906 -0.467639774 0
vn -0.862274468 -0.506441176 0
vn -0.862274468 -0.506441176 0
vn -0.862274468 -0.506441176 0
vn -0.862274468 -0.506441176 0
vn -0.874149442 -0.485657036 0
vn -0.874149442 -0.485657036 0
vn -0.874149442 -0.485657036 0
vn -0.874149442 -0.485657036 0
vn -0.900597572 -0.434653968 0
vn -0.900597572 -0.434653968 0
vn -0.900597572 -0.434653968 0
vn -0.900597572 -0.434653968 0
vn -0.89743036 -0.441156119 0
vn -0.89743036 -0.441156119 0
vn -0.89743036 -0.441156119 0
vn -0.89743036 -0.441156119 0
vn -0.880772591 -0.473539412 0
vn -0.880772591 -0.473539412 0
vn -0.880772591 -0.473539412 0
vn -0.880772591 -0.473539412 0
vn -0.894260585 -0.447546571 0
vn -0.894260585 -0.447546571 0
vn -0.894260585 -0.447546571 0
vn -0.894260585 -0.447546571 0
vn -0.890946388 -0.454108357 0
vn -0.890946388 -0.454108357 0
vn -0.890946388 -0.454108357 0
vn -0.890946388 -0.454108357 0
vn -0.86096853 -0.50865823 0
vn -0.86096853 -0.50865823 0
vn -0.86096853 -0.50865823 0
vn -0.86096853 -0.50865823 0
vn -0.865585864 -0.500760615 0
vn -0.865585864 -0.500760615 0
vn -0.865585864 -0.500760615 0
vn -0.865585864 -0.500760615 0
vn -0.87146616 -0.490455776 0
vn -0.87146616 -0.490455776 0
vn -0.87146616 -0.490455776 0
vn -0.87146616 -0.490455776 0
vn -0.860478461 -0.509486854 0
vn -0.860478461 -0.509486854 0
vn -0.860478461 -0.509486854 0
vn -0.860478461 -0.509486854 0
vn -0.896794736 -0.442446887 0
vn -0.896794736 -0.442446887 0
vn -0.896794736 -0.442446887 0
vn -0.896794736 -0.442446887 0
vn -0.90013361 -0.435613751 0
vn -0.90013361 -0.435613751 0
vn -0.90013361 -0.435613751 0
vn -0.90013361 -0.435613751 0
vn -0.849068999 -0.528281927 0
vn -0.849068999 -0.528281927 0
vn -0.849068999 -0.528281927 0
vn -0.849068999 -0.528281927 0
vn -0.868436515 -0.495800376 0
vn -0.868436515 -0.495800376 0
vn -0.868436515 -0.495800376 0
vn -0.868436515 -0.495800376 0
vn -0.899846017 -0.436207622 0
vn -0.899846017 -0.436207622 0
vn -0.899846017 -0.436207622 0
vn -0.899846017 -0.436207622 0
vn -0.882351637 -0.470590532 0
vn -0.882351637 -0.470590532 0
vn -0.882351637 -0.470590532 0
vn -0.882351637 -0.470590532 0
vn -0.8482548 -0.529588342 0
vn -0.8482548 -0.529588342 0
vn -0.8482548 -0.529588342 0
vn -0.8482548 -0.529588342 0
vn -0.869743049 -0.493504941 0
vn -0.869743049 -0.493504941 0
vn -0.869743049 -0.493504941 0
vn -0.869743049 -0.493504941 0
vn -0.913532555 -0.40676561 0
vn -0.913532555 -0.40676561 0
vn -0.913532555 -0.40676561 0
vn -0.913532555 -0.40676561 0
vn -0.883565843 -0.468306839 0
vn -0.883565843 -0.468306839 0
vn -0.883565843 -0.468306839 0
vn -0.883565843 -0.468306839 0
vn -0.858298421 -0.51315099 0
vn -0.858298421 -0.51315099 0
vn -0.858298421 -0.51315099 0
vn -0.858298421 -0.51315099 0
vn -0.89776361 -0.440477699 0
vn -0.89776361 -0.440477699 0
vn -0.89776361 -0.440477699 0
vn -0.89776361 -0.440477699 0
vn -0.883593023 -0.46825555 0
vn -0.883593023 -0.46825555 0
vn -0.883593023 -0.46825555 0
vn -0.883593023 -0.46825555 0
vn -0.85618937 -0.51666218 0
vn -0.85618937 -0.51666218 0
vn -0.85618937 -0.51666218 0
vn -0.85618937 -0.51666218 0
vn -0.859929085 -0.510413587 0
vn -0.859929085 -0.510413587 0
vn -0.859929085 -0.510413587 0
vn -0.859929085 -0.510413587 0
vn -0.898400128 -0.439177752 0
vn -0.898400128 -0.439177752 0
vn -0.898400128 -0.439177752 0
vn -0.898400128 -0.439177752 0
vn -0.892265141 -0.451511949 0
vn -0.892265141 -0.451511949 0
vn -0.892265141 -0.451511949 0
vn -0.892265141 -0.451511949 0
vn -0.873962045 -0.485994101 0
vn -0.873962045 -0.485994101 0
vn -0.873962045 -0.485994101 0
vn -0.873962045 -0.485994101 0
vn -0.887285471 -0.461220622 0
vn -0.887285471 -0.461220622 0
vn -0.887285471 -0.461220622 0
vn -0.887285471 -0.461220622 0
vn -0.905868173 -0.423559755 0
vn -0.905868173 -0.423559755 0
vn -0.905868173 -0.423559755 0
vn -0.905868173 -0.423559755 0
vn -0.885147154 -0.46531108 0
vn -0.885147154 -0.46531108 0
vn -0.885147154 -0.46531108 0
vn -0.885147154 -0.46531108 0
vn -0.858017325 -0.513620853 0
vn -0.858017325 -0.513620853 0
vn -0.858017325 -0.513620853 0
vn -0.858017325 -0.513620853 0
vn -0.879629195 -0.475660086 0
vn -0.879629195 -0.475660086 0
vn -0.879629195 -0.475660086 0
vn -0.879629195 -0.475660086 0
vn -0.901168525 -0.433468848 0
vn -0.901168525 -0.433468848 0
vn -0.901168525 -0.433468848 0
vn -0.901168525 -0.433468848 0
vn -0.880148053 -0.474699378 0
vn -0.880148053 -0.474699378 0
vn -0.880148053 -0.474699378 0
vn -0.880148053 -0.474699378 0
vn -0.880447328 -0.474143952 0
vn -0.880447328 -0.474143952 0
vn -0.880447328 -0.474143952 0
vn -0.880447328 -0.474143952 0
vn -0.913865745 -0.406016588 0
vn -0.913865745 -0.406016588 0
vn -0.913865745 -0.406016588 0
vn -0.913865745 -0.406016588 0
vn -0.931341171 -0.364147872 0
vn -0.931341171 -0.364147872 0
vn -0.931341171 -0.364147872 0
vn -0.931341171 -0.364147872 0
vn -0.853258669 -0.521487951 0
vn -0.853258669 -0.521487951 0
vn -0.853258669 -0.521487951 0
vn -0.853258669 -0.521487951 0
vn -0.862785757 -0.505569696 0
vn -0.862785757 -0.505569696 0
vn -0.862785757 -0.505569696 0
vn -0.862785757 -0.505569696 0
vn -0.89119494 -0.453620553 0
vn -0.89119494 -0.453620553 0
vn -0.89119494 -0.453620553 0
vn -0.89119494 -0.453620553 0
vn -0.875762343 -0.482742488 0
vn -0.875762343 -0.482742488 0
vn -0.875762343 -0.482742488 0
vn -0.875762343 -0.482742488 0
vn -0.845141232 -0.534542978 0
vn -0.845141232 -0.534542978 0
vn -0.845141232 -0.534542978 0
vn -0.845141232 -0.534542978 0
vn -0.878014743 -0.478633493 0
vn -0.878014743 -0.478633493 0
vn -0.878014743 -0.478633493 0
vn -0.878014743 -0.478633493 0
vn -0.899629414 -0.43665421 0
vn -0.899629414 -0.43665421 0
vn -0.899629414 -0.43665421 0
vn -0.899629414 -0.43665421 0
vn -0.894867659 -0.446331531 0
vn -0.894867659 -0.446331531 0
vn -0.894867659 -0.446331531 0
vn -0.894867659 -0.446331531 0
vn -0.883265138 -0.468873769 0
vn -0.883265138 -0.468873769 0
vn -0.883265138 -0.468873769 0
vn -0.883265138 -0.468873769 0
vn -0.88692075 -0.461921602 0
vn -0.88692075 -0.461921602 0
vn -0.88692075 -0.461921602 0
vn -0.88692075 -0.461921602 0
vn -0.900612116 -0.434623748 0
vn -0.900612116 -0.434623748 0
vn -0.900612116 -0.434623748 0
vn -0.900612116 -0.434623748 0
vn -0.87427783 -0.48542577 0
vn -0.87427783 -0.48542577 0
vn -0.87427783 -0.48542577 0
vn -0.87427783 -0.48542577 0
vn -0.851816833 -0.523839831 0
vn -0.851816833 -0.523839831 0
vn -0.851816833 -0.523839831 0
vn -0.851816833 -0.523839831 0
vn -0.864878118 -0.501981854 0
vn -0.864878118 -0.501981854 0
vn -0.864878118 -0.501981854 0
vn -0.864878118 -0.501981854 0
vn -0.882963955 -0.469440877 0
vn -0.882963955 -0.469440877 0
vn -0.882963955 -0.469440877 0
vn -0.882963955 -0.469440877 0
vn -0.853966057 -0.52032876 0
vn -0.853966057 -0.52032876 0
vn -0.853966057 -0.52032876 0
vn -0.853966057 -0.52032876 0
vn -0.820748746 -0.571289361 0
vn -0.820748746 -0.571289361 0
vn -0.820748746 -0.571289361 0
vn -0.820748746 -0.571289361 0
vn -0.886990786 -0.461787254 0
vn -0.886990786 -0.461787254 0
vn -0.886990786 -0.461787254 0
vn -0.886990786 -0.461787254 0
vn -0.911667526 -0.410928547 0
vn -0.911667526 -0.410928547 0
vn -0.911667526 -0.410928547 0
vn -0.911667526 -0.410928547 0
vn -0.875765562 -0.482736677 0
vn -0.875765562 -0.482736677 0
vn -0.875765562 -0.482736677 0
vn -0.875765562 -0.482736677 0
vn -0.890578806 -0.454829067 0
vn -0.890578806 -0.454829067 0
vn -0.890578806 -0.454829067 0
vn -0.890578806 -0.454829067 0
vn -0.918777406 -0.394776195 0
vn -0.918777406 -0.394776195 0
vn -0.918777406 -0.394776195 0
vn -0.918777406 -0.394776195 0
vn -0.853645504 -0.520854473 0
vn -0.853645504 -0.520854473 0
vn -0.853645504 -0.520854473 0
vn -0.853645504 -0.520854473 0
vn -0.858147383 -0.513403416 0
vn -0.858147383 -0.513403416 0
vn -0.858147383 -0.513403416 0
vn -0.858147383 -0.513403416 0
vn -0.889910281 -0.456135571 0
vn -0.889910281 -0.456135571 0
vn -0.889910281 -0.456135571 0
vn -0.889910281 -0.456135571 0
vn -0.892673492 -0.450703859 0
vn -0.892673492 -0.450703859 0
vn -0.892673492 -0.450703859 0
vn -0.892673492 -0.450703859 0
vn -0.862449288 -0.50614357 0
vn -0.862449288 -0.50614357 0
vn -0.862449288 -0.50614357 0
vn -0.862449288 -0.50614357 0
vn -0.875591218 -0.48305285 0
vn -0.875591218 -0.48305285 0
vn -0.875591218 -0.48305285 0
vn -0.875591218 -0.48305285 0
vn -0.889093876 -0.457724869 0
vn -0.889093876 -0.457724869 0
vn -0.889093876 -0.457724869 0
vn -0.889093876 -0.457724869 0
vn -0.874402106 -0.485201925 0
vn -0.874402106 -0.485201925 0
vn -0.874402106 -0.485201925 0
vn -0.874402106 -0.485201925 0
vn -0.870793939 -0.491648227 0
vn -0.870793939 -0.491648227 0
vn -0.870793939 -0.491648227 0
vn -0.870793939 -0.491648227 0
vn -0.908057272 -0.418846041 0
vn -0.908057272 -0.418846041 0
vn -0.908057272 -0.418846041 0
vn -0.908057272 -0.418846041 0
vn -0.891677558 -0.45267114 0
vn -0.891677558 -0.45267114 0
vn -0.891677558 -0.45267114 0
vn -0.891677558 -0.45267114 0
vn -0.854727566 -0.519076943 0
vn -0.854727566 -0.519076943 0
vn -0.854727566 -0.519076943 0
vn -0.854727566 -0.519076943 0
vn -0.885198534 -0.465213627 0
vn -0.885198534 -0.465213627 0
vn -0.885198534 -0.465213627 0
vn -0.885198534 -0.465213627 0
vn -0.895046949 -0.445971936 0
vn -0.895046949 -0.445971936 0
vn -0.895046949 -0.445971936 0
vn -0.895046949 -0.445971936 0
vn -0.87185961 -0.489755809 0
vn -0.87185961 -0.489755809 0
vn -0.87185961 -0.489755809 0
vn -0.87185961 -0.489755809 0
vn -0.851893842 -0.523714423 0
vn -0.851893842 -0.523714423 0
vn -0.851893842 -0.523714423 0
vn -0.851893842 -0.523714423 0
vn -0.902953744 -0.429737657 0
vn -0.902953744 -0.429737657 0
vn -0.902953744 -0.429737657 0
vn -0.902953744 -0.429737657 0
vn -0.900416195 -0.435029417 0
vn -0.900416195 -0.435029417 0
vn -0.900416195 -0.435029417 0
vn -0.900416195 -0.435029417 0
vn -0.879718363 -0.475495219 0
vn -0.879718363 -0.475495219 0
vn -0.879718363 -0.475495219 0
vn -0.879718363 -0.475495219 0
vn -0.885314465 -0.464992791 0
vn -0.885314465 -0.464992791 0
vn -0.885314465 -0.464992791 0
vn -0.885314465 -0.464992791 0
vn -0.911223173 -0.411913097 0
vn -0.911223173 -0.411913097 0
vn -0.911223173 -0.411913097 0
vn -0.911223173 -0.411913097 0
vn -0.897942483 -0.440112919 0
vn -0.897942483 -0.440112919 0
vn -0.897942483 -0.440112919 0
vn -0.897942483 -0.440112919 0
vn -0.859123588 -0.511768162 0
vn -0.859123588 -0.511768162 0
vn -0.859123588 -0.511768162 0
vn -0.859123588 -0.511768162 0
vn -0.868020594 -0.496528327 0
vn -0.868020594 -0.496528327 0
vn -0.868020594 -0.496528327 0
vn -0.868020594 -0.496528327 0
vn -0.894322276 -0.447423428 0
vn -0.894322276 -0.447423428 0
vn -0.894322276 -0.447423428 0
vn -0.894322276 -0.447423428 0
vn -0.869842827 -0.493329018 0
vn -0.869842827 -0.493329018 0
vn -0.869842827 -0.493329018 0
vn -0.869842827 -0.493329018 0
vn -0.857789755 -0.514000833 0
vn -0.857789755 -0.514000833 0
vn -0.857789755 -0.514000833 0
vn -0.857789755 -0.514000833 0
vn -0.888279021 -0.459304094 0
vn -0.888279021 -0.459304094 0
vn -0.888279021 -0.459304094 0
vn -0.888279021 -0.459304094 0
vn -0.890045583 -0.455871671 0
vn -0.890045583 -0.455871671 0
vn -0.890045583 -0.455871671 0
vn -0.890045583 -0.455871671 0
vn -0.871665418 -0.490101516 0
vn -0.871665418 -0.490101516 0
vn -0.871665418 -0.490101516 0
vn -0.871665418 -0.490101516 0
vn -0.899903476 -0.436089188 0
vn -0.899903476 -0.436089188 0
vn -0.899903476 -0.436089188 0
vn -0.899903476 -0.436089188 0
vn -0.890216231 -0.455538362 0
vn -0.890216231 -0.455538362 0
vn -0.890216231 -0.455538362 0
vn -0.890216231 -0.455538362 0
vn -0.843548417 -0.537053287 0
vn -0.843548417 -0.537053287 0
vn -0.843548417 -0.537053287 0
vn -0.843548417 -0.537053287 0
vn -0.864984214 -0.501799107 0
vn -0.864984214 -0.501799107 0
vn -0.864984214 -0.501799107 0
vn -0.864984214 -0.501799107 0
vn -0.879965603 -0.475037575 0
vn -0.879965603 -0.475037575 0
vn -0.879965603 -0.475037575 0
vn -0.879965603 -0.475037575 0
vn -0.866494298 -0.499186993 0
vn -0.866494298 -0.499186993 0
vn -0.866494298 -0.499186993 0
vn -0.866494298 -0.499186993 0
vn -0.887861669 -0.460110456 0
vn -0.887861669 -0.460110456 0
vn -0.887861669 -0.460110456 0
vn -0.887861669 -0.460110456 0
vn -0.905494153 -0.424358845 0
vn -0.905494153 -0.424358845 0
vn -0.905494153 -0.424358845 0
vn -0.905494153 -0.424358845 0
vn -0.864685297 -0.502314031 0
vn -0.864685297 -0.502314031 0
vn -0.864685297 -0.502314031 0
vn -0.864685297 -0.502314031 0
vn -0.852251768 -0.523131967 0
vn -0.852251768 -0.523131967 0
vn -0.852251768 -0.523131967 0
vn -0.852251768 -0.523131967 0
vn -0.886003435 -0.463678509 0
vn -0.886003435 -0.463678509 0
vn -0.886003435 -0.463678509 0
vn -0.886003435 -0.463678509 0
vn -0.886929333 -0.461905271 0
vn -0.886929333 -0.461905271 0
vn -0.886929333 -0.461905271 0
vn -0.886929333 -0.461905271 0
vn -0.855917215 -0.517112851 0
vn -0.855917215 -0.517112851 0
vn -0.855917215 -0.517112851 0
vn -0.855917215 -0.517112851 0
vn -0.835814416 -0.549011946 0
vn -0.835814416 -0.549011946 0
vn -0.835814416 -0.549011946 0
vn -0.835814416 -0.549011946 0
vn -0.880076885 -0.474831283 0
vn -0.880076885 -0.474831283 0
vn -0.880076885 -0.474831283 0
vn -0.880076885 -0.474831283 0
vn -0.898477972 -0.439018577 0
vn -0.898477972 -0.439018577 0
vn -0.898477972 -0.439018577 0
vn -0.898477972 -0.439018577 0
vn -0.879362106 -0.476153672 0
vn -0.879362106 -0.476153672 0
vn -0.879362106 -0.476153672 0
vn -0.879362106 -0.476153672 0
vn -0.892392516 -0.45126006 0
vn -0.892392516 -0.45126006 0
vn -0.892392516 -0.45126006 0
vn -0.892392516 -0.45126006 0
vn -0.897920668 -0.440157264 0
vn -0.897920668 -0.440157264 0
vn -0.897920668 -0.440157264 0
vn -0.897920668 -0.440157264 0
vn -0.867643476 -0.497186899 0
vn -0.867643476 -0.497186899 0
vn -0.867643476 -0.497186899 0
vn -0.867643476 -0.497186899 0
vn -0.88366884 -0.468112558 0
vn -0.88366884 -0.468112558 0
vn -0.88366884 -0.468112558 0
vn -0.88366884 -0.468112558 0
vn -0.905058324 -0.425287515 0
vn -0.905058324 -0.425287515 0
vn -0.905058324 -0.425287515 0
vn -0.905058324 -0.425287515 0
vn -0.88173157 -0.471751362 0
vn -0.88173157 -0.471751362 0
vn -0.88173157 -0.471751362 0
vn -0.88173157 -0.471751362 0
vn -0.867688239 -0.497108787 0
vn -0.867688239 -0.497108787 0
vn -0.867688239 -0.497108787 0
vn -0.867688239 -0.497108787 0
vn -0.870207667 -0.49268508 0
vn -0.870207667 -0.49268508 0
vn -0.870207667 -0.49268508 0
vn -0.870207667 -0.49268508 0
vn -0.87970221 -0.475525051 0
vn -0.87970221 -0.475525051 0
vn -0.87970221 -0.475525051 0
vn -0.87970221 -0.475525051 0
vn -0.859109819 -0.511791289 0
vn -0.859109819 -0.511791289 0
vn -0.859109819 -0.511791289 0
vn -0.859109819 -0.511791289 0
vn -0.854371607 -0.51966244 0
vn -0.854371607 -0.51966244 0
vn -0.854371607 -0.51966244 0
vn -0.854371607 -0.51966244 0
vn -0.908076286 -0.418804675 0
vn -0.908076286 -0.418804675 0
vn -0.908076286 -0.418804675 0
vn -0.908076286 -0.418804675 0
vn -0.898002982 -0.439989448 0
vn -0.898002982 -0.439989448 0
vn -0.898002982 -0.439989448 0
vn -0.898002982 -0.439989448 0
vn -0.859438062 -0.511239886 0
vn -0.859438062 -0.511239886 0
vn -0.859438062 -0.511239886 0
vn -0.859438062 -0.511239886 0
vn -0.898947001 -0.438057393 0
vn -0.898947001 -0.438057393 0
vn -0.898947001 -0.438057393 0
vn -0.898947001 -0.438057393 0
vn -0.910115957 -0.41435343 0
vn -0.910115957 -0.41435343 0
vn -0.910115957 -0.41435343 0
vn -0.910115957 -0.41435343 0
vn -0.876349688 -0.481675446 0
vn -0.876349688 -0.481675446 0
vn -0.876349688 -0.481675446 0
vn -0.876349688 -0.481675446 0
vn -0.859085143 -0.511832774 0
vn -0.859085143 -0.511832774 0
vn -0.859085143 -0.511832774 0
vn -0.859085143 -0.511832774 0
vn -0.892416775 -0.451212198 0
vn -0.892416775 -0.451212198 0
vn -0.892416775 -0.451212198 0
vn -0.892416775 -0.451212198 0
vn -0.890010774 -0.455939651 0
vn -0.890010774 -0.455939651 0
vn -0.890010774 -0.455939651 0
vn -0.890010774 -0.455939651 0
vn -0.877000153 -0.480489999 0
vn -0.877000153 -0.480489999 0
vn -0.877000153 -0.480489999 0
vn -0.877000153 -0.480489999 0
vn -0.880143166 -0.474708438 0
vn -0.880143166 -0.474708438 0
vn -0.880143166 -0.474708438 0
vn -0.880143166 -0.474708438 0
vn -0.902677655 -0.430317253 0
vn -0.902677655 -0.430317253 0
vn -0.902677655 -0.430317253 0
vn -0.902677655 -0.430317253 0
vn -0.908263147 -0.418399394 0
vn -0.908263147 -0.418399394 0
vn -0.908263147 -0.418399394 0
vn -0.908263147 -0.418399394 0
vn -0.87723881 -0.48005408 0
vn -0.87723881 -0.48005408 0
vn -0.87723881 -0.48005408 0
vn -0.87723881 -0.48005408 0
vn -0.864719391 -0.502255201 0
vn -0.864719391 -0.502255201 0
vn -0.864719391 -0.502255201 0
vn -0.864719391 -0.502255201 0
vn -0.887565076 -0.460682482 0
vn -0.887565076 -0.460682482 0
vn -0.887565076 -0.460682482 0
vn -0.887565076 -0.460682482 0
vn -0.871430755 -0.490518659 0
vn -0.871430755 -0.490518659 0
vn -0.871430755 -0.490518659 0
vn -0.871430755 -0.490518659 0
vn -0.852067411 -0.523432136 0
vn -0.852067411 -0.523432136 0
vn -0.852067411 -0.523432136 0
vn -0.852067411 -0.523432136 0
vn -0.870125592 -0.492830068 0
vn -0.870125592 -0.492830068 0
vn -0.870125592 -0.492830068 0
vn -0.870125592 -0.492830068 0
vn -0.889120519 -0.457673222 0
vn -0.889120519 -0.457673222 0
vn -0.889120519 -0.457673222 0
vn -0.889120519 -0.457673222 0
vn -0.886002123 -0.463681161 0
vn -0.886002123 -0.463681161 0
vn -0.886002123 -0.463681161 0
vn -0.886002123 -0.463681161 0
vn -0.871650577 -0.490127832 0
vn -0.871650577 -0.490127832 0
vn -0.871650577 -0.490127832 0
vn -0.871650577 -0.490127832 0
vn -0.898822844 -0.438311905 0
vn -0.898822844 -0.438311905 0
vn -0.898822844 -0.438311905 0
vn -0.898822844 -0.438311905 0
vn -0.903280854 -0.42904976 0
vn -0.903280854 -0.42904976 0
vn -0.903280854 -0.42904976 0
vn -0.903280854 -0.42904976 0
vn -0.870602548 -0.49198699 0
vn -0.870602548 -0.49198699 0
vn -0.870602548 -0.49198699 0
vn -0.870602548 -0.49198699 0
vn -0.884993732 -0.465602994 0
vn -0.884993732 -0.465602994 0
vn -0.884993732 -0.465602994 0
vn -0.884993732 -0.465602994 0
vn -0.908156633 -0.418630511 0
vn -0.908156633 -0.418630511 0
vn -0.908156633 -0.418630511 0
vn -0.908156633 -0.418630511 0
vn -0.8970837 -0.441860586 0
vn -0.8970837 -0.441860586 0
vn -0.8970837 -0.441860586 0
vn -0.8970837 -0.441860586 0
vn -0.869555473 -0.49383533 0
vn -0.869555473 -0.49383533 0
vn -0.869555473 -0.49383533 0
vn -0.869555473 -0.49383533 0
vn -0.881570935 -0.47205162 0
vn -0.881570935 -0.47205162 0
vn -0.881570935 -0.47205162 0
vn -0.881570935 -0.47205162 0
vn -0.901342154 -0.433107823 0
vn -0.901342154 -0.433107823 0
vn -0.901342154 -0.433107823 0
vn -0.901342154 -0.433107823 0
vn -0.870070159 -0.492927969 0
vn -0.870070159 -0.492927969 0
vn -0.870070159 -0.492927969 0
vn -0.870070159 -0.492927969 0
vn -0.842635393 -0.538484335 0
vn -0.842635393 -0.538484335 0
vn -0.842635393 -0.538484335 0
vn -0.842635393 -0.538484335 0
vn -0.883431733 -0.46856001 0
vn -0.883431733 -0.46856001 0
vn -0.883431733 -0.46856001 0
vn -0.883431733 -0.46856001 0
vn -0.867804766 -0.496905297 0
vn -0.867804766 -0.496905297 0
vn -0.867804766 -0.496905297 0
vn -0.867804766 -0.496905297 0
vn -0.827156723 -0.561971188 0
vn -0.827156723 -0.561971188 0
vn -0.827156723 -0.561971188 0
vn -0.827156723 -0.561971188 0
vn -0.886445284 -0.462833554 0
vn -0.886445284 -0.462833554 0
vn -0.886445284 -0.462833554 0
vn -0.886445284 -0.462833554 0
vn -0.910133719 -0.414314777 0
vn -0.910133719 -0.414314777 0
vn -0.910133719 -0.414314777 0
vn -0.910133719 -0.414314777 0
vn -0.870132387 -0.492818147 0
vn -0.870132387 -0.492818147 0
vn -0.870132387 -0.492818147 0
vn -0.870132387 -0.492818147 0
vn -0.87630868 -0.481749952 0
vn -0.87630868 -0.481749952 0
vn -0.87630868 -0.481749952 0
vn -0.87630868 -0.481749952 0
vn -0.894011974 -0.448043197 0
vn -0.894011974 -0.448043197 0
vn -0.894011974 -0.448043197 0
vn -0.894011974 -0.448043197 0
vn -0.866606534 -0.498992056 0
vn -0.866606534 -0.498992056 0
vn -0.866606534 -0.498992056 0
vn -0.866606534 -0.498992056 0
vn -0.885979235 -0.463724941 0
vn -0.885979235 -0.463724941 0
vn -0.885979235 -0.463724941 0
vn -0.885979235 -0.463724941 0
vn -0.910362601 -0.413811356 0
vn -0.910362601 -0.413811356 0
vn -0.910362601 -0.413811356 0
vn -0.910362601 -0.413811356 0
vn -0.883794487 -0.467875451 0
vn -0.883794487 -0.467875451 0
vn -0.883794487 -0.467875451 0
vn -0.883794487 -0.467875451 0
vn -0.882880688 -0.469597489 0
vn -0.882880688 -0.469597489 0
vn -0.882880688 -0.469597489 0
vn -0.882880688 -0.469597489 0
vn -0.886434019 -0.462854952 0
vn -0.886434019 -0.462854952 0
vn -0.886434019 -0.462854952 0
vn -0.886434019 -0.462854952 0
vn -0.874046087 -0.485843062 0
vn -0.874046087 -0.485843062 0
vn -0.874046087 -0.485843062 0
vn -0.874046087 -0.485843062 0
vn -0.869882762 -0.493258446 0
vn -0.869882762 -0.493258446 0
vn -0.869882762 -0.493258446 0
vn -0.869882762 -0.493258446 0
vn -0.857937157 -0.513754547 0
vn -0.857937157 -0.513754547 0
vn -0.857937157 -0.513754547 0
vn -0.857937157 -0.513754547 0
vn -0.876677454 -0.481078535 0
vn -0.876677454 -0.481078535 0
vn -0.876677454 -0.481078535 0
vn -0.876677454 -0.481078535 0
vn -0.878487349 -0.47776565 0
vn -0.878487349 -0.47776565 0
vn -0.878487349 -0.47776565 0
vn -0.878487349 -0.47776565 0
vn -0.862326443 -0.506352782 0
vn -0.862326443 -0.506352782 0
vn -0.862326443 -0.506352782 0
vn -0.862326443 -0.506352782 0
vn -0.865228891 -0.501377165 0
vn -0.865228891 -0.501377165 0
vn -0.865228891 -0.501377165 0
vn -0.865228891 -0.501377165 0
vn -0.90467298 -0.426106483 0
vn -0.90467298 -0.426106483 0
vn -0.90467298 -0.426106483 0
vn -0.90467298 -0.426106483 0
vn -0.903161168 -0.42930153 0
vn -0.903161168 -0.42930153 0
vn -0.903161168 -0.42930153 0
vn -0.903161168 -0.42930153 0
vn -0.879777193 -0.475386322 0
vn -0.879777193 -0.475386322 0
vn -0.879777193 -0.475386322 0
vn -0.879777193 -0.475386322 0
vn -0.901157796 -0.433491051 0
vn -0.901157796 -0.433491051 0
vn -0.901157796 -0.433491051 0
vn -0.901157796 -0.433491051 0
vn -0.904594302 -0.426273584 0
vn -0.904594302 -0.426273584 0
vn -0.904594302 -0.426273584 0
vn -0.904594302 -0.426273584 0
vn -0.852308154 -0.523040116 0
vn -0.852308154 -0.523040116 0
vn -0.852308154 -0.523040116 0
vn -0.852308154 -0.523040116 0
vn -0.872002602 -0.489501387 0
vn -0.872002602 -0.489501387 0
vn -0.872002602 -0.489501387 0
vn -0.872002602 -0.489501387 0
vn -0.904992461 -0.425427735 0
vn -0.904992461 -0.425427735 0
vn -0.904992461 -0.425427735 0
vn -0.904992461 -0.425427735 0
vn -0.868264139 -0.496102244 0
vn -0.868264139 -0.496102244 0
vn -0.868264139 -0.496102244 0
vn -0.868264139 -0.496102244 0
vn -0.846712112 -0.532051206 0
vn -0.846712112 -0.532051206 0
vn -0.846712112 -0.532051206 0
vn -0.846712112 -0.532051206 0
vn -0.900043547 -0.435799867 0
vn -0.900043547 -0.435799867 0
vn -0.900043547 -0.435799867 0
vn -0.900043547 -0.435799867 0
vn -0.892615676 -0.450818449 0
vn -0.892615676 -0.450818449 0
vn -0.892615676 -0.450818449 0
vn -0.892615676 -0.450818449 0
vn -0.864741862 -0.502216518 0
vn -0.864741862 -0.502216518 0
vn -0.864741862 -0.502216518 0
vn -0.864741862 -0.502216518 0
vn -0.8736853 -0.486491561 0
vn -0.8736853 -0.486491561 0
vn -0.8736853 -0.486491561 0
vn -0.8736853 -0.486491561 0
vn -0.887340426 -0.461114794 0
vn -0.887340426 -0.461114794 0
vn -0.887340426 -0.461114794 0
vn -0.887340426 -0.461114794 0
vn -0.88829881 -0.459265888 0
vn -0.88829881 -0.459265888 0
vn -0.88829881 -0.459265888 0
vn -0.88829881 -0.459265888 0
vn -0.869685173 -0.493606746 0
vn -0.869685173 -0.493606746 0
vn -0.869685173 -0.493606746 0
vn -0.869685173 -0.493606746 0
vn -0.876254618 -0.481848329 0
vn -0.876254618 -0.481848329 0
vn -0.876254618 -0.481848329 0
vn -0.876254618 -0.481848329 0
vn -0.894467413 -0.447133213 0
vn -0.894467413 -0.447133213 0
vn -0.894467413 -0.447133213 0
vn -0.894467413 -0.447133213 0
vn -0.877810955 -0.479007304 0
vn -0.877810955 -0.479007304 0
vn -0.877810955 -0.479007304 0
vn -0.877810955 -0.479007304 0
vn -0.856456637 -0.516219079 0
vn -0.856456637 -0.516219079 0
vn -0.856456637 -0.516219079 0
vn -0.856456637 -0.516219079 0
vn -0.849051595 -0.528310061 0
vn -0.849051595 -0.528310061 0
vn -0.849051595 -0.528310061 0
vn -0.849051595 -0.528310061 0
vn -0.910825729 -0.412790954 0
vn -0.910825729 -0.412790954 0
vn -0.910825729 -0.412790954 0
vn -0.910825729 -0.412790954 0
vn -0.886529922 -0.46267131 0
vn -0.886529922 -0.46267131 0
vn -0.886529922 -0.46267131 0
vn -0.886529922 -0.46267131 0
vn -0.88477242 -0.466023296 0
vn -0.88477242 -0.466023296 0
vn -0.88477242 -0.466023296 0
vn -0.88477242 -0.466023296 0
vn -0.917706549 -0.397258997 0
vn -0.917706549 -0.397258997 0
vn -0.917706549 -0.397258997 0
vn -0.917706549 -0.397258997 0
vn -0.874939859 -0.484231591 0
vn -0.874939859 -0.484231591 0
vn -0.874939859 -0.484231591 0
vn -0.874939859 -0.484231591 0
vn -0.828546226 -0.559920788 0
vn -0.828546226 -0.559920788 0
vn -0.828546226 -0.559920788 0
vn -0.828546226 -0.559920788 0
vn -0.864780605 -0.502150059 0
vn -0.864780605 -0.502150059 0
vn -0.864780605 -0.502150059 0
vn -0.864780605 -0.502150059 0
vn -0.862205446 -0.506558836 0
vn -0.862205446 -0.506558836 0
vn -0.862205446 -0.506558836 0
vn -0.862205446 -0.506558836 0
vn -0.843855143 -0.536571026 0
vn -0.843855143 -0.536571026 0
vn -0.843855143 -0.536571026 0
vn -0.843855143 -0.536571026 0
vn -0.884369195 -0.466788054 0
vn -0.884369195 -0.466788054 0
vn -0.884369195 -0.466788054 0
vn -0.884369195 -0.466788054 0
vn -0.913302183 -0.40728274 0
vn -0.913302183 -0.40728274 0
vn -0.913302183 -0.40728274 0
vn -0.913302183 -0.40728274 0
vn -0.893529952 -0.449003369 0
vn -0.893529952 -0.449003369 0
vn -0.893529952 -0.449003369 0
vn -0.893529952 -0.449003369 0
vn -0.878900647 -0.477004915 0
vn -0.878900647 -0.477004915 0
vn -0.878900647 -0.477004915 0
vn -0.878900647 -0.477004915 0
vn -0.888996601 -0.457913727 0
vn -0.888996601 -0.457913727 0
vn -0.888996601 -0.457913727 0
vn -0.888996601 -0.457913727 0
vn -0.871194959 -0.490937233 0
vn -0.871194959 -0.490937233 0
vn -0.871194959 -0.490937233 0
vn -0.871194959 -0.490937233 0
vn -0.86506176 -0.501665592 0
vn -0.86506176 -0.501665592 0
vn -0.86506176 -0.501665592 0
vn -0.86506176 -0.501665592 0
vn -0.892894685 -0.450265557 0
vn -0.892894685 -0.450265557 0
vn -0.892894685 -0.450265557 0
vn -0.892894685 -0.450265557 0
vn -0.895753801 -0.444550484 0
vn -0.895753801 -0.444550484 0
vn -0.895753801 -0.444550484 0
vn -0.895753801 -0.444550484 0
vn -0.876431644 -0.481526315 0
vn -0.876431644 -0.481526315 0
vn -0.876431644 -0.481526315 0
vn -0.876431644 -0.481526315 0
vn -0.867898583 -0.496741414 0
vn -0.867898583 -0.496741414 0
vn -0.867898583 -0.496741414 0
vn -0.867898583 -0.496741414 0
vn -0.893704951 -0.448655188 0
vn -0.893704951 -0.448655188 0
vn -0.893704951 -0.448655188 0
vn -0.893704951 -0.448655188 0
vn -0.885759652 -0.464144319 0
vn -0.885759652 -0.464144319 0
vn -0.885759652 -0.464144319 0
vn -0.885759652 -0.464144319 0
vn -0.859044313 -0.511901319 0
vn -0.859044313 -0.511901319 0
vn -0.859044313 -0.511901319 0
vn -0.859044313 -0.511901319 0
vn -0.891476333 -0.453067094 0
vn -0.891476333 -0.453067094 0
vn -0.891476333 -0.453067094 0
vn -0.891476333 -0.453067094 0
vn -0.899835944 -0.436228484 0
vn -0.899835944 -0.436228484 0
vn -0.899835944 -0.436228484 0
vn -0.899835944 -0.436228484 0
vn -0.862685025 -0.505741537 0
vn -0.862685025 -0.505741537 0
vn -0.862685025 -0.505741537 0
vn -0.862685025 -0.505741537 0
vn -0.865117848 -0.501568675 0
vn -0.865117848 -0.501568675 0
vn -0.865117848 -0.501568675 0
vn -0.865117848 -0.501568675 0
vn -0.898743153 -0.438475639 0
vn -0.898743153 -0.438475639 0
vn -0.898743153 -0.438475639 0
vn -0.898743153 -0.438475639 0
vn -0.88874644 -0.458399206 0
vn -0.88874644 -0.458399206 0
vn -0.88874644 -0.458399206 0
vn -0.88874644 -0.458399206 0
vn -0.854930758 -0.518742263 0
vn -0.854930758 -0.518742263 0
vn -0.854930758 -0.518742263 0
vn -0.854930758 -0.518742263 0
vn -0.876679301 -0.481075346 0
vn -0.876679301 -0.481075346 0
vn -0.876679301 -0.481075346 0
vn -0.876679301 -0.481075346 0
vn -0.89944917 -0.437025338 0
vn -0.89944917 -0.437025338 0
vn -0.89944917 -0.437025338 0
vn -0.89944917 -0.437025338 0
vn -0.886521995 -0.462686539 0
vn -0.886521995 -0.462686539 0
vn -0.886521995 -0.462686539 0
vn -0.886521995 -0.462686539 0
vn -0.873035133 -0.487657279 0
vn -0.873035133 -0.487657279 0
vn -0.873035133 -0.487657279 0
vn -0.873035133 -0.487657279 0
vn -0.875692129 -0.482869804 0
vn -0.875692129 -0.482869804 0
vn -0.875692129 -0.482869804 0
vn -0.875692129 -0.482869804 0
vn -0.903657734 -0.428255498 0
vn -0.903657734 -0.428255498 0
vn -0.903657734 -0.428255498 0
vn -0.903657734 -0.428255498 0
vn -0.882746458 -0.469849616 0
vn -0.882746458 -0.469849616 0
vn -0.882746458 -0.469849616 0
vn -0.882746458 -0.469849616 0
vn -0.848894298 -0.528562665 0
vn -0.848894298 -0.528562665 0
vn -0.848894298 -0.528562665 0
vn -0.848894298 -0.528562665 0
vn -0.886438668 -0.462846041 0
vn -0.886438668 -0.462846041 0
vn -0.886438668 -0.462846041 0
vn -0.886438668 -0.462846041 0
vn -0.892912507 -0.450230211 0
vn -0.892912507 -0.450230211 0
vn -0.892912507 -0.450230211 0
vn -0.892912507 -0.450230211 0
vn -0.867115855 -0.49810645 0
vn -0.867115855 -0.49810645 0
vn -0.867115855 -0.49810645 0
vn -0.867115855 -0.49810645 0
vn -0.867605805 -0.497252643 0
vn -0.867605805 -0.497252643 0
vn -0.867605805 -0.497252643 0
vn -0.867605805 -0.497252643 0
vn -0.891157687 -0.453693658 0
vn -0.891157687 -0.453693658 0
vn -0.891157687 -0.453693658 0
vn -0.891157687 -0.453693658 0
vn -0.899116516 -0.437709332 0
vn -0.899116516 -0.437709332 0
vn -0.899116516 -0.437709332 0
vn -0.899116516 -0.437709332 0
vn -0.878069043 -0.478534102 0
vn -0.878069043 -0.478534102 0
vn -0.878069043 -0.478534102 0
vn -0.878069043 -0.478534102 0
vn -0.883884966 -0.467704326 0
vn -0.883884966 -0.467704326 0
vn -0.883884966 -0.467704326 0
vn -0.883884966 -0.467704326 0
vn -0.897488415 -0.441038191 0
vn -0.897488415 -0.441038191 0
vn -0.897488415 -0.441038191 0
vn -0.897488415 -0.441038191 0
vn -0.874305487 -0.48537609 0
vn -0.874305487 -0.48537609 0
vn -0.874305487 -0.48537609 0
vn -0.874305487 -0.48537609 0
vn -0.849370003 -0.527797997 0
vn -0.849370003 -0.527797997 0
vn -0.849370003 -0.527797997 0
vn -0.849370003 -0.527797997 0
vn -0.847669363 -0.530524909 0
vn -0.847669363 -0.530524909 0
vn -0.847669363 -0.530524909 0
vn -0.847669363 -0.530524909 0
vn -0.854522526 -0.519414306 0
vn -0.854522526 -0.519414306 0
vn -0.49551478 -0.868599534 -0
vn -0.49551478 -0.868599534 -0
vn -0.476700395 -0.879065871 0
vn -0.476700395 -0.879065871 0
vn -0.476700395 -0.879065871 0
vn -0.476700395 -0.879065871 0
vn -0.457664996 -0.889124691 0
vn -0.457664996 -0.889124691 0
vn -0.995657504 -0.0930917636 -0
vn -0.995657504 -0.0930917636 -0
vn -0.995657504 -0.0930917636 0
vn -0.995657504 -0.0930917636 0
vn -0.205968469 0.9785586 -0
vn -0.205968469 0.9785586 -0
vn -0.137761071 0.990465403 -0
vn -0.137761071 0.990465403 -0
vn -0.137761071 0.990465403 -0
vn -0.137761071 0.990465403 -0
vn -0.0488419645 0.998806536 -0
vn -0.0488419645 0.998806536 -0
vn -0.0488419645 0.998806536 -0
vn -0.0488419645 0.998806536 -0
vn -0.015442187 0.999880731 -0
vn -0.015442187 0.999880731 -0
vn -0.015442187 0.999880731 -0
vn -0.015442187 0.999880731 -0
vn 0.00227472652 0.999997437 0
vn 0.00227472652 0.999997437 0
vn 0.00227472652 0.999997437 0
vn 0.00227472652 0.999997437 0
vn 0.00332863512 0.999994457 -0
vn 0.00332863512 0.999994457 -0
vn 0.00332863512 0.999994457 -0
vn 0.00332863512 0.999994457 -0
vn -0.000426920538 0.99999994 -0
vn -0.000426920538 0.99999994 -0
vn -0.000426920538 0.99999994 -0
vn -0.000426920538 0.99999994 -0
vn 0.00210890081 0.999997735 0
vn 0.00210890081 0.999997735 0
vn 0.00210890081 0.999997735 0
vn 0.00210890081 0.999997735 0
vn -0.00231192587 0.999997377 -0
vn -0.00231192587 0.999997377 -0
vn -0.00231192587 0.999997377 -0
vn -0.00231192587 0.999997377 -0
vn -0.0192542505 0.999814689 -0
vn -0.0192542505 0.999814689 -0
vn -0.0192542505 0.999814689 -0
vn -0.0192542505 0.999814689 -0
vn 0.00331302267 0.999994516 0
vn 0.00331302267 0.999994516 0
vn 0.00331302267 0.999994516 0
vn 0.00331302267 0.999994516 0
vn 0.12862514 0.991693318 0
vn 0.12862514 0.991693318 0
vn 0.12862514 0.991693318 0
vn 0.12862514 0.991693318 0
vn 0.267840028 0.963463426 0
vn 0.267840028 0.963463426 0
vn 0.267840028 0.963463426 0
vn 0.267840028 0.963463426 0
vn 0.314357907 0.949304581 -0
vn 0.314357907 0.949304581 -0
vn 0.982892454 0.18418029 0
vn 0.982892454 0.18418029 0
vn 0.994336367 0.106279053 0
vn 0.994336367 0.106279053 0
vn 0.994336367 0.106279053 0
vn 0.994336367 0.106279053 0
vn 0.999980152 0.0062919003 -0
vn 0.999980152 0.0062919003 -0
vn 0.999980152 0.0062919003 -0
vn 0.999980152 0.0062919003 -0
vn 0.999916375 -0.0129343262 -0
vn 0.999916375 -0.0129343262 -0
vn 0.999916375 -0.0129343262 -0
vn 0.999916375 -0.0129343262 -0
vn 0.99998337 -0.00576618267 -0
vn 0.99998337 -0.00576618267 -0
vn 0.99998337 -0.00576618267 -0
vn 0.99998337 -0.00576618267 -0
vn 0.99999994 -0.000400818797 -0
vn 0.99999994 -0.000400818797 0
vn 0.99999994 -0.000400818797 0
vn 0.99999994 -0.000400818797 -0
vn 0.999999166 -0.00127643917 -0
vn 0.999999166 -0.00127643917 -0
vn 0.999999166 -0.00127643917 -0
vn 0.999999166 -0.00127643917 -0
vn 0.999985874 0.00530891819 0
vn 0.999985874 0.00530891819 0
vn 0.999985874 0.00530891819 0
vn 0.999985874 0.00530891819 0
vn 0.999996245 0.00275580841 -0
vn 0.999996245 0.00275580841 -0
vn 0.999996245 0.00275580841 -0
vn 0.999996245 0.00275580841 -0
vn 0.999992013 -0.00399604812 -0
vn 0.999992013 -0.00399604812 -0
vn 0.999992013 -0.00399604812 -0
vn 0.999992013 -0.00399604812 -0
vn 0.999994218 -0.0033852018 -0
vn 0.999994218 -0.0033852018 -0
vn 0.999994218 -0.0033852018 -0
vn 0.999994218 -0.0033852018 -0
vn 0.999998689 -0.00162782636 0
vn 0.999998689 -0.00162782636 0
vn 0.999998689 -0.00162782636 0
vn 0.999998689 -0.00162782636 0
vn 0.999999702 0.000767704099 -0
vn 0.999999702 0.000767704099 -0
vn 0.999999702 0.000767704099 -0
vn 0.999999702 0.000767704099 -0
vn 0.999977589 -0.00668726675 -0
vn 0.999977589 -0.00668726675 -0
vn 0.999977589 -0.00668726675 -0
vn 0.999977589 -0.00668726675 -0
vn 0.99970448 0.0243089944 0
vn 0.99970448 0.0243089944 0
vn 0.99970448 0.0243089944 0
vn 0.99970448 0.0243089944 0
vn 0.99751848 0.07040409 0
vn 0.99751848 0.07040409 0
vn 0.99751848 0.07040409 0
vn 0.99751848 0.07040409 0
vn 0.9975577 0.0698477104 0
vn 0.9975577 0.0698477104 0
vn 0.9975577 0.0698477104 0
vn 0.9975577 0.0698477104 0
vn 0.999995947 0.00285332534 -0
vn 0.999995947 0.00285332534 -0
vn 0.999995947 0.00285332534 -0
vn 0.999995947 0.00285332534 -0
vn 0.988858223 -0.148860261 -0
vn 0.988858223 -0.148860261 -0
vn 0.988858223 -0.148860261 -0
vn 0.988858223 -0.148860261 -0
vn 0.970063984 -0.242849633 -0
vn 0.970063984 -0.242849633 -0
vn 0.337154567 -0.941449344 -0
vn 0.337154567 -0.941449344 -0
vn 0.337154567 -0.941449344 -0
vn 0.337154567 -0.941449344 -0
vn -0.401134223 -0.91601932 -0
vn -0.401134223 -0.91601932 -0
vn -0.401134223 -0.91601932 0
vn -0.401134223 -0.91601932 0
vn -0.807534993 -0.589819729 -0
vn -0.807534993 -0.589819729 -0
vn -0.847694695 -0.530484498 0
vn -0.847694695 -0.530484498 0
g group2
f 1/1/1 2/2/2 3/3/3 4/4/4 5/5/5 6/6/6 7/7/7 8/8/8 9/9/9 10/10/10 11/11/11 12/12/12 13/13/13 14/14/14 15/15/15 16/16/16 17/17/17 18/18/18 19/19/19 20/20/20 21/21/21 22/22/22 23/23/23 24/24/24 25/25/25 26/26/26 27/27/27 28/28/28 29/29/29 30/30/30 31/31/31 32/32/32 33/33/33 34/34/34 35/35/35 36/36/36 37/37/37 38/38/38 39/39/39 40/40/40 41/41/41 42/42/42 43/43/43 44/44/44 45/45/45 46/46/46 47/47/47 48/48/48 49/49/49 50/50/50 51/51/51 52/52/52 53/53/53 54/54/54 55/55/55 56/56/56 57/57/57 58/58/58 59/59/59 60/60/60 61/61/61 62/62/62 63/63/63 64/64/64 65/65/65 66/66/66 67/67/67 68/68/68 69/69/69 70/70/70 71/71/71 72/72/72 73/73/73 74/74/74 75/75/75 76/76/76 77/77/77 78/78/78 79/79/79 80/80/80 81/81/81 82/82/82 83/83/83 84/84/84 85/85/85 86/86/86 87/87/87 88/88/88 89/89/89 90/90/90 91/91/91 92/92/92 93/93/93 94/94/94 95/95/95 96/96/96 97/97/97 98/98/98 99/99/99 100/100/100 101/101/101 102/102/102 103/103/103 104/104/104 105/105/105 106/106/106 107/107/107 108/108/108 109/109/109 110/110/110 111/111/111 112/112/112 113/113/113 114/114/114 115/115/115 116/116/116 117/117/117 118/118/118 119/119/119 120/120/120 121/121/121 122/122/122 123/123/123 124/124/124 125/125/125 126/126/126 127/127/127 128/128/128 129/129/129 130/130/130 131/131/131 132/132/132 133/133/133 134/134/134 135/135/135 136/136/136 137/137/137 138/138/138 139/139/139 140/140/140 141/141/141 142/142/142 143/143/143 144/144/144 145/145/145 146/146/146 147/147/147 148/148/148 149/149/149 150/150/150 151/151/151 152/152/152 153/153/153 154/154/154 155/155/155 156/156/156 157/157/157 158/158/158 159/159/159 160/160/160 161/161/161 162/162/162 163/163/163 164/164/164 165/165/165 166/166/166 167/167/167 168/168/168 169/169/169 170/170/170 171/171/171 172/172/172 173/173/173 174/174/174 175/175/175 176/176/176 177/177/177 178/178/178 179/179/179 180/180/180 181/181/181 182/182/182 183/183/183 184/184/184 185/185/185 186/186/186 187/187/187 188/188/188 189/189/189 190/190/190 191/191/191 192/192/192 193/193/193 194/194/194 195/195/195 196/196/196 197/197/197 198/198/198 199/199/199 200/200/200 201/201/201 202/202/202 203/203/203 204/204/204 205/205/205 206/206/206 207/207/207 208/208/208 209/209/209 210/210/210 211/211/211 212/212/212 213/213/213 214/214/214 215/215/215 216/216/216 217/217/217 218/218/218 219/219/219 220/220/220 221/221/221 222/222/222 223/223/223 224/224/224 225/225/225 226/226/226 227/227/227 228/228/228 229/229/229 230/230/230 231/231/231 232/232/232 233/233/233 234/234/234 235/235/235 236/236/236 237/237/237 238/238/238 239/239/239 240/240/240 241/241/241 242/242/242 243/243/243 244/244/244 245/245/245 246/246/246 247/247/247 248/248/248 249/249/249 250/250/250 251/251/251 252/252/252 253/253/253 254/254/254 255/255/255 256/256/256 257/257/257 258/258/258 259/259/259 260/260/260 261/261/261 262/262/262 263/263/263 264/264/264 265/265/265 266/266/266 267/267/267 268/268/268 269/269/269 270/270/270 271/271/271 272/272/272 273/273/273 274/274/274 275/275/275 276/276/276 277/277/277 278/278/278 279/279/279 280/280/280 281/281/281 282/282/282 283/283/283 284/284/284 285/285/285 286/286/286 287/287/287 288/288/288 289/289/289 290/290/290 291/291/291 292/292/292 293/293/293 294/294/294 295/295/295 296/296/296 297/297/297 298/298/298 299/299/299 300/300/300 301/301/301 302/302/302 303/303/303 304/304/304 305/305/305 306/306/306 307/307/307 308/308/308 309/309/309 310/310/310 311/311/311 312/312/312 313/313/313 314/314/314 315/315/315 316/316/316 317/317/317 318/318/318 319/319/319 320/320/320 321/321/321 322/322/322 323/323/323 324/324/324 325/325/325 326/326/326 327/327/327 328/328/328 329/329/329 330/330/330 331/331/331 332/332/332 333/333/333 334/334/334 335/335/335 336/336/336 337/337/337 338/338/338 339/339/339 340/340/340 341/341/341 342/342/342 343/343/343 344/344/344 345/345/345 346/346/346 347/347/347 348/348/348 349/349/349 350/350/350 351/351/351 352/352/352 353/353/353 354/354/354 355/355/355 356/356/356 357/357/357 358/358/358 359/359/359 360/360/360 361/361/361 362/362/362 363/363/363 364/364/364 365/365/365 366/366/366 367/367/367 368/368/368 369/369/369 370/370/370 371/371/371 372/372/372 373/373/373 374/374/374 375/375/375 376/376/376 377/377/377 378/378/378 379/379/379 380/380/380 381/381/381 382/382/382 383/383/383 384/384/384 385/385/385 386/386/386 387/387/387 388/388/388 389/389/389 390/390/390 391/391/391 392/392/392 393/393/393 394/394/394 395/395/395 396/396/396 397/397/397 398/398/398 399/399/399 400/400/400 401/401/401 402/402/402 403/403/403 404/404/404 405/405/405 406/406/406 407/407/407 408/408/408 409/409/409 410/410/410 411/411/411 412/412/412 413/413/413 414/414/414 415/415/415 416/416/416 417/417/417 418/418/418 419/419/419 420/420/420 421/421/421 422/422/422 423/423/423 424/424/424 425/425/425 426/426/426 427/427/427 428/428/428 429/429/429 430/430/430 431/431/431 432/432/432 433/433/433 434/434/434 435/435/435 436/436/436 437/437/437 438/438/438 439/439/439 440/440/440 441/441/441 442/442/442 443/443/443 444/444/444 445/445/445 446/446/446 447/447/447 448/448/448 449/449/449 450/450/450 451/451/451 452/452/452 453/453/453 454/454/454 455/455/455 456/456/456 457/457/457 458/458/458 459/459/459 460/460/460 461/461/461 462/462/462 463/463/463 464/464/464 465/465/465 466/466/466 467/467/467 468/468/468 469/469/469 470/470/470 471/471/471 472/472/472 473/473/473 474/474/474 475/475/475 476/476/476 477/477/477 478/478/478 479/479/479 480/480/480 481/481/481 482/482/482 483/483/483 484/484/484 485/485/485 486/486/486 487/487/487 488/488/488 489/489/489 490/490/490 491/491/491 492/492/492 493/493/493 494/494/494 495/495/495 496/496/496 497/497/497 498/498/498 499/499/499 500/500/500 501/501/501 502/502/502 503/503/503 504/504/504 505/505/505 506/506/506 507/507/507 508/508/508 509/509/509 510/510/510 511/511/511 512/512/512 513/513/513 514/514/514 515/515/515 516/516/516 517/517/517 518/518/518 519/519/519 520/520/520 521/521/521 522/522/522 523/523/523 524/524/524 525/525/525 526/526/526 527/527/527 528/528/528 529/529/529 530/530/530 531/531/531 532/532/532 533/533/533 534/534/534 535/535/535 536/536/536 537/537/537 538/538/538 539/539/539 540/540/540 541/541/541 542/542/542 543/543/543 544/544/544 545/545/545 546/546/546 547/547/547 548/548/548 549/549/549 550/550/550 551/551/551 552/552/552 553/553/553 554/554/554 555/555/555 556/556/556 557/557/557 558/558/558 559/559/559 560/560/560 561/561/561 562/562/562 563/563/563 564/564/564 565/565/565 566/566/566 567/567/567 568/568/568 569/569/569 570/570/570 571/571/571 572/572/572 573/573/573 574/574/574 575/575/575 576/576/576 577/577/577 578/578/578 579/579/579 580/580/580 581/581/581 582/582/582 583/583/583 584/584/584 585/585/585 586/586/586 587/587/587 588/588/588 589/589/589 590/590/590 591/591/591 592/592/592 593/593/593 594/594/594 595/595/595 596/596/596 597/597/597 598/598/598 599/599/599 600/600/600 601/601/601 602/602/602 603/603/603 604/604/604 605/605/605 606/606/606 607/607/607 608/608/608 609/609/609 610/610/610 611/611/611 612/612/612 613/613/613 614/614/614 615/615/615 616/616/616 617/617/617 618/618/618 619/619/619 620/620/620 621/621/621 622/622/622 623/623/623 624/624/624 625/625/625 626/626/626 627/627/627 628/628/628 629/629/629 630/630/630 631/631/631 632/632/632 633/633/633 634/634/634 635/635/635 636/636/636 637/637/637 638/638/638 639/639/639 640/640/640 641/641/641 642/642/642 643/643/643 644/644/644 645/645/645 646/646/646 647/647/647 648/648/648 649/649/649 650/650/650 651/651/651 652/652/652 653/653/653 654/654/654 655/655/655 656/656/656 657/657/657 658/658/658 659/659/659 660/660/660 661/661/661 662/662/662 663/663/663 664/664/664 665/665/665 666/666/666 667/667/667 668/668/668 669/669/669 670/670/670 671/671/671 672/672/672 673/673/673 674/674/674 675/675/675 676/676/676 677/677/677 678/678/678 679/679/679 680/680/680 681/681/681 682/682/682 683/683/683 684/684/684 685/685/685 686/686/686 687/687/687 688/688/688 689/689/689 690/690/690 691/691/691 692/692/692 693/693/693 694/694/694 695/695/695 696/696/696 697/697/697 698/698/698 699/699/699 700/700/700 701/701/701 702/702/702 703/703/703 704/704/704 705/705/705 706/706/706 707/707/707 708/708/708 709/709/709 710/710/710 711/711/711 712/712/712 713/713/713 714/714/714 715/715/715 716/716/716 717/717/717 718/718/718 719/719/719 720/720/720 721/721/721 722/722/722 723/723/723 724/724/724 725/725/725 726/726/726 727/727/727 728/728/728 729/729/729 730/730/730 731/731/731 732/732/732 733/733/733 734/734/734 735/735/735 736/736/736 737/737/737 738/738/738 739/739/739 740/740/740 741/741/741 742/742/742 743/743/743 744/744/744 745/745/745 746/746/746 747/747/747 748/748/748 749/749/749 750/750/750 751/751/751 752/752/752 753/753/753 754/754/754 755/755/755 756/756/756 757/757/757 758/758/758 759/759/759 760/760/760 761/761/761 762/762/762 763/763/763 764/764/764 765/765/765 766/766/766 767/767/767 768/768/768 769/769/769 770/770/770 771/771/771 772/772/772 773/773/773 774/774/774 775/775/775 776/776/776 777/777/777 778/778/778 779/779/779 780/780/780 781/781/781 782/782/782 783/783/783 784/784/784 785/785/785 786/786/786 787/787/787 788/788/788 789/789/789 790/790/790 791/791/791 792/792/792 793/793/793 794/794/794 795/795/795 796/796/796 797/797/797 798/798/798 799/799/799 800/800/800 801/801/801 802/802/802 803/803/803 804/804/804 805/805/805 806/806/806 807/807/807 808/808/808 809/809/809 810/810/810 811/811/811 812/812/812 813/813/813 814/814/814 815/815/815 816/816/816 817/817/817 818/818/818 819/819/819 820/820/820 821/821/821 822/822/822 823/823/823 824/824/824 825/825/825 826/826/826 827/827/827 828/828/828 829/829/829 830/830/830 831/831/831 832/832/832 833/833/833 834/834/834 835/835/835 836/836/836 837/837/837 838/838/838 839/839/839 840/840/840 841/841/841 842/842/842 843/843/843 844/844/844 845/845/845 846/846/846 847/847/847 848/848/848 849/849/849 850/850/850 851/851/851 852/852/852 853/853/853 854/854/854 855/855/855 856/856/856 857/857/857 858/858/858 859/859/859 860/860/860 861/861/861 862/862/862 863/863/863 864/864/864 865/865/865 866/866/866 867/867/867 868/868/868 869/869/869 870/870/870 871/871/871 872/872/872 873/873/873 874/874/874 875/875/875 876/876/876 877/877/877 878/878/878 879/879/879 880/880/880 881/881/881 882/882/882 883/883/883 884/884/884 885/885/885 886/886/886 887/887/887 888/888/888 889/889/889 890/890/890 891/891/891 892/892/892 893/893/893 894/894/894 895/895/895 896/896/896 897/897/897 898/898/898 899/899/899 900/900/900 901/901/901 902/902/902 903/903/903 904/904/904 905/905/905 906/906/906 907/907/907 908/908/908 909/909/909 910/910/910 911/911/911 912/912/912 913/913/913 914/914/914 915/915/915 916/916/916 917/917/917 918/918/918 919/919/919 920/920/920 921/921/921 922/922/922 923/923/923 924/924/924 925/925/925 926/926/926 927/927/927 928/928/928 929/929/929 930/930/930 931/931/931 932/932/932 933/933/933 934/934/934 935/935/935 936/936/936 937/937/937 938/938/938 939/939/939 940/940/940 941/941/941 942/942/942 943/943/943 944/944/944 945/945/945 946/946/946 947/947/947 948/948/948 949/949/949
f 950/950/950 1898/951/951 1897/952/952 1896/953/953 1895/954/954 1894/955/955 1893/956/956 1892/957/957 1891/958/958 1890/959/959 1889/960/960 1888/961/961 1887/962/962 1886/963/963 1885/964/964 1884/965/965 1883/966/966 1882/967/967 1881/968/968 1880/969/969 1879/970/970 1878/971/971 1877/972/972 1876/973/973 1875/974/974 1874/975/975 1873/976/976 1872/977/977 1871/978/978 1870/979/979 1869/980/980 1868/981/981 1867/982/982 1866/983/983 1865/984/984 1864/985/985 1863/986/986 1862/987/987 1861/988/988 1860/989/989 1859/990/990 1858/991/991 1857/992/992 1856/993/993 1855/994/994 1854/995/995 1853/996/996 1852/997/997 1851/998/998 1850/999/999 1849/1000/1000 1848/1001/1001 1847/1002/1002 1846/1003/1003 1845/1004/1004 1844/1005/1005 1843/1006/1006 1842/1007/1007 1841/1008/1008 1840/1009/1009 1839/1010/1010 1838/1011/1011 1837/1012/1012 1836/1013/1013 1835/1014/1014 1834/1015/1015 1833/1016/1016 1832/1017/1017 1831/1018/1018 1830/1019/1019 1829/1020/1020 1828/1021/1021 1827/1022/1022 1826/1023/1023 1825/1024/1024 1824/1025/1025 1823/1026/1026 1822/1027/1027 1821/1028/1028 1820/1029/1029 1819/1030/1030 1818/1031/1031 1817/1032/1032 1816/1033/1033 1815/1034/1034 1814/1035/1035 1813/1036/1036 1812/1037/1037 1811/1038/1038 1810/1039/1039 1809/1040/1040 1808/1041/1041 1807/1042/1042 1806/1043/1043 1805/1044/1044 1804/1045/1045 1803/1046/1046 1802/1047/1047 1801/1048/1048 1800/1049/1049 1799/1050/1050 1798/1051/1051 1797/1052/1052 1796/1053/1053 1795/1054/1054 1794/1055/1055 1793/1056/1056 1792/1057/1057 1791/1058/1058 1790/1059/1059 1789/1060/1060 1788/1061/1061 1787/1062/1062 1786/1063/1063 1785/1064/1064 1784/1065/1065 1783/1066/1066 1782/1067/1067 1781/1068/1068 1780/1069/1069 1779/1070/1070 1778/1071/1071 1777/1072/1072 1776/1073/1073 1775/1074/1074 1774/1075/1075 1773/1076/1076 1772/1077/1077 1771/1078/1078 1770/1079/1079 1769/1080/1080 1768/1081/1081 1767/1082/1082 1766/1083/1083 1765/1084/1084 1764/1085/1085 1763/1086/1086 1762/1087/1087 1761/1088/1088 1760/1089/1089 1759/1090/1090 1758/1091/1091 1757/1092/1092 1756/1093/1093 1755/1094/1094 1754/1095/1095 1753/1096/1096 1752/1097/1097 1751/1098/1098 1750/1099/1099 1749/1100/1100 1748/1101/1101 1747/1102/1102 1746/1103/1103 1745/1104/1104 1744/1105/1105 1743/1106/1106 1742/1107/1107 1741/1108/1108 1740/1109/1109 1739/1110/1110 1738/1111/1111 1737/1112/1112 1736/1113/1113 1735/1114/1114 1734/1115/1115 1733/1116/1116 1732/1117/1117 1731/1118/1118 1730/1119/1119 1729/1120/1120 1728/1121/1121 1727/1122/1122 1726/1123/1123 1725/1124/1124 1724/1125/1125 1723/1126/1126 1722/1127/1127 1721/1128/1128 1720/1129/1129 1719/1130/1130 1718/1131/1131 1717/1132/1132 1716/1133/1133 1715/1134/1134 1714/1135/1135 1713/1136/1136 1712/1137/1137 1711/1138/1138 1710/1139/1139 1709/1140/1140 1708/1141/1141 1707/1142/1142 1706/1143/1143 1705/1144/1144 1704/1145/1145 1703/1146/1146 1702/1147/1147 1701/1148/1148 1700/1149/1149 1699/1150/1150 1698/1151/1151 1697/1152/1152 1696/1153/1153 1695/1154/1154 1694/1155/1155 1693/1156/1156 1692/1157/1157 1691/1158/1158 1690/1159/1159 1689/1160/1160 1688/1161/1161 1687/1162/1162 1686/1163/1163 1685/1164/1164 1684/1165/1165 1683/1166/1166 1682/1167/1167 1681/1168/1168 1680/1169/1169 1679/1170/1170 1678/1171/1171 1677/1172/1172 1676/1173/1173 1675/1174/1174 1674/1175/1175 1673/1176/1176 1672/1177/1177 1671/1178/1178 1670/1179/1179 1669/1180/1180 1668/1181/1181 1667/1182/1182 1666/1183/1183 1665/1184/1184 1664/1185/1185 1663/1186/1186 1662/1187/1187 1661/1188/1188 1660/1189/1189 1659/1190/1190 1658/1191/1191 1657/1192/1192 1656/1193/1193 1655/1194/1194 1654/1195/1195 1653/1196/1196 1652/1197/1197 1651/1198/1198 1650/1199/1199 1649/1200/1200 1648/1201/1201 1647/1202/1202 1646/1203/1203 1645/1204/1204 1644/1205/1205 1643/1206/1206 1642/1207/1207 1641/1208/1208 1640/1209/1209 1639/1210/1210 1638/1211/1211 1637/1212/1212 1636/1213/1213 1635/1214/1214 1634/1215/1215 1633/1216/1216 1632/1217/1217 1631/1218/1218 1630/1219/1219 1629/1220/1220 1628/1221/1221 1627/1222/1222 1626/1223/1223 1625/1224/1224 1624/1225/1225 1623/1226/1226 1622/1227/1227 1621/1228/1228 1620/1229/1229 1619/1230/1230 1618/1231/1231 1617/1232/1232 1616/1233/1233 1615/1234/1234 1614/1235/1235 1613/1236/1236 1612/1237/1237 1611/1238/1238 1610/1239/1239 1609/1240/1240 1608/1241/1241 1607/1242/1242 1606/1243/1243 1605/1244/1244 1604/1245/1245 1603/1246/1246 1602/1247/1247 1601/1248/1248 1600/1249/1249 1599/1250/1250 1598/1251/1251 1597/1252/1252 1596/1253/1253 1595/1254/1254 1594/1255/1255 1593/1256/1256 1592/1257/1257 1591/1258/1258 1590/1259/1259 1589/1260/1260 1588/1261/1261 1587/1262/1262 1586/1263/1263 1585/1264/1264 1584/1265/1265 1583/1266/1266 1582/1267/1267 1581/1268/1268 1580/1269/1269 1579/1270/1270 1578/1271/1271 1577/1272/1272 1576/1273/1273 1575/1274/1274 1574/1275/1275 1573/1276/1276 1572/1277/1277 1571/1278/1278 1570/1279/1279 1569/1280/1280 1568/1281/1281 1567/1282/1282 1566/1283/1283 1565/1284/1284 1564/1285/1285 1563/1286/1286 1562/1287/1287 1561/1288/1288 1560/1289/1289 1559/1290/1290 1558/1291/1291 1557/1292/1292 1556/1293/1293 1555/1294/1294 1554/1295/1295 1553/1296/1296 1552/1297/1297 1551/1298/1298 1550/1299/1299 1549/1300/1300 1548/1301/1301 1547/1302/1302 1546/1303/1303 1545/1304/1304 1544/1305/1305 1543/1306/1306 1542/1307/1307 1541/1308/1308 1540/1309/1309 1539/1310/1310 1538/1311/1311 1537/1312/1312 1536/1313/1313 1535/1314/1314 1534/1315/1315 1533/1316/1316 1532/1317/1317 1531/1318/1318 1530/1319/1319 1529/1320/1320 1528/1321/1321 1527/1322/1322 1526/1323/1323 1525/1324/1324 1524/1325/1325 1523/1326/1326 1522/1327/1327 1521/1328/1328 1520/1329/1329 1519/1330/1330 1518/1331/1331 1517/1332/1332 1516/1333/1333 1515/1334/1334 1514/1335/1335 1513/1336/1336 1512/1337/1337 1511/1338/1338 1510/1339/1339 1509/1340/1340 1508/1341/1341 1507/1342/1342 1506/1343/1343 1505/1344/1344 1504/1345/1345 1503/1346/1346 1502/1347/1347 1501/1348/1348 1500/1349/1349 1499/1350/1350 1498/1351/1351 1497/1352/1352 1496/1353/1353 1495/1354/1354 1494/1355/1355 1493/1356/1356 1492/1357/1357 1491/1358/1358 1490/1359/1359 1489/1360/1360 1488/1361/1361 1487/1362/1362 1486/1363/1363 1485/1364/1364 1484/1365/1365 1483/1366/1366 1482/1367/1367 1481/1368/1368 1480/1369/1369 1479/1370/1370 1478/1371/1371 1477/1372/1372 1476/1373/1373 1475/1374/1374 1474/1375/1375 1473/1376/1376 1472/1377/1377 1471/1378/1378 1470/1379/1379 1469/1380/1380 1468/1381/1381 1467/1382/1382 1466/1383/1383 1465/1384/1384 1464/1385/1385 1463/1386/1386 1462/1387/1387 1461/1388/1388 1460/1389/1389 1459/1390/1390 1458/1391/1391 1457/1392/1392 1456/1393/1393 1455/1394/1394 1454/1395/1395 1453/1396/1396 1452/1397/1397 1451/1398/1398 1450/1399/1399 1449/1400/1400 1448/1401/1401 1447/1402/1402 1446/1403/1403 1445/1404/1404 1444/1405/1405 1443/1406/1406 1442/1407/1407 1441/1408/1408 1440/1409/1409 1439/1410/1410 1438/1411/1411 1437/1412/1412 1436/1413/1413 1435/1414/1414 1434/1415/1415 1433/1416/1416 1432/1417/1417 1431/1418/1418 1430/1419/1419 1429/1420/1420 1428/1421/1421 1427/1422/1422 1426/1423/1423 1425/1424/1424 1424/1425/1425 1423/1426/1426 1422/1427/1427 1421/1428/1428 1420/1429/1429 1419/1430/1430 1418/1431/1431 1417/1432/1432 1416/1433/1433 1415/1434/1434 1414/1435/1435 1413/1436/1436 1412/1437/1437 1411/1438/1438 1410/1439/1439 1409/1440/1440 1408/1441/1441 1407/1442/1442 1406/1443/1443 1405/1444/1444 1404/1445/1445 1403/1446/1446 1402/1447/1447 1401/1448/1448 1400/1449/1449 1399/1450/1450 1398/1451/1451 1397/1452/1452 1396/1453/1453 1395/1454/1454 1394/1455/1455 1393/1456/1456 1392/1457/1457 1391/1458/1458 1390/1459/1459 1389/1460/1460 1388/1461/1461 1387/1462/1462 1386/1463/1463 1385/1464/1464 1384/1465/1465 1383/1466/1466 1382/1467/1467 1381/1468/1468 1380/1469/1469 1379/1470/1470 1378/1471/1471 1377/1472/1472 1376/1473/1473 1375/1474/1474 1374/1475/1475 1373/1476/1476 1372/1477/1477 1371/1478/1478 1370/1479/1479 1369/1480/1480 1368/1481/1481 1367/1482/1482 1366/1483/1483 1365/1484/1484 1364/1485/1485 1363/1486/1486 1362/1487/1487 1361/1488/1488 1360/1489/1489 1359/1490/1490 1358/1491/1491 1357/1492/1492 1356/1493/1493 1355/1494/1494 1354/1495/1495 1353/1496/1496 1352/1497/1497 1351/1498/1498 1350/1499/1499 1349/1500/1500 1348/1501/1501 1347/1502/1502 1346/1503/1503 1345/1504/1504 1344/1505/1505 1343/1506/1506 1342/1507/1507 1341/1508/1508 1340/1509/1509 1339/1510/1510 1338/1511/1511 1337/1512/1512 1336/1513/1513 1335/1514/1514 1334/1515/1515 1333/1516/1516 1332/1517/1517 1331/1518/1518 1330/1519/1519 1329/1520/1520 1328/1521/1521 1327/1522/1522 1326/1523/1523 1325/1524/1524 1324/1525/1525 1323/1526/1526 1322/1527/1527 1321/1528/1528 1320/1529/1529 1319/1530/1530 1318/1531/1531 1317/1532/1532 1316/1533/1533 1315/1534/1534 1314/1535/1535 1313/1536/1536 1312/1537/1537 1311/1538/1538 1310/1539/1539 1309/1540/1540 1308/1541/1541 1307/1542/1542 1306/1543/1543 1305/1544/1544 1304/1545/1545 1303/1546/1546 1302/1547/1547 1301/1548/1548 1300/1549/1549 1299/1550/1550 1298/1551/1551 1297/1552/1552 1296/1553/1553 1295/1554/1554 1294/1555/1555 1293/1556/1556 1292/1557/1557 1291/1558/1558 1290/1559/1559 1289/1560/1560 1288/1561/1561 1287/1562/1562 1286/1563/1563 1285/1564/1564 1284/1565/1565 1283/1566/1566 1282/1567/1567 1281/1568/1568 1280/1569/1569 1279/1570/1570 1278/1571/1571 1277/1572/1572 1276/1573/1573 1275/1574/1574 1274/1575/1575 1273/1576/1576 1272/1577/1577 1271/1578/1578 1270/1579/1579 1269/1580/1580 1268/1581/1581 1267/1582/1582 1266/1583/1583 1265/1584/1584 1264/1585/1585 1263/1586/1586 1262/1587/1587 1261/1588/1588 1260/1589/1589 1259/1590/1590 1258/1591/1591 1257/1592/1592 1256/1593/1593 1255/1594/1594 1254/1595/1595 1253/1596/1596 1252/1597/1597 1251/1598/1598 1250/1599/1599 1249/1600/1600 1248/1601/1601 1247/1602/1602 1246/1603/1603 1245/1604/1604 1244/1605/1605 1243/1606/1606 1242/1607/1607 1241/1608/1608 1240/1609/1609 1239/1610/1610 1238/1611/1611 1237/1612/1612 1236/1613/1613 1235/1614/1614 1234/1615/1615 1233/1616/1616 1232/1617/1617 1231/1618/1618 1230/1619/1619 1229/1620/1620 1228/1621/1621 1227/1622/1622 1226/1623/1623 1225/1624/1624 1224/1625/1625 1223/1626/1626 1222/1627/1627 1221/1628/1628 1220/1629/1629 1219/1630/1630 1218/1631/1631 1217/1632/1632 1216/1633/1633 1215/1634/1634 1214/1635/1635 1213/1636/1636 1212/1637/1637 1211/1638/1638 1210/1639/1639 1209/1640/1640 1208/1641/1641 1207/1642/1642 1206/1643/1643 1205/1644/1644 1204/1645/1645 1203/1646/1646 1202/1647/1647 1201/1648/1648 1200/1649/1649 1199/1650/1650 1198/1651/1651 1197/1652/1652 1196/1653/1653 1195/1654/1654 1194/1655/1655 1193/1656/1656 1192/1657/1657 1191/1658/1658 1190/1659/1659 1189/1660/1660 1188/1661/1661 1187/1662/1662 1186/1663/1663 1185/1664/1664 1184/1665/1665 1183/1666/1666 1182/1667/1667 1181/1668/1668 1180/1669/1669 1179/1670/1670 1178/1671/1671 1177/1672/1672 1176/1673/1673 1175/1674/1674 1174/1675/1675 1173/1676/1676 1172/1677/1677 1171/1678/1678 1170/1679/1679 1169/1680/1680 1168/1681/1681 1167/1682/1682 1166/1683/1683 1165/1684/1684 1164/1685/1685 1163/1686/1686 1162/1687/1687 1161/1688/1688 1160/1689/1689 1159/1690/1690 1158/1691/1691 1157/1692/1692 1156/1693/1693 1155/1694/1694 1154/1695/1695 1153/1696/1696 1152/1697/1697 1151/1698/1698 1150/1699/1699 1149/1700/1700 1148/1701/1701 1147/1702/1702 1146/1703/1703 1145/1704/1704 1144/1705/1705 1143/1706/1706 1142/1707/1707 1141/1708/1708 1140/1709/1709 1139/1710/1710 1138/1711/1711 1137/1712/1712 1136/1713/1713 1135/1714/1714 1134/1715/1715 1133/1716/1716 1132/1717/1717 1131/1718/1718 1130/1719/1719 1129/1720/1720 1128/1721/1721 1127/1722/1722 1126/1723/1723 1125/1724/1724 1124/1725/1725 1123/1726/1726 1122/1727/1727 1121/1728/1728 1120/1729/1729 1119/1730/1730 1118/1731/1731 1117/1732/1732 1116/1733/1733 1115/1734/1734 1114/1735/1735 1113/1736/1736 1112/1737/1737 1111/1738/1738 1110/1739/1739 1109/1740/1740 1108/1741/1741 1107/1742/1742 1106/1743/1743 1105/1744/1744 1104/1745/1745 1103/1746/1746 1102/1747/1747 1101/1748/1748 1100/1749/1749 1099/1750/1750 1098/1751/1751 1097/1752/1752 1096/1753/1753 1095/1754/1754 1094/1755/1755 1093/1756/1756 1092/1757/1757 1091/1758/1758 1090/1759/1759 1089/1760/1760 1088/1761/1761 1087/1762/1762 1086/1763/1763 1085/1764/1764 1084/1765/1765 1083/1766/1766 1082/1767/1767 1081/1768/1768 1080/1769/1769 1079/1770/1770 1078/1771/1771 1077/1772/1772 1076/1773/1773 1075/1774/1774 1074/1775/1775 1073/1776/1776 1072/1777/1777 1071/1778/1778 1070/1779/1779 1069/1780/1780 1068/1781/1781 1067/1782/1782 1066/1783/1783 1065/1784/1784 1064/1785/1785 1063/1786/1786 1062/1787/1787 1061/1788/1788 1060/1789/1789 1059/1790/1790 1058/1791/1791 1057/1792/1792 1056/1793/1793 1055/1794/1794 1054/1795/1795 1053/1796/1796 1052/1797/1797 1051/1798/1798 1050/1799/1799 1049/1800/1800 1048/1801/1801 1047/1802/1802 1046/1803/1803 1045/1804/1804 1044/1805/1805 1043/1806/1806 1042/1807/1807 1041/1808/1808 1040/1809/1809 1039/1810/1810 1038/1811/1811 1037/1812/1812 1036/1813/1813 1035/1814/1814 1034/1815/1815 1033/1816/1816 1032/1817/1817 1031/1818/1818 1030/1819/1819 1029/1820/1820 1028/1821/1821 1027/1822/1822 1026/1823/1823 1025/1824/1824 1024/1825/1825 1023/1826/1826 1022/1827/1827 1021/1828/1828 1020/1829/1829 1019/1830/1830 1018/1831/1831 1017/1832/1832 1016/1833/1833 1015/1834/1834 1014/1835/1835 1013/1836/1836 1012/1837/1837 1011/1838/1838 1010/1839/1839 1009/1840/1840 1008/1841/1841 1007/1842/1842 1006/1843/1843 1005/1844/1844 1004/1845/1845 1003/1846/1846 1002/1847/1847 1001/1848/1848 1000/1849/1849 999/1850/1850 998/1851/1851 997/1852/1852 996/1853/1853 995/1854/1854 994/1855/1855 993/1856/1856 992/1857/1857 991/1858/1858 990/1859/1859 989/1860/1860 988/1861/1861 987/1862/1862 986/1863/1863 985/1864/1864 984/1865/1865 983/1866/1866 982/1867/1867 981/1868/1868 980/1869/1869 979/1870/1870 978/1871/1871 977/1872/1872 976/1873/1873 975/1874/1874 974/1875/1875 973/1876/1876 972/1877/1877 971/1878/1878 970/1879/1879 969/1880/1880 968/1881/1881 967/1882/1882 966/1883/1883 965/1884/1884 964/1885/1885 963/1886/1886 962/1887/1887 961/1888/1888 960/1889/1889 959/1890/1890 958/1891/1891 957/1892/1892 956/1893/1893 955/1894/1894 954/1895/1895 953/1896/1896 952/1897/1897 951/1898/1898
g 
f 1/1/1899 950/950/1900 951/1898/1901 2/2/1902
f 2/2/1903 951/1898/1904 952/1897/1905 3/3/1906
f 3/3/1907 952/1897/1908 953/1896/1909 4/4/1910
f 4/4/1911 953/1896/1912 954/1895/1913 5/5/1914
f 5/5/1915 954/1895/1916 955/1894/1917 6/6/1918
f 6/6/1919 955/1894/1920 956/1893/1921 7/7/1922
f 7/7/1923 956/1893/1924 957/1892/1925 8/8/1926
f 8/8/1927 957/1892/1928 958/1891/1929 9/9/1930
f 9/9/1931 958/1891/1932 959/1890/1933 10/10/1934
f 10/10/1935 959/1890/1936 960/1889/1937 11/11/1938
f 11/11/1939 960/1889/1940 961/1888/1941 12/12/1942
f 12/12/1943 961/1888/1944 962/1887/1945 13/13/1946
f 13/13/1947 962/1887/1948 963/1886/1949 14/14/1950
f 14/14/1951 963/1886/1952 964/1885/1953 15/15/1954
f 15/15/1955 964/1885/1956 965/1884/1957 16/16/1958
f 16/16/1959 965/1884/1960 966/1883/1961 17/17/1962
f 17/17/1963 966/1883/1964 967/1882/1965 18/18/1966
f 18/18/1967 967/1882/1968 968/1881/1969 19/19/1970
f 19/19/1971 968/1881/1972 969/1880/1973 20/20/1974
f 20/20/1975 969/1880/1976 970/1879/1977 21/21/1978
f 21/21/1979 970/1879/1980 971/1878/1981 22/22/1982
f 22/22/1983 971/1878/1984 972/1877/1985 23/23/1986
f 23/23/1987 972/1877/1988 973/1876/1989 24/24/1990
f 24/24/1991 973/1876/1992 974/1875/1993 25/25/1994
f 25/25/1995 974/1875/1996 975/1874/1997 26/26/1998
f 26/26/1999 975/1874/2000 976/1873/2001 27/27/2002
f 27/27/2003 976/1873/2004 977/1872/2005 28/28/2006
f 28/28/2007 977/1872/2008 978/1871/2009 29/29/2010
f 29/29/2011 978/1871/2012 979/1870/2013 30/30/2014
f 30/30/2015 979/1870/2016 980/1869/2017 31/31/2018
f 31/31/2019 980/1869/2020 981/1868/2021 32/32/2022
f 32/32/2023 981/1868/2024 982/1867/2025 33/33/2026
f 33/33/2027 982/1867/2028 983/1866/2029 34/34/2030
f 34/34/2031 983/1866/2032 984/1865/2033 35/35/2034
f 35/35/2035 984/1865/2036 985/1864/2037 36/36/2038
f 36/36/2039 985/1864/2040 986/1863/2041 37/37/2042
f 37/37/2043 986/1863/2044 987/1862/2045 38/38/2046
f 38/38/2047 987/1862/2048 988/1861/2049 39/39/2050
f 39/39/2051 988/1861/2052 989/1860/2053 40/40/2054
f 40/40/2055 989/1860/2056 990/1859/2057 41/41/2058
f 41/41/2059 990/1859/2060 991/1858/2061 42/42/2062
f 42/42/2063 991/1858/2064 992/1857/2065 43/43/2066
f 43/43/2067 992/1857/2068 993/1856/2069 44/44/2070
f 44/44/2071 993/1856/2072 994/1855/2073 45/45/2074
f 45/45/2075 994/1855/2076 995/1854/2077 46/46/2078
f 46/46/2079 995/1854/2080 996/1853/2081 47/47/2082
f 47/47/2083 996/1853/2084 997/1852/2085 48/48/2086
f 48/48/2087 997/1852/2088 998/1851/2089 49/49/2090
f 49/49/2091 998/1851/2092 999/1850/2093 50/50/2094
f 50/50/2095 999/1850/2096 1000/1849/2097 51/51/2098
f 51/51/2099 1000/1849/2100 1001/1848/2101 52/52/2102
f 52/52/2103 1001/1848/2104 1002/1847/2105 53/53/2106
f 53/53/2107 1002/1847/2108 1003/1846/2109 54/54/2110
f 54/54/2111 1003/1846/2112 1004/1845/2113 55/55/2114
f 55/55/2115 1004/1845/2116 1005/1844/2117 56/56/2118
f 56/56/2119 1005/1844/2120 1006/1843/2121 57/57/2122
f 57/57/2123 1006/1843/2124 1007/1842/2125 58/58/2126
f 58/58/2127 1007/1842/2128 1008/1841/2129 59/59/2130
f 59/59/2131 1008/1841/2132 1009/1840/2133 60/60/2134
f 60/60/2135 1009/1840/2136 1010/1839/2137 61/61/2138
f 61/61/2139 1010/1839/2140 1011/1838/2141 62/62/2142
f 62/62/2143 1011/1838/2144 1012/1837/2145 63/63/2146
f 63/63/2147 1012/1837/2148 1013/1836/2149 64/64/2150
f 64/64/2151 1013/1836/2152 1014/1835/2153 65/65/2154
f 65/65/2155 1014/1835/2156 1015/1834/2157 66/66/2158
f 66/66/2159 1015/1834/2160 1016/1833/2161 67/67/2162
f 67/67/2163 1016/1833/2164 1017/1832/2165 68/68/2166
f 68/68/2167 1017/1832/2168 1018/1831/2169 69/69/2170
f 69/69/2171 1018/1831/2172 1019/1830/2173 70/70/2174
f 70/70/2175 1019/1830/2176 1020/1829/2177 71/71/2178
f 71/71/2179 1020/1829/2180 1021/1828/2181 72/72/2182
f 72/72/2183 1021/1828/2184 1022/1827/2185 73/73/2186
f 73/73/2187 1022/1827/2188 1023/1826/2189 74/74/2190
f 74/74/2191 1023/1826/2192 1024/1825/2193 75/75/2194
f 75/75/2195 1024/1825/2196 1025/1824/2197 76/76/2198
f 76/76/2199 1025/1824/2200 1026/1823/2201 77/77/2202
f 77/77/2203 1026/1823/2204 1027/1822/2205 78/78/2206
f 78/78/2207 1027/1822/2208 1028/1821/2209 79/79/2210
f 79/79/2211 1028/1821/2212 1029/1820/2213 80/80/2214
f 80/80/2215 1029/1820/2216 1030/1819/2217 81/81/2218
f 81/81/2219 1030/1819/2220 1031/1818/2221 82/82/2222
f 82/82/2223 1031/1818/2224 1032/1817/2225 83/83/2226
f 83/83/2227 1032/1817/2228 1033/1816/2229 84/84/2230
f 84/84/2231 1033/1816/2232 1034/1815/2233 85/85/2234
f 85/85/2235 1034/1815/2236 1035/1814/2237 86/86/2238
f 86/86/2239 1035/1814/2240 1036/1813/2241 87/87/2242
f 87/87/2243 1036/1813/2244 1037/1812/2245 88/88/2246
f 88/88/2247 1037/1812/2248 1038/1811/2249 89/89/2250
f 89/89/2251 1038/1811/2252 1039/1810/2253 90/90/2254
f 90/90/2255 1039/1810/2256 1040/1809/2257 91/91/2258
f 91/91/2259 1040/1809/2260 1041/1808/2261 92/92/2262
f 92/92/2263 1041/1808/2264 1042/1807/2265 93/93/2266
f 93/93/2267 1042/1807/2268 1043/1806/2269 94/94/2270
f 94/94/2271 1043/1806/2272 1044/1805/2273 95/95/2274
f 95/95/2275 1044/1805/2276 1045/1804/2277 96/96/2278
f 96/96/2279 1045/1804/2280 1046/1803/2281 97/97/2282
f 97/97/2283 1046/1803/2284 1047/1802/2285 98/98/2286
f 98/98/2287 1047/1802/2288 1048/1801/2289 99/99/2290
f 99/99/2291 1048/1801/2292 1049/1800/2293 100/100/2294
f 100/100/2295 1049/1800/2296 1050/1799/2297 101/101/2298
f 101/101/2299 1050/1799/2300 1051/1798/2301 102/102/2302
f 102/102/2303 1051/1798/2304 1052/1797/2305 103/103/2306
f 103/103/2307 1052/1797/2308 1053/1796/2309 104/104/2310
f 104/104/2311 1053/1796/2312 1054/1795/2313 105/105/2314
f 105/105/2315 1054/1795/2316 1055/1794/2317 106/106/2318
f 106/106/2319 1055/1794/2320 1056/1793/2321 107/107/2322
f 107/107/2323 1056/1793/2324 1057/1792/2325 108/108/2326
f 108/108/2327 1057/1792/2328 1058/1791/2329 109/109/2330
f 109/109/2331 1058/1791/2332 1059/1790/2333 110/110/2334
f 110/110/2335 1059/1790/2336 1060/1789/2337 111/111/2338
f 111/111/2339 1060/1789/2340 1061/1788/2341 112/112/2342
f 112/112/2343 1061/1788/2344 1062/1787/2345 113/113/2346
f 113/113/2347 1062/1787/2348 1063/1786/2349 114/114/2350
f 114/114/2351 1063/1786/2352 1064/1785/2353 115/115/2354
f 115/115/2355 1064/1785/2356 1065/1784/2357 116/116/2358
f 116/116/2359 1065/1784/2360 1066/1783/2361 117/117/2362
f 117/117/2363 1066/1783/2364 1067/1782/2365 118/118/2366
f 118/118/2367 1067/1782/2368 1068/1781/2369 119/119/2370
f 119/119/2371 1068/1781/2372 1069/1780/2373 120/120/2374
f 120/120/2375 1069/1780/2376 1070/1779/2377 121/121/2378
f 121/121/2379 1070/1779/2380 1071/1778/2381 122/122/2382
f 122/122/2383 1071/1778/2384 1072/1777/2385 123/123/2386
f 123/123/2387 1072/1777/2388 1073/1776/2389 124/124/2390
f 124/124/2391 1073/1776/2392 1074/1775/2393 125/125/2394
f 125/125/2395 1074/1775/2396 1075/1774/2397 126/126/2398
f 126/126/2399 1075/1774/2400 1076/1773/2401 127/127/2402
f 127/127/2403 1076/1773/2404 1077/1772/2405 128/128/2406
f 128/128/2407 1077/1772/2408 1078/1771/2409 129/129/2410
f 129/129/2411 1078/1771/2412 1079/1770/2413 130/130/2414
f 130/130/2415 1079/1770/2416 1080/1769/2417 131/131/2418
f 131/131/2419 1080/1769/2420 1081/1768/2421 132/132/2422
f 132/132/2423 1081/1768/2424 1082/1767/2425 133/133/2426
f 133/133/2427 1082/1767/2428 1083/1766/2429 134/134/2430
f 134/134/2431 1083/1766/2432 1084/1765/2433 135/135/2434
f 135/135/2435 1084/1765/2436 1085/1764/2437 136/136/2438
f 136/136/2439 1085/1764/2440 1086/1763/2441 137/137/2442
f 137/137/2443 1086/1763/2444 1087/1762/2445 138/138/2446
f 138/138/2447 1087/1762/2448 1088/1761/2449 139/139/2450
f 139/139/2451 1088/1761/2452 1089/1760/2453 140/140/2454
f 140/140/2455 1089/1760/2456 1090/1759/2457 141/141/2458
f 141/141/2459 1090/1759/2460 1091/1758/2461 142/142/2462
f 142/142/2463 1091/1758/2464 1092/1757/2465 143/143/2466
f 143/143/2467 1092/1757/2468 1093/1756/2469 144/144/2470
f 144/144/2471 1093/1756/2472 1094/1755/2473 145/145/2474
f 145/145/2475 1094/1755/2476 1095/1754/2477 146/146/2478
f 146/146/2479 1095/1754/2480 1096/1753/2481 147/147/2482
f 147/147/2483 1096/1753/2484 1097/1752/2485 148/148/2486
f 148/148/2487 1097/1752/2488 1098/1751/2489 149/149/2490
f 149/149/2491 1098/1751/2492 1099/1750/2493 150/150/2494
f 150/150/2495 1099/1750/2496 1100/1749/2497 151/151/2498
f 151/151/2499 1100/1749/2500 1101/1748/2501 152/152/2502
f 152/152/2503 1101/1748/2504 1102/1747/2505 153/153/2506
f 153/153/2507 1102/1747/2508 1103/1746/2509 154/154/2510
f 154/154/2511 1103/1746/2512 1104/1745/2513 155/155/2514
f 155/155/2515 1104/1745/2516 1105/1744/2517 156/156/2518
f 156/156/2519 1105/1744/2520 1106/1743/2521 157/157/2522
f 157/157/2523 1106/1743/2524 1107/1742/2525 158/158/2526
f 158/158/2527 1107/1742/2528 1108/1741/2529 159/159/2530
f 159/159/2531 1108/1741/2532 1109/1740/2533 160/160/2534
f 160/160/2535 1109/1740/2536 1110/1739/2537 161/161/2538
f 161/161/2539 1110/1739/2540 1111/1738/2541 162/162/2542
f 162/162/2543 1111/1738/2544 1112/1737/2545 163/163/2546
f 163/163/2547 1112/1737/2548 1113/1736/2549 164/164/2550
f 164/164/2551 1113/1736/2552 1114/1735/2553 165/165/2554
f 165/165/2555 1114/1735/2556 1115/1734/2557 166/166/2558
f 166/166/2559 1115/1734/2560 1116/1733/2561 167/167/2562
f 167/167/2563 1116/1733/2564 1117/1732/2565 168/168/2566
f 168/168/2567 1117/1732/2568 1118/1731/2569 169/169/2570
f 169/169/2571 1118/1731/2572 1119/1730/2573 170/170/2574
f 170/170/2575 1119/1730/2576 1120/1729/2577 171/171/2578
f 171/171/2579 1120/1729/2580 1121/1728/2581 172/172/2582
f 172/172/2583 1121/1728/2584 1122/1727/2585 173/173/2586
f 173/173/2587 1122/1727/2588 1123/1726/2589 174/174/2590
f 174/174/2591 1123/1726/2592 1124/1725/2593 175/175/2594
f 175/175/2595 1124/1725/2596 1125/1724/2597 176/176/2598
f 176/176/2599 1125/1724/2600 1126/1723/2601 177/177/2602
f 177/177/2603 1126/1723/2604 1127/1722/2605 178/178/2606
f 178/178/2607 1127/1722/2608 1128/1721/2609 179/179/2610
f 179/179/2611 1128/1721/2612 1129/1720/2613 180/180/2614
f 180/180/2615 1129/1720/2616 1130/1719/2617 181/181/2618
f 181/181/2619 1130/1719/2620 1131/1718/2621 182/182/2622
f 182/182/2623 1131/1718/2624 1132/1717/2625 183/183/2626
f 183/183/2627 1132/1717/2628 1133/1716/2629 184/184/2630
f 184/184/2631 1133/1716/2632 1134/1715/2633 185/185/2634
f 185/185/2635 1134/1715/2636 1135/1714/2637 186/186/2638
f 186/186/2639 1135/1714/2640 1136/1713/2641 187/187/2642
f 187/187/2643 1136/1713/2644 1137/1712/2645 188/188/2646
f 188/188/2647 1137/1712/2648 1138/1711/2649 189/189/2650
f 189/189/2651 1138/1711/2652 1139/1710/2653 190/190/2654
f 190/190/2655 1139/1710/2656 1140/1709/2657 191/191/2658
f 191/191/2659 1140/1709/2660 1141/1708/2661 192/192/2662
f 192/192/2663 1141/1708/2664 1142/1707/2665 193/193/2666
f 193/193/2667 1142/1707/2668 1143/1706/2669 194/194/2670
f 194/194/2671 1143/1706/2672 1144/1705/2673 195/195/2674
f 195/195/2675 1144/1705/2676 1145/1704/2677 196/196/2678
f 196/196/2679 1145/1704/2680 1146/1703/2681 197/197/2682
f 197/197/2683 1146/1703/2684 1147/1702/2685 198/198/2686
f 198/198/2687 1147/1702/2688 1148/1701/2689 199/199/2690
f 199/199/2691 1148/1701/2692 1149/1700/2693 200/200/2694
f 200/200/2695 1149/1700/2696 1150/1699/2697 201/201/2698
f 201/201/2699 1150/1699/2700 1151/1698/2701 202/202/2702
f 202/202/2703 1151/1698/2704 1152/1697/2705 203/203/2706
f 203/203/2707 1152/1697/2708 1153/1696/2709 204/204/2710
f 204/204/2711 1153/1696/2712 1154/1695/2713 205/205/2714
f 205/205/2715 1154/1695/2716 1155/1694/2717 206/206/2718
f 206/206/2719 1155/1694/2720 1156/1693/2721 207/207/2722
f 207/207/2723 1156/1693/2724 1157/1692/2725 208/208/2726
f 208/208/2727 1157/1692/2728 1158/1691/2729 209/209/2730
f 209/209/2731 1158/1691/2732 1159/1690/2733 210/210/2734
f 210/210/2735 1159/1690/2736 1160/1689/2737 211/211/2738
f 211/211/2739 1160/1689/2740 1161/1688/2741 212/212/2742
f 212/212/2743 1161/1688/2744 1162/1687/2745 213/213/2746
f 213/213/2747 1162/1687/2748 1163/1686/2749 214/214/2750
f 214/214/2751 1163/1686/2752 1164/1685/2753 215/215/2754
f 215/215/2755 1164/1685/2756 1165/1684/2757 216/216/2758
f 216/216/2759 1165/1684/2760 1166/1683/2761 217/217/2762
f 217/217/2763 1166/1683/2764 1167/1682/2765 218/218/2766
f 218/218/2767 1167/1682/2768 1168/1681/2769 219/219/2770
f 219/219/2771 1168/1681/2772 1169/1680/2773 220/220/2774
f 220/220/2775 1169/1680/2776 1170/1679/2777 221/221/2778
f 221/221/2779 1170/1679/2780 1171/1678/2781 222/222/2782
f 222/222/2783 1171/1678/2784 1172/1677/2785 223/223/2786
f 223/223/2787 1172/1677/2788 1173/1676/2789 224/224/2790
f 224/224/2791 1173/1676/2792 1174/1675/2793 225/225/2794
f 225/225/2795 1174/1675/2796 1175/1674/2797 226/226/2798
f 226/226/2799 1175/1674/2800 1176/1673/2801 227/227/2802
f 227/227/2803 1176/1673/2804 1177/1672/2805 228/228/2806
f 228/228/2807 1177/1672/2808 1178/1671/2809 229/229/2810
f 229/229/2811 1178/1671/2812 1179/1670/2813 230/230/2814
f 230/230/2815 1179/1670/2816 1180/1669/2817 231/231/2818
f 231/231/2819 1180/1669/2820 1181/1668/2821 232/232/2822
f 232/232/2823 1181/1668/2824 1182/1667/2825 233/233/2826
f 233/233/2827 1182/1667/2828 1183/1666/2829 234/234/2830
f 234/234/2831 1183/1666/2832 1184/1665/2833 235/235/2834
f 235/235/2835 1184/1665/2836 1185/1664/2837 236/236/2838
f 236/236/2839 1185/1664/2840 1186/1663/2841 237/237/2842
f 237/237/2843 1186/1663/2844 1187/1662/2845 238/238/2846
f 238/238/2847 1187/1662/2848 1188/1661/2849 239/239/2850
f 239/239/2851 1188/1661/2852 1189/1660/2853 240/240/2854
f 240/240/2855 1189/1660/2856 1190/1659/2857 241/241/2858
f 241/241/2859 1190/1659/2860 1191/1658/2861 242/242/2862
f 242/242/2863 1191/1658/2864 1192/1657/2865 243/243/2866
f 243/243/2867 1192/1657/2868 1193/1656/2869 244/244/2870
f 244/244/2871 1193/1656/2872 1194/1655/2873 245/245/2874
f 245/245/2875 1194/1655/2876 1195/1654/2877 246/246/2878
f 246/246/2879 1195/1654/2880 1196/1653/2881 247/247/2882
f 247/247/2883 1196/1653/2884 1197/1652/2885 248/248/2886
f 248/248/2887 1197/1652/2888 1198/1651/2889 249/249/2890
f 249/249/2891 1198/1651/2892 1199/1650/2893 250/250/2894
f 250/250/2895 1199/1650/2896 1200/1649/2897 251/251/2898
f 251/251/2899 1200/1649/2900 1201/1648/2901 252/252/2902
f 252/252/2903 1201/1648/2904 1202/1647/2905 253/253/2906
f 253/253/2907 1202/1647/2908 1203/1646/2909 254/254/2910
f 254/254/2911 1203/1646/2912 1204/1645/2913 255/255/2914
f 255/255/2915 1204/1645/2916 1205/1644/2917 256/256/2918
f 256/256/2919 1205/1644/2920 1206/1643/2921 257/257/2922
f 257/257/2923 1206/1643/2924 1207/1642/2925 258/258/2926
f 258/258/2927 1207/1642/2928 1208/1641/2929 259/259/2930
f 259/259/2931 1208/1641/2932 1209/1640/2933 260/260/2934
f 260/260/2935 1209/1640/2936 1210/1639/2937 261/261/2938
f 261/261/2939 1210/1639/2940 1211/1638/2941 262/262/2942
f 262/262/2943 1211/1638/2944 1212/1637/2945 263/263/2946
f 263/263/2947 1212/1637/2948 1213/1636/2949 264/264/2950
f 264/264/2951 1213/1636/2952 1214/1635/2953 265/265/2954
f 265/265/2955 1214/1635/2956 1215/1634/2957 266/266/2958
f 266/266/2959 1215/1634/2960 1216/1633/2961 267/267/2962
f 267/267/2963 1216/1633/2964 1217/1632/2965 268/268/2966
f 268/268/2967 1217/1632/2968 1218/1631/2969 269/269/2970
f 269/269/2971 1218/1631/2972 1219/1630/2973 270/270/2974
f 270/270/2975 1219/1630/2976 1220/1629/2977 271/271/2978
f 271/271/2979 1220/1629/2980 1221/1628/2981 272/272/2982
f 272/272/2983 1221/1628/2984 1222/1627/2985 273/273/2986
f 273/273/2987 1222/1627/2988 1223/1626/2989 274/274/2990
f 274/274/2991 1223/1626/2992 1224/1625/2993 275/275/2994
f 275/275/2995 1224/1625/2996 1225/1624/2997 276/276/2998
f 276/276/2999 1225/1624/3000 1226/1623/3001 277/277/3002
f 277/277/3003 1226/1623/3004 1227/1622/3005 278/278/3006
f 278/278/3007 1227/1622/3008 1228/1621/3009 279/279/3010
f 279/279/3011 1228/1621/3012 1229/1620/3013 280/280/3014
f 280/280/3015 1229/1620/3016 1230/1619/3017 281/281/3018
f 281/281/3019 1230/1619/3020 1231/1618/3021 282/282/3022
f 282/282/3023 1231/1618/3024 1232/1617/3025 283/283/3026
f 283/283/3027 1232/1617/3028 1233/1616/3029 284/284/3030
f 284/284/3031 1233/1616/3032 1234/1615/3033 285/285/3034
f 285/285/3035 1234/1615/3036 1235/1614/3037 286/286/3038
f 286/286/3039 1235/1614/3040 1236/1613/3041 287/287/3042
f 287/287/3043 1236/1613/3044 1237/1612/3045 288/288/3046
f 288/288/3047 1237/1612/3048 1238/1611/3049 289/289/3050
f 289/289/3051 1238/1611/3052 1239/1610/3053 290/290/3054
f 290/290/3055 1239/1610/3056 1240/1609/3057 291/291/3058
f 291/291/3059 1240/1609/3060 1241/1608/3061 292/292/3062
f 292/292/3063 1241/1608/3064 1242/1607/3065 293/293/3066
f 293/293/3067 1242/1607/3068 1243/1606/3069 294/294/3070
f 294/294/3071 1243/1606/3072 1244/1605/3073 295/295/3074
f 295/295/3075 1244/1605/3076 1245/1604/3077 296/296/3078
f 296/296/3079 1245/1604/3080 1246/1603/3081 297/297/3082
f 297/297/3083 1246/1603/3084 1247/1602/3085 298/298/3086
f 298/298/3087 1247/1602/3088 1248/1601/3089 299/299/3090
f 299/299/3091 1248/1601/3092 1249/1600/3093 300/300/3094
f 300/300/3095 1249/1600/3096 1250/1599/3097 301/301/3098
f 301/301/3099 1250/1599/3100 1251/1598/3101 302/302/3102
f 302/302/3103 1251/1598/3104 1252/1597/3105 303/303/3106
f 303/303/3107 1252/1597/3108 1253/1596/3109 304/304/3110
f 304/304/3111 1253/1596/3112 1254/1595/3113 305/305/3114
f 305/305/3115 1254/1595/3116 1255/1594/3117 306/306/3118
f 306/306/3119 1255/1594/3120 1256/1593/3121 307/307/3122
f 307/307/3123 1256/1593/3124 1257/1592/3125 308/308/3126
f 308/308/3127 1257/1592/3128 1258/1591/3129 309/309/3130
f 309/309/3131 1258/1591/3132 1259/1590/3133 310/310/3134
f 310/310/3135 1259/1590/3136 1260/1589/3137 311/311/3138
f 311/311/3139 1260/1589/3140 1261/1588/3141 312/312/3142
f 312/312/3143 1261/1588/3144 1262/1587/3145 313/313/3146
f 313/313/3147 1262/1587/3148 1263/1586/3149 314/314/3150
f 314/314/3151 1263/1586/3152 1264/1585/3153 315/315/3154
f 315/315/3155 1264/1585/3156 1265/1584/3157 316/316/3158
f 316/316/3159 1265/1584/3160 1266/1583/3161 317/317/3162
f 317/317/3163 1266/1583/3164 1267/1582/3165 318/318/3166
f 318/318/3167 1267/1582/3168 1268/1581/3169 319/319/3170
f 319/319/3171 1268/1581/3172 1269/1580/3173 320/320/3174
f 320/320/3175 1269/1580/3176 1270/1579/3177 321/321/3178
f 321/321/3179 1270/1579/3180 1271/1578/3181 322/322/3182
f 322/322/3183 1271/1578/3184 1272/1577/3185 323/323/3186
f 323/323/3187 1272/1577/3188 1273/1576/3189 324/324/3190
f 324/324/3191 1273/1576/3192 1274/1575/3193 325/325/3194
f 325/325/3195 1274/1575/3196 1275/1574/3197 326/326/3198
f 326/326/3199 1275/1574/3200 1276/1573/3201 327/327/3202
f 327/327/3203 1276/1573/3204 1277/1572/3205 328/328/3206
f 328/328/3207 1277/1572/3208 1278/1571/3209 329/329/3210
f 329/329/3211 1278/1571/3212 1279/1570/3213 330/330/3214
f 330/330/3215 1279/1570/3216 1280/1569/3217 331/331/3218
f 331/331/3219 1280/1569/3220 1281/1568/3221 332/332/3222
f 332/332/3223 1281/1568/3224 1282/1567/3225 333/333/3226
f 333/333/3227 1282/1567/3228 1283/1566/3229 334/334/3230
f 334/334/3231 1283/1566/3232 1284/1565/3233 335/335/3234
f 335/335/3235 1284/1565/3236 1285/1564/3237 336/336/3238
f 336/336/3239 1285/1564/3240 1286/1563/3241 337/337/3242
f 337/337/3243 1286/1563/3244 1287/1562/3245 338/338/3246
f 338/338/3247 1287/1562/3248 1288/1561/3249 339/339/3250
f 339/339/3251 1288/1561/3252 1289/1560/3253 340/340/3254
f 340/340/3255 1289/1560/3256 1290/1559/3257 341/341/3258
f 341/341/3259 1290/1559/3260 1291/1558/3261 342/342/3262
f 342/342/3263 1291/1558/3264 1292/1557/3265 343/343/3266
f 343/343/3267 1292/1557/3268 1293/1556/3269 344/344/3270
f 344/344/3271 1293/1556/3272 1294/1555/3273 345/345/3274
f 345/345/3275 1294/1555/3276 1295/1554/3277 346/346/3278
f 346/346/3279 1295/1554/3280 1296/1553/3281 347/347/3282
f 347/347/3283 1296/1553/3284 1297/1552/3285 348/348/3286
f 348/348/3287 1297/1552/3288 1298/1551/3289 349/349/3290
f 349/349/3291 1298/1551/3292 1299/1550/3293 350/350/3294
f 350/350/3295 1299/1550/3296 1300/1549/3297 351/351/3298
f 351/351/3299 1300/1549/3300 1301/1548/3301 352/352/3302
f 352/352/3303 1301/1548/3304 1302/1547/3305 353/353/3306
f 353/353/3307 1302/1547/3308 1303/1546/3309 354/354/3310
f 354/354/3311 1303/1546/3312 1304/1545/3313 355/355/3314
f 355/355/3315 1304/1545/3316 1305/1544/3317 356/356/3318
f 356/356/3319 1305/1544/3320 1306/1543/3321 357/357/3322
f 357/357/3323 1306/1543/3324 1307/1542/3325 358/358/3326
f 358/358/3327 1307/1542/3328 1308/1541/3329 359/359/3330
f 359/359/3331 1308/1541/3332 1309/1540/3333 360/360/3334
f 360/360/3335 1309/1540/3336 1310/1539/3337 361/361/3338
f 361/361/3339 1310/1539/3340 1311/1538/3341 362/362/3342
f 362/362/3343 1311/1538/3344 1312/1537/3345 363/363/3346
f 363/363/3347 1312/1537/3348 1313/1536/3349 364/364/3350
f 364/364/3351 1313/1536/3352 1314/1535/3353 365/365/3354
f 365/365/3355 1314/1535/3356 1315/1534/3357 366/366/3358
f 366/366/3359 1315/1534/3360 1316/1533/3361 367/367/3362
f 367/367/3363 1316/1533/3364 1317/1532/3365 368/368/3366
f 368/368/3367 1317/1532/3368 1318/1531/3369 369/369/3370
f 369/369/3371 1318/1531/3372 1319/1530/3373 370/370/3374
f 370/370/3375 1319/1530/3376 1320/1529/3377 371/371/3378
f 371/371/3379 1320/1529/3380 1321/1528/3381 372/372/3382
f 372/372/3383 1321/1528/3384 1322/1527/3385 373/373/3386
f 373/373/3387 1322/1527/3388 1323/1526/3389 374/374/3390
f 374/374/3391 1323/1526/3392 1324/1525/3393 375/375/3394
f 375/375/3395 1324/1525/3396 1325/1524/3397 376/376/3398
f 376/376/3399 1325/1524/3400 1326/1523/3401 377/377/3402
f 377/377/3403 1326/1523/3404 1327/1522/3405 378/378/3406
f 378/378/3407 1327/1522/3408 1328/1521/3409 379/379/3410
f 379/379/3411 1328/1521/3412 1329/1520/3413 380/380/3414
f 380/380/3415 1329/1520/3416 1330/1519/3417 381/381/3418
f 381/381/3419 1330/1519/3420 1331/1518/3421 382/382/3422
f 382/382/3423 1331/1518/3424 1332/1517/3425 383/383/3426
f 383/383/3427 1332/1517/3428 1333/1516/3429 384/384/3430
f 384/384/3431 1333/1516/3432 1334/1515/3433 385/385/3434
f 385/385/3435 1334/1515/3436 1335/1514/3437 386/386/3438
f 386/386/3439 1335/1514/3440 1336/1513/3441 387/387/3442
f 387/387/3443 1336/1513/3444 1337/1512/3445 388/388/3446
f 388/388/3447 1337/1512/3448 1338/1511/3449 389/389/3450
f 389/389/3451 1338/1511/3452 1339/1510/3453 390/390/3454
f 390/390/3455 1339/1510/3456 1340/1509/3457 391/391/3458
f 391/391/3459 1340/1509/3460 1341/1508/3461 392/392/3462
f 392/392/3463 1341/1508/3464 1342/1507/3465 393/393/3466
f 393/393/3467 1342/1507/3468 1343/1506/3469 394/394/3470
f 394/394/3471 1343/1506/3472 1344/1505/3473 395/395/3474
f 395/395/3475 1344/1505/3476 1345/1504/3477 396/396/3478
f 396/396/3479 1345/1504/3480 1346/1503/3481 397/397/3482
f 397/397/3483 1346/1503/3484 1347/1502/3485 398/398/3486
f 398/398/3487 1347/1502/3488 1348/1501/3489 399/399/3490
f 399/399/3491 1348/1501/3492 1349/1500/3493 400/400/3494
f 400/400/3495 1349/1500/3496 1350/1499/3497 401/401/3498
f 401/401/3499 1350/1499/3500 1351/1498/3501 402/402/3502
f 402/402/3503 1351/1498/3504 1352/1497/3505 403/403/3506
f 403/403/3507 1352/1497/3508 1353/1496/3509 404/404/3510
f 404/404/3511 1353/1496/3512 1354/1495/3513 405/405/3514
f 405/405/3515 1354/1495/3516 1355/1494/3517 406/406/3518
f 406/406/3519 1355/1494/3520 1356/1493/3521 407/407/3522
f 407/407/3523 1356/1493/3524 1357/1492/3525 408/408/3526
f 408/408/3527 1357/1492/3528 1358/1491/3529 409/409/3530
f 409/409/3531 1358/1491/3532 1359/1490/3533 410/410/3534
f 410/410/3535 1359/1490/3536 1360/1489/3537 411/411/3538
f 411/411/3539 1360/1489/3540 1361/1488/3541 412/412/3542
f 412/412/3543 1361/1488/3544 1362/1487/3545 413/413/3546
f 413/413/3547 1362/1487/3548 1363/1486/3549 414/414/3550
f 414/414/3551 1363/1486/3552 1364/1485/3553 415/415/3554
f 415/415/3555 1364/1485/3556 1365/1484/3557 416/416/3558
f 416/416/3559 1365/1484/3560 1366/1483/3561 417/417/3562
f 417/417/3563 1366/1483/3564 1367/1482/3565 418/418/3566
f 418/418/3567 1367/1482/3568 1368/1481/3569 419/419/3570
f 419/419/3571 1368/1481/3572 1369/1480/3573 420/420/3574
f 420/420/3575 1369/1480/3576 1370/1479/3577 421/421/3578
f 421/421/3579 1370/1479/3580 1371/1478/3581 422/422/3582
f 422/422/3583 1371/1478/3584 1372/1477/3585 423/423/3586
f 423/423/3587 1372/1477/3588 1373/1476/3589 424/424/3590
f 424/424/3591 1373/1476/3592 1374/1475/3593 425/425/3594
f 425/425/3595 1374/1475/3596 1375/1474/3597 426/426/3598
f 426/426/3599 1375/1474/3600 1376/1473/3601 427/427/3602
f 427/427/3603 1376/1473/3604 1377/1472/3605 428/428/3606
f 428/428/3607 1377/1472/3608 1378/1471/3609 429/429/3610
f 429/429/3611 1378/1471/3612 1379/1470/3613 430/430/3614
f 430/430/3615 1379/1470/3616 1380/1469/3617 431/431/3618
f 431/431/3619 1380/1469/3620 1381/1468/3621 432/432/3622
f 432/432/3623 1381/1468/3624 1382/1467/3625 433/433/3626
f 433/433/3627 1382/1467/3628 1383/1466/3629 434/434/3630
f 434/434/3631 1383/1466/3632 1384/1465/3633 435/435/3634
f 435/435/3635 1384/1465/3636 1385/1464/3637 436/436/3638
f 436/436/3639 1385/1464/3640 1386/1463/3641 437/437/3642
f 437/437/3643 1386/1463/3644 1387/1462/3645 438/438/3646
f 438/438/3647 1387/1462/3648 1388/1461/3649 439/439/3650
f 439/439/3651 1388/1461/3652 1389/1460/3653 440/440/3654
f 440/440/3655 1389/1460/3656 1390/1459/3657 441/441/3658
f 441/441/3659 1390/1459/3660 1391/1458/3661 442/442/3662
f 442/442/3663 1391/1458/3664 1392/1457/3665 443/443/3666
f 443/443/3667 1392/1457/3668 1393/1456/3669 444/444/3670
f 444/444/3671 1393/1456/3672 1394/1455/3673 445/445/3674
f 445/445/3675 1394/1455/3676 1395/1454/3677 446/446/3678
f 446/446/3679 1395/1454/3680 1396/1453/3681 447/447/3682
f 447/447/3683 1396/1453/3684 1397/1452/3685 448/448/3686
f 448/448/3687 1397/1452/3688 1398/1451/3689 449/449/3690
f 449/449/3691 1398/1451/3692 1399/1450/3693 450/450/3694
f 450/450/3695 1399/1450/3696 1400/1449/3697 451/451/3698
f 451/451/3699 1400/1449/3700 1401/1448/3701 452/452/3702
f 452/452/3703 1401/1448/3704 1402/1447/3705 453/453/3706
f 453/453/3707 1402/1447/3708 1403/1446/3709 454/454/3710
f 454/454/3711 1403/1446/3712 1404/1445/3713 455/455/3714
f 455/455/3715 1404/1445/3716 1405/1444/3717 456/456/3718
f 456/456/3719 1405/1444/3720 1406/1443/3721 457/457/3722
f 457/457/3723 1406/1443/3724 1407/1442/3725 458/458/3726
f 458/458/3727 1407/1442/3728 1408/1441/3729 459/459/3730
f 459/459/3731 1408/1441/3732 1409/1440/3733 460/460/3734
f 460/460/3735 1409/1440/3736 1410/1439/3737 461/461/3738
f 461/461/3739 1410/1439/3740 1411/1438/3741 462/462/3742
f 462/462/3743 1411/1438/3744 1412/1437/3745 463/463/3746
f 463/463/3747 1412/1437/3748 1413/1436/3749 464/464/3750
f 464/464/3751 1413/1436/3752 1414/1435/3753 465/465/3754
f 465/465/3755 1414/1435/3756 1415/1434/3757 466/466/3758
f 466/466/3759 1415/1434/3760 1416/1433/3761 467/467/3762
f 467/467/3763 1416/1433/3764 1417/1432/3765 468/468/3766
f 468/468/3767 1417/1432/3768 1418/1431/3769 469/469/3770
f 469/469/3771 1418/1431/3772 1419/1430/3773 470/470/3774
f 470/470/3775 1419/1430/3776 1420/1429/3777 471/471/3778
f 471/471/3779 1420/1429/3780 1421/1428/3781 472/472/3782
f 472/472/3783 1421/1428/3784 1422/1427/3785 473/473/3786
f 473/473/3787 1422/1427/3788 1423/1426/3789 474/474/3790
f 474/474/3791 1423/1426/3792 1424/1425/3793 475/475/3794
f 475/475/3795 1424/1425/3796 1425/1424/3797 476/476/3798
f 476/476/3799 1425/1424/3800 1426/1423/3801 477/477/3802
f 477/477/3803 1426/1423/3804 1427/1422/3805 478/478/3806
f 478/478/3807 1427/1422/3808 1428/1421/3809 479/479/3810
f 479/479/3811 1428/1421/3812 1429/1420/3813 480/480/3814
f 480/480/3815 1429/1420/3816 1430/1419/3817 481/481/3818
f 481/481/3819 1430/1419/3820 1431/1418/3821 482/482/3822
f 482/482/3823 1431/1418/3824 1432/1417/3825 483/483/3826
f 483/483/3827 1432/1417/3828 1433/1416/3829 484/484/3830
f 484/484/3831 1433/1416/3832 1434/1415/3833 485/485/3834
f 485/485/3835 1434/1415/3836 1435/1414/3837 486/486/3838
f 486/486/3839 1435/1414/3840 1436/1413/3841 487/487/3842
f 487/487/3843 1436/1413/3844 1437/1412/3845 488/488/3846
f 488/488/3847 1437/1412/3848 1438/1411/3849 489/489/3850
f 489/489/3851 1438/1411/3852 1439/1410/3853 490/490/3854
f 490/490/3855 1439/1410/3856 1440/1409/3857 491/491/3858
f 491/491/3859 1440/1409/3860 1441/1408/3861 492/492/3862
f 492/492/3863 1441/1408/3864 1442/1407/3865 493/493/3866
f 493/493/3867 1442/1407/3868 1443/1406/3869 494/494/3870
f 494/494/3871 1443/1406/3872 1444/1405/3873 495/495/3874
f 495/495/3875 1444/1405/3876 1445/1404/3877 496/496/3878
f 496/496/3879 1445/1404/3880 1446/1403/3881 497/497/3882
f 497/497/3883 1446/1403/3884 1447/1402/3885 498/498/3886
f 498/498/3887 1447/1402/3888 1448/1401/3889 499/499/3890
f 499/499/3891 1448/1401/3892 1449/1400/3893 500/500/3894
f 500/500/3895 1449/1400/3896 1450/1399/3897 501/501/3898
f 501/501/3899 1450/1399/3900 1451/1398/3901 502/502/3902
f 502/502/3903 1451/1398/3904 1452/1397/3905 503/503/3906
f 503/503/3907 1452/1397/3908 1453/1396/3909 504/504/3910
f 504/504/3911 1453/1396/3912 1454/1395/3913 505/505/3914
f 505/505/3915 1454/1395/3916 1455/1394/3917 506/506/3918
f 506/506/3919 1455/1394/3920 1456/1393/3921 507/507/3922
f 507/507/3923 1456/1393/3924 1457/1392/3925 508/508/3926
f 508/508/3927 1457/1392/3928 1458/1391/3929 509/509/3930
f 509/509/3931 1458/1391/3932 1459/1390/3933 510/510/3934
f 510/510/3935 1459/1390/3936 1460/1389/3937 511/511/3938
f 511/511/3939 1460/1389/3940 1461/1388/3941 512/512/3942
f 512/512/3943 1461/1388/3944 1462/1387/3945 513/513/3946
f 513/513/3947 1462/1387/3948 1463/1386/3949 514/514/3950
f 514/514/3951 1463/1386/3952 1464/1385/3953 515/515/3954
f 515/515/3955 1464/1385/3956 1465/1384/3957 516/516/3958
f 516/516/3959 1465/1384/3960 1466/1383/3961 517/517/3962
f 517/517/3963 1466/1383/3964 1467/1382/3965 518/518/3966
f 518/518/3967 1467/1382/3968 1468/1381/3969 519/519/3970
f 519/519/3971 1468/1381/3972 1469/1380/3973 520/520/3974
f 520/520/3975 1469/1380/3976 1470/1379/3977 521/521/3978
f 521/521/3979 1470/1379/3980 1471/1378/3981 522/522/3982
f 522/522/3983 1471/1378/3984 1472/1377/3985 523/523/3986
f 523/523/3987 1472/1377/3988 1473/1376/3989 524/524/3990
f 524/524/3991 1473/1376/3992 1474/1375/3993 525/525/3994
f 525/525/3995 1474/1375/3996 1475/1374/3997 526/526/3998
f 526/526/3999 1475/1374/4000 1476/1373/4001 527/527/4002
f 527/527/4003 1476/1373/4004 1477/1372/4005 528/528/4006
f 528/528/4007 1477/1372/4008 1478/1371/4009 529/529/4010
f 529/529/4011 1478/1371/4012 1479/1370/4013 530/530/4014
f 530/530/4015 1479/1370/4016 1480/1369/4017 531/531/4018
f 531/531/4019 1480/1369/4020 1481/1368/4021 532/532/4022
f 532/532/4023 1481/1368/4024 1482/1367/4025 533/533/4026
f 533/533/4027 1482/1367/4028 1483/1366/4029 534/534/4030
f 534/534/4031 1483/1366/4032 1484/1365/4033 535/535/4034
f 535/535/4035 1484/1365/4036 1485/1364/4037 536/536/4038
f 536/536/4039 1485/1364/4040 1486/1363/4041 537/537/4042
f 537/537/4043 1486/1363/4044 1487/1362/4045 538/538/4046
f 538/538/4047 1487/1362/4048 1488/1361/4049 539/539/4050
f 539/539/4051 1488/1361/4052 1489/1360/4053 540/540/4054
f 540/540/4055 1489/1360/4056 1490/1359/4057 541/541/4058
f 541/541/4059 1490/1359/4060 1491/1358/4061 542/542/4062
f 542/542/4063 1491/1358/4064 1492/1357/4065 543/543/4066
f 543/543/4067 1492/1357/4068 1493/1356/4069 544/544/4070
f 544/544/4071 1493/1356/4072 1494/1355/4073 545/545/4074
f 545/545/4075 1494/1355/4076 1495/1354/4077 546/546/4078
f 546/546/4079 1495/1354/4080 1496/1353/4081 547/547/4082
f 547/547/4083 1496/1353/4084 1497/1352/4085 548/548/4086
f 548/548/4087 1497/1352/4088 1498/1351/4089 549/549/4090
f 549/549/4091 1498/1351/4092 1499/1350/4093 550/550/4094
f 550/550/4095 1499/1350/4096 1500/1349/4097 551/551/4098
f 551/551/4099 1500/1349/4100 1501/1348/4101 552/552/4102
f 552/552/4103 1501/1348/4104 1502/1347/4105 553/553/4106
f 553/553/4107 1502/1347/4108 1503/1346/4109 554/554/4110
f 554/554/4111 1503/1346/4112 1504/1345/4113 555/555/4114
f 555/555/4115 1504/1345/4116 1505/1344/4117 556/556/4118
f 556/556/4119 1505/1344/4120 1506/1343/4121 557/557/4122
f 557/557/4123 1506/1343/4124 1507/1342/4125 558/558/4126
f 558/558/4127 1507/1342/4128 1508/1341/4129 559/559/4130
f 559/559/4131 1508/1341/4132 1509/1340/4133 560/560/4134
f 560/560/4135 1509/1340/4136 1510/1339/4137 561/561/4138
f 561/561/4139 1510/1339/4140 1511/1338/4141 562/562/4142
f 562/562/4143 1511/1338/4144 1512/1337/4145 563/563/4146
f 563/563/4147 1512/1337/4148 1513/1336/4149 564/564/4150
f 564/564/4151 1513/1336/4152 1514/1335/4153 565/565/4154
f 565/565/4155 1514/1335/4156 1515/1334/4157 566/566/4158
f 566/566/4159 1515/1334/4160 1516/1333/4161 567/567/4162
f 567/567/4163 1516/1333/4164 1517/1332/4165 568/568/4166
f 568/568/4167 1517/1332/4168 1518/1331/4169 569/569/4170
f 569/569/4171 1518/1331/4172 1519/1330/4173 570/570/4174
f 570/570/4175 1519/1330/4176 1520/1329/4177 571/571/4178
f 571/571/4179 1520/1329/4180 1521/1328/4181 572/572/4182
f 572/572/4183 1521/1328/4184 1522/1327/4185 573/573/4186
f 573/573/4187 1522/1327/4188 1523/1326/4189 574/574/4190
f 574/574/4191 1523/1326/4192 1524/1325/4193 575/575/4194
f 575/575/4195 1524/1325/4196 1525/1324/4197 576/576/4198
f 576/576/4199 1525/1324/4200 1526/1323/4201 577/577/4202
f 577/577/4203 1526/1323/4204 1527/1322/4205 578/578/4206
f 578/578/4207 1527/1322/4208 1528/1321/4209 579/579/4210
f 579/579/4211 1528/1321/4212 1529/1320/4213 580/580/4214
f 580/580/4215 1529/1320/4216 1530/1319/4217 581/581/4218
f 581/581/4219 1530/1319/4220 1531/1318/4221 582/582/4222
f 582/582/4223 1531/1318/4224 1532/1317/4225 583/583/4226
f 583/583/4227 1532/1317/4228 1533/1316/4229 584/584/4230
f 584/584/4231 1533/1316/4232 1534/1315/4233 585/585/4234
f 585/585/4235 1534/1315/4236 1535/1314/4237 586/586/4238
f 586/586/4239 1535/1314/4240 1536/1313/4241 587/587/4242
f 587/587/4243 1536/1313/4244 1537/1312/4245 588/588/4246
f 588/588/4247 1537/1312/4248 1538/1311/4249 589/589/4250
f 589/589/4251 1538/1311/4252 1539/1310/4253 590/590/4254
f 590/590/4255 1539/1310/4256 1540/1309/4257 591/591/4258
f 591/591/4259 1540/1309/4260 1541/1308/4261 592/592/4262
f 592/592/4263 1541/1308/4264 1542/1307/4265 593/593/4266
f 593/593/4267 1542/1307/4268 1543/1306/4269 594/594/4270
f 594/594/4271 1543/1306/4272 1544/1305/4273 595/595/4274
f 595/595/4275 1544/1305/4276 1545/1304/4277 596/596/4278
f 596/596/4279 1545/1304/4280 1546/1303/4281 597/597/4282
f 597/597/4283 1546/1303/4284 1547/1302/4285 598/598/4286
f 598/598/4287 1547/1302/4288 1548/1301/4289 599/599/4290
f 599/599/4291 1548/1301/4292 1549/1300/4293 600/600/4294
f 600/600/4295 1549/1300/4296 1550/1299/4297 601/601/4298
f 601/601/4299 1550/1299/4300 1551/1298/4301 602/602/4302
f 602/602/4303 1551/1298/4304 1552/1297/4305 603/603/4306
f 603/603/4307 1552/1297/4308 1553/1296/4309 604/604/4310
f 604/604/4311 1553/1296/4312 1554/1295/4313 605/605/4314
f 605/605/4315 1554/1295/4316 1555/1294/4317 606/606/4318
f 606/606/4319 1555/1294/4320 1556/1293/4321 607/607/4322
f 607/607/4323 1556/1293/4324 1557/1292/4325 608/608/4326
f 608/608/4327 1557/1292/4328 1558/1291/4329 609/609/4330
f 609/609/4331 1558/1291/4332 1559/1290/4333 610/610/4334
f 610/610/4335 1559/1290/4336 1560/1289/4337 611/611/4338
f 611/611/4339 1560/1289/4340 1561/1288/4341 612/612/4342
f 612/612/4343 1561/1288/4344 1562/1287/4345 613/613/4346
f 613/613/4347 1562/1287/4348 1563/1286/4349 614/614/4350
f 614/614/4351 1563/1286/4352 1564/1285/4353 615/615/4354
f 615/615/4355 1564/1285/4356 1565/1284/4357 616/616/4358
f 616/616/4359 1565/1284/4360 1566/1283/4361 617/617/4362
f 617/617/4363 1566/1283/4364 1567/1282/4365 618/618/4366
f 618/618/4367 1567/1282/4368 1568/1281/4369 619/619/4370
f 619/619/4371 1568/1281/4372 1569/1280/4373 620/620/4374
f 620/620/4375 1569/1280/4376 1570/1279/4377 621/621/4378
f 621/621/4379 1570/1279/4380 1571/1278/4381 622/622/4382
f 622/622/4383 1571/1278/4384 1572/1277/4385 623/623/4386
f 623/623/4387 1572/1277/4388 1573/1276/4389 624/624/4390
f 624/624/4391 1573/1276/4392 1574/1275/4393 625/625/4394
f 625/625/4395 1574/1275/4396 1575/1274/4397 626/626/4398
f 626/626/4399 1575/1274/4400 1576/1273/4401 627/627/4402
f 627/627/4403 1576/1273/4404 1577/1272/4405 628/628/4406
f 628/628/4407 1577/1272/4408 1578/1271/4409 629/629/4410
f 629/629/4411 1578/1271/4412 1579/1270/4413 630/630/4414
f 630/630/4415 1579/1270/4416 1580/1269/4417 631/631/4418
f 631/631/4419 1580/1269/4420 1581/1268/4421 632/632/4422
f 632/632/4423 1581/1268/4424 1582/1267/4425 633/633/4426
f 633/633/4427 1582/1267/4428 1583/1266/4429 634/634/4430
f 634/634/4431 1583/1266/4432 1584/1265/4433 635/635/4434
f 635/635/4435 1584/1265/4436 1585/1264/4437 636/636/4438
f 636/636/4439 1585/1264/4440 1586/1263/4441 637/637/4442
f 637/637/4443 1586/1263/4444 1587/1262/4445 638/638/4446
f 638/638/4447 1587/1262/4448 1588/1261/4449 639/639/4450
f 639/639/4451 1588/1261/4452 1589/1260/4453 640/640/4454
f 640/640/4455 1589/1260/4456 1590/1259/4457 641/641/4458
f 641/641/4459 1590/1259/4460 1591/1258/4461 642/642/4462
f 642/642/4463 1591/1258/4464 1592/1257/4465 643/643/4466
f 643/643/4467 1592/1257/4468 1593/1256/4469 644/644/4470
f 644/644/4471 1593/1256/4472 1594/1255/4473 645/645/4474
f 645/645/4475 1594/1255/4476 1595/1254/4477 646/646/4478
f 646/646/4479 1595/1254/4480 1596/1253/4481 647/647/4482
f 647/647/4483 1596/1253/4484 1597/1252/4485 648/648/4486
f 648/648/4487 1597/1252/4488 1598/1251/4489 649/649/4490
f 649/649/4491 1598/1251/4492 1599/1250/4493 650/650/4494
f 650/650/4495 1599/1250/4496 1600/1249/4497 651/651/4498
f 651/651/4499 1600/1249/4500 1601/1248/4501 652/652/4502
f 652/652/4503 1601/1248/4504 1602/1247/4505 653/653/4506
f 653/653/4507 1602/1247/4508 1603/1246/4509 654/654/4510
f 654/654/4511 1603/1246/4512 1604/1245/4513 655/655/4514
f 655/655/4515 1604/1245/4516 1605/1244/4517 656/656/4518
f 656/656/4519 1605/1244/4520 1606/1243/4521 657/657/4522
f 657/657/4523 1606/1243/4524 1607/1242/4525 658/658/4526
f 658/658/4527 1607/1242/4528 1608/1241/4529 659/659/4530
f 659/659/4531 1608/1241/4532 1609/1240/4533 660/660/4534
f 660/660/4535 1609/1240/4536 1610/1239/4537 661/661/4538
f 661/661/4539 1610/1239/4540 1611/1238/4541 662/662/4542
f 662/662/4543 1611/1238/4544 1612/1237/4545 663/663/4546
f 663/663/4547 1612/1237/4548 1613/1236/4549 664/664/4550
f 664/664/4551 1613/1236/4552 1614/1235/4553 665/665/4554
f 665/665/4555 1614/1235/4556 1615/1234/4557 666/666/4558
f 666/666/4559 1615/1234/4560 1616/1233/4561 667/667/4562
f 667/667/4563 1616/1233/4564 1617/1232/4565 668/668/4566
f 668/668/4567 1617/1232/4568 1618/1231/4569 669/669/4570
f 669/669/4571 1618/1231/4572 1619/1230/4573 670/670/4574
f 670/670/4575 1619/1230/4576 1620/1229/4577 671/671/4578
f 671/671/4579 1620/1229/4580 1621/1228/4581 672/672/4582
f 672/672/4583 1621/1228/4584 1622/1227/4585 673/673/4586
f 673/673/4587 1622/1227/4588 1623/1226/4589 674/674/4590
f 674/674/4591 1623/1226/4592 1624/1225/4593 675/675/4594
f 675/675/4595 1624/1225/4596 1625/1224/4597 676/676/4598
f 676/676/4599 1625/1224/4600 1626/1223/4601 677/677/4602
f 677/677/4603 1626/1223/4604 1627/1222/4605 678/678/4606
f 678/678/4607 1627/1222/4608 1628/1221/4609 679/679/4610
f 679/679/4611 1628/1221/4612 1629/1220/4613 680/680/4614
f 680/680/4615 1629/1220/4616 1630/1219/4617 681/681/4618
f 681/681/4619 1630/1219/4620 1631/1218/4621 682/682/4622
f 682/682/4623 1631/1218/4624 1632/1217/4625 683/683/4626
f 683/683/4627 1632/1217/4628 1633/1216/4629 684/684/4630
f 684/684/4631 1633/1216/4632 1634/1215/4633 685/685/4634
f 685/685/4635 1634/1215/4636 1635/1214/4637 686/686/4638
f 686/686/4639 1635/1214/4640 1636/1213/4641 687/687/4642
f 687/687/4643 1636/1213/4644 1637/1212/4645 688/688/4646
f 688/688/4647 1637/1212/4648 1638/1211/4649 689/689/4650
f 689/689/4651 1638/1211/4652 1639/1210/4653 690/690/4654
f 690/690/4655 1639/1210/4656 1640/1209/4657 691/691/4658
f 691/691/4659 1640/1209/4660 1641/1208/4661 692/692/4662
f 692/692/4663 1641/1208/4664 1642/1207/4665 693/693/4666
f 693/693/4667 1642/1207/4668 1643/1206/4669 694/694/4670
f 694/694/4671 1643/1206/4672 1644/1205/4673 695/695/4674
f 695/695/4675 1644/1205/4676 1645/1204/4677 696/696/4678
f 696/696/4679 1645/1204/4680 1646/1203/4681 697/697/4682
f 697/697/4683 1646/1203/4684 1647/1202/4685 698/698/4686
f 698/698/4687 1647/1202/4688 1648/1201/4689 699/699/4690
f 699/699/4691 1648/1201/4692 1649/1200/4693 700/700/4694
f 700/700/4695 1649/1200/4696 1650/1199/4697 701/701/4698
f 701/701/4699 1650/1199/4700 1651/1198/4701 702/702/4702
f 702/702/4703 1651/1198/4704 1652/1197/4705 703/703/4706
f 703/703/4707 1652/1197/4708 1653/1196/4709 704/704/4710
f 704/704/4711 1653/1196/4712 1654/1195/4713 705/705/4714
f 705/705/4715 1654/1195/4716 1655/1194/4717 706/706/4718
f 706/706/4719 1655/1194/4720 1656/1193/4721 707/707/4722
f 707/707/4723 1656/1193/4724 1657/1192/4725 708/708/4726
f 708/708/4727 1657/1192/4728 1658/1191/4729 709/709/4730
f 709/709/4731 1658/1191/4732 1659/1190/4733 710/710/4734
f 710/710/4735 1659/1190/4736 1660/1189/4737 711/711/4738
f 711/711/4739 1660/1189/4740 1661/1188/4741 712/712/4742
f 712/712/4743 1661/1188/4744 1662/1187/4745 713/713/4746
f 713/713/4747 1662/1187/4748 1663/1186/4749 714/714/4750
f 714/714/4751 1663/1186/4752 1664/1185/4753 715/715/4754
f 715/715/4755 1664/1185/4756 1665/1184/4757 716/716/4758
f 716/716/4759 1665/1184/4760 1666/1183/4761 717/717/4762
f 717/717/4763 1666/1183/4764 1667/1182/4765 718/718/4766
f 718/718/4767 1667/1182/4768 1668/1181/4769 719/719/4770
f 719/719/4771 1668/1181/4772 1669/1180/4773 720/720/4774
f 720/720/4775 1669/1180/4776 1670/1179/4777 721/721/4778
f 721/721/4779 1670/1179/4780 1671/1178/4781 722/722/4782
f 722/722/4783 1671/1178/4784 1672/1177/4785 723/723/4786
f 723/723/4787 1672/1177/4788 1673/1176/4789 724/724/4790
f 724/724/4791 1673/1176/4792 1674/1175/4793 725/725/4794
f 725/725/4795 1674/1175/4796 1675/1174/4797 726/726/4798
f 726/726/4799 1675/1174/4800 1676/1173/4801 727/727/4802
f 727/727/4803 1676/1173/4804 1677/1172/4805 728/728/4806
f 728/728/4807 1677/1172/4808 1678/1171/4809 729/729/4810
f 729/729/4811 1678/1171/4812 1679/1170/4813 730/730/4814
f 730/730/4815 1679/1170/4816 1680/1169/4817 731/731/4818
f 731/731/4819 1680/1169/4820 1681/1168/4821 732/732/4822
f 732/732/4823 1681/1168/4824 1682/1167/4825 733/733/4826
f 733/733/4827 1682/1167/4828 1683/1166/4829 734/734/4830
f 734/734/4831 1683/1166/4832 1684/1165/4833 735/735/4834
f 735/735/4835 1684/1165/4836 1685/1164/4837 736/736/4838
f 736/736/4839 1685/1164/4840 1686/1163/4841 737/737/4842
f 737/737/4843 1686/1163/4844 1687/1162/4845 738/738/4846
f 738/738/4847 1687/1162/4848 1688/1161/4849 739/739/4850
f 739/739/4851 1688/1161/4852 1689/1160/4853 740/740/4854
f 740/740/4855 1689/1160/4856 1690/1159/4857 741/741/4858
f 741/741/4859 1690/1159/4860 1691/1158/4861 742/742/4862
f 742/742/4863 1691/1158/4864 1692/1157/4865 743/743/4866
f 743/743/4867 1692/1157/4868 1693/1156/4869 744/744/4870
f 744/744/4871 1693/1156/4872 1694/1155/4873 745/745/4874
f 745/745/4875 1694/1155/4876 1695/1154/4877 746/746/4878
f 746/746/4879 1695/1154/4880 1696/1153/4881 747/747/4882
f 747/747/4883 1696/1153/4884 1697/1152/4885 748/748/4886
f 748/748/4887 1697/1152/4888 1698/1151/4889 749/749/4890
f 749/749/4891 1698/1151/4892 1699/1150/4893 750/750/4894
f 750/750/4895 1699/1150/4896 1700/1149/4897 751/751/4898
f 751/751/4899 1700/1149/4900 1701/1148/4901 752/752/4902
f 752/752/4903 1701/1148/4904 1702/1147/4905 753/753/4906
f 753/753/4907 1702/1147/4908 1703/1146/4909 754/754/4910
f 754/754/4911 1703/1146/4912 1704/1145/4913 755/755/4914
f 755/755/4915 1704/1145/4916 1705/1144/4917 756/756/4918
f 756/756/4919 1705/1144/4920 1706/1143/4921 757/757/4922
f 757/757/4923 1706/1143/4924 1707/1142/4925 758/758/4926
f 758/758/4927 1707/1142/4928 1708/1141/4929 759/759/4930
f 759/759/4931 1708/1141/4932 1709/1140/4933 760/760/4934
f 760/760/4935 1709/1140/4936 1710/1139/4937 761/761/4938
f 761/761/4939 1710/1139/4940 1711/1138/4941 762/762/4942
f 762/762/4943 1711/1138/4944 1712/1137/4945 763/763/4946
f 763/763/4947 1712/1137/4948 1713/1136/4949 764/764/4950
f 764/764/4951 1713/1136/4952 1714/1135/4953 765/765/4954
f 765/765/4955 1714/1135/4956 1715/1134/4957 766/766/4958
f 766/766/4959 1715/1134/4960 1716/1133/4961 767/767/4962
f 767/767/4963 1716/1133/4964 1717/1132/4965 768/768/4966
f 768/768/4967 1717/1132/4968 1718/1131/4969 769/769/4970
f 769/769/4971 1718/1131/4972 1719/1130/4973 770/770/4974
f 770/770/4975 1719/1130/4976 1720/1129/4977 771/771/4978
f 771/771/4979 1720/1129/4980 1721/1128/4981 772/772/4982
f 772/772/4983 1721/1128/4984 1722/1127/4985 773/773/4986
f 773/773/4987 1722/1127/4988 1723/1126/4989 774/774/4990
f 774/774/4991 1723/1126/4992 1724/1125/4993 775/775/4994
f 775/775/4995 1724/1125/4996 1725/1124/4997 776/776/4998
f 776/776/4999 1725/1124/5000 1726/1123/5001 777/777/5002
f 777/777/5003 1726/1123/5004 1727/1122/5005 778/778/5006
f 778/778/5007 1727/1122/5008 1728/1121/5009 779/779/5010
f 779/779/5011 1728/1121/5012 1729/1120/5013 780/780/5014
f 780/780/5015 1729/1120/5016 1730/1119/5017 781/781/5018
f 781/781/5019 1730/1119/5020 1731/1118/5021 782/782/5022
f 782/782/5023 1731/1118/5024 1732/1117/5025 783/783/5026
f 783/783/5027 1732/1117/5028 1733/1116/5029 784/784/5030
f 784/784/5031 1733/1116/5032 1734/1115/5033 785/785/5034
f 785/785/5035 1734/1115/5036 1735/1114/5037 786/786/5038
f 786/786/5039 1735/1114/5040 1736/1113/5041 787/787/5042
f 787/787/5043 1736/1113/5044 1737/1112/5045 788/788/5046
f 788/788/5047 1737/1112/5048 1738/1111/5049 789/789/5050
f 789/789/5051 1738/1111/5052 1739/1110/5053 790/790/5054
f 790/790/5055 1739/1110/5056 1740/1109/5057 791/791/5058
f 791/791/5059 1740/1109/5060 1741/1108/5061 792/792/5062
f 792/792/5063 1741/1108/5064 1742/1107/5065 793/793/5066
f 793/793/5067 1742/1107/5068 1743/1106/5069 794/794/5070
f 794/794/5071 1743/1106/5072 1744/1105/5073 795/795/5074
f 795/795/5075 1744/1105/5076 1745/1104/5077 796/796/5078
f 796/796/5079 1745/1104/5080 1746/1103/5081 797/797/5082
f 797/797/5083 1746/1103/5084 1747/1102/5085 798/798/5086
f 798/798/5087 1747/1102/5088 1748/1101/5089 799/799/5090
f 799/799/5091 1748/1101/5092 1749/1100/5093 800/800/5094
f 800/800/5095 1749/1100/5096 1750/1099/5097 801/801/5098
f 801/801/5099 1750/1099/5100 1751/1098/5101 802/802/5102
f 802/802/5103 1751/1098/5104 1752/1097/5105 803/803/5106
f 803/803/5107 1752/1097/5108 1753/1096/5109 804/804/5110
f 804/804/5111 1753/1096/5112 1754/1095/5113 805/805/5114
f 805/805/5115 1754/1095/5116 1755/1094/5117 806/806/5118
f 806/806/5119 1755/1094/5120 1756/1093/5121 807/807/5122
f 807/807/5123 1756/1093/5124 1757/1092/5125 808/808/5126
f 808/808/5127 1757/1092/5128 1758/1091/5129 809/809/5130
f 809/809/5131 1758/1091/5132 1759/1090/5133 810/810/5134
f 810/810/5135 1759/1090/5136 1760/1089/5137 811/811/5138
f 811/811/5139 1760/1089/5140 1761/1088/5141 812/812/5142
f 812/812/5143 1761/1088/5144 1762/1087/5145 813/813/5146
f 813/813/5147 1762/1087/5148 1763/1086/5149 814/814/5150
f 814/814/5151 1763/1086/5152 1764/1085/5153 815/815/5154
f 815/815/5155 1764/1085/5156 1765/1084/5157 816/816/5158
f 816/816/5159 1765/1084/5160 1766/1083/5161 817/817/5162
f 817/817/5163 1766/1083/5164 1767/1082/5165 818/818/5166
f 818/818/5167 1767/1082/5168 1768/1081/5169 819/819/5170
f 819/819/5171 1768/1081/5172 1769/1080/5173 820/820/5174
f 820/820/5175 1769/1080/5176 1770/1079/5177 821/821/5178
f 821/821/5179 1770/1079/5180 1771/1078/5181 822/822/5182
f 822/822/5183 1771/1078/5184 1772/1077/5185 823/823/5186
f 823/823/5187 1772/1077/5188 1773/1076/5189 824/824/5190
f 824/824/5191 1773/1076/5192 1774/1075/5193 825/825/5194
f 825/825/5195 1774/1075/5196 1775/1074/5197 826/826/5198
f 826/826/5199 1775/1074/5200 1776/1073/5201 827/827/5202
f 827/827/5203 1776/1073/5204 1777/1072/5205 828/828/5206
f 828/828/5207 1777/1072/5208 1778/1071/5209 829/829/5210
f 829/829/5211 1778/1071/5212 1779/1070/5213 830/830/5214
f 830/830/5215 1779/1070/5216 1780/1069/5217 831/831/5218
f 831/831/5219 1780/1069/5220 1781/1068/5221 832/832/5222
f 832/832/5223 1781/1068/5224 1782/1067/5225 833/833/5226
f 833/833/5227 1782/1067/5228 1783/1066/5229 834/834/5230
f 834/834/5231 1783/1066/5232 1784/1065/5233 835/835/5234
f 835/835/5235 1784/1065/5236 1785/1064/5237 836/836/5238
f 836/836/5239 1785/1064/5240 1786/1063/5241 837/837/5242
f 837/837/5243 1786/1063/5244 1787/1062/5245 838/838/5246
f 838/838/5247 1787/1062/5248 1788/1061/5249 839/839/5250
f 839/839/5251 1788/1061/5252 1789/1060/5253 840/840/5254
f 840/840/5255 1789/1060/5256 1790/1059/5257 841/841/5258
f 841/841/5259 1790/1059/5260 1791/1058/5261 842/842/5262
f 842/842/5263 1791/1058/5264 1792/1057/5265 843/843/5266
f 843/843/5267 1792/1057/5268 1793/1056/5269 844/844/5270
f 844/844/5271 1793/1056/5272 1794/1055/5273 845/845/5274
f 845/845/5275 1794/1055/5276 1795/1054/5277 846/846/5278
f 846/846/5279 1795/1054/5280 1796/1053/5281 847/847/5282
f 847/847/5283 1796/1053/5284 1797/1052/5285 848/848/5286
f 848/848/5287 1797/1052/5288 1798/1051/5289 849/849/5290
f 849/849/5291 1798/1051/5292 1799/1050/5293 850/850/5294
f 850/850/5295 1799/1050/5296 1800/1049/5297 851/851/5298
f 851/851/5299 1800/1049/5300 1801/1048/5301 852/852/5302
f 852/852/5303 1801/1048/5304 1802/1047/5305 853/853/5306
f 853/853/5307 1802/1047/5308 1803/1046/5309 854/854/5310
f 854/854/5311 1803/1046/5312 1804/1045/5313 855/855/5314
f 855/855/5315 1804/1045/5316 1805/1044/5317 856/856/5318
f 856/856/5319 1805/1044/5320 1806/1043/5321 857/857/5322
f 857/857/5323 1806/1043/5324 1807/1042/5325 858/858/5326
f 858/858/5327 1807/1042/5328 1808/1041/5329 859/859/5330
f 859/859/5331 1808/1041/5332 1809/1040/5333 860/860/5334
f 860/860/5335 1809/1040/5336 1810/1039/5337 861/861/5338
f 861/861/5339 1810/1039/5340 1811/1038/5341 862/862/5342
f 862/862/5343 1811/1038/5344 1812/1037/5345 863/863/5346
f 863/863/5347 1812/1037/5348 1813/1036/5349 864/864/5350
f 864/864/5351 1813/1036/5352 1814/1035/5353 865/865/5354
f 865/865/5355 1814/1035/5356 1815/1034/5357 866/866/5358
f 866/866/5359 1815/1034/5360 1816/1033/5361 867/867/5362
f 867/867/5363 1816/1033/5364 1817/1032/5365 868/868/5366
f 868/868/5367 1817/1032/5368 1818/1031/5369 869/869/5370
f 869/869/5371 1818/1031/5372 1819/1030/5373 870/870/5374
f 870/870/5375 1819/1030/5376 1820/1029/5377 871/871/5378
f 871/871/5379 1820/1029/5380 1821/1028/5381 872/872/5382
f 872/872/5383 1821/1028/5384 1822/1027/5385 873/873/5386
f 873/873/5387 1822/1027/5388 1823/1026/5389 874/874/5390
f 874/874/5391 1823/1026/5392 1824/1025/5393 875/875/5394
f 875/875/5395 1824/1025/5396 1825/1024/5397 876/876/5398
f 876/876/5399 1825/1024/5400 1826/1023/5401 877/877/5402
f 877/877/5403 1826/1023/5404 1827/1022/5405 878/878/5406
f 878/878/5407 1827/1022/5408 1828/1021/5409 879/879/5410
f 879/879/5411 1828/1021/5412 1829/1020/5413 880/880/5414
f 880/880/5415 1829/1020/5416 1830/1019/5417 881/881/5418
f 881/881/5419 1830/1019/5420 1831/1018/5421 882/882/5422
f 882/882/5423 1831/1018/5424 1832/1017/5425 883/883/5426
f 883/883/5427 1832/1017/5428 1833/1016/5429 884/884/5430
f 884/884/5431 1833/1016/5432 1834/1015/5433 885/885/5434
f 885/885/5435 1834/1015/5436 1835/1014/5437 886/886/5438
f 886/886/5439 1835/1014/5440 1836/1013/5441 887/887/5442
f 887/887/5443 1836/1013/5444 1837/1012/5445 888/888/5446
f 888/888/5447 1837/1012/5448 1838/1011/5449 889/889/5450
f 889/889/5451 1838/1011/5452 1839/1010/5453 890/890/5454
f 890/890/5455 1839/1010/5456 1840/1009/5457 891/891/5458
f 891/891/5459 1840/1009/5460 1841/1008/5461 892/892/5462
f 892/892/5463 1841/1008/5464 1842/1007/5465 893/893/5466
f 893/893/5467 1842/1007/5468 1843/1006/5469 894/894/5470
f 894/894/5471 1843/1006/5472 1844/1005/5473 895/895/5474
f 895/895/5475 1844/1005/5476 1845/1004/5477 896/896/5478
f 896/896/5479 1845/1004/5480 1846/1003/5481 897/897/5482
f 897/897/5483 1846/1003/5484 1847/1002/5485 898/898/5486
f 898/898/5487 1847/1002/5488 1848/1001/5489 899/899/5490
f 899/899/5491 1848/1001/5492 1849/1000/5493 900/900/5494
f 900/900/5495 1849/1000/5496 1850/999/5497 901/901/5498
f 901/901/5499 1850/999/5500 1851/998/5501 902/902/5502
f 902/902/5503 1851/998/5504 1852/997/5505 903/903/5506
f 903/903/5507 1852/997/5508 1853/996/5509 904/904/5510
f 904/904/5511 1853/996/5512 1854/995/5513 905/905/5514
f 905/905/5515 1854/995/5516 1855/994/5517 906/906/5518
f 906/906/5519 1855/994/5520 1856/993/5521 907/907/5522
f 907/907/5523 1856/993/5524 1857/992/5525 908/908/5526
f 908/908/5527 1857/992/5528 1858/991/5529 909/909/5530
f 909/909/5531 1858/991/5532 1859/990/5533 910/910/5534
f 910/910/5535 1859/990/5536 1860/989/5537 911/911/5538
f 911/911/5539 1860/989/5540 1861/988/5541 912/912/5542
f 912/912/5543 1861/988/5544 1862/987/5545 913/913/5546
f 913/913/5547 1862/987/5548 1863/986/5549 914/914/5550
f 914/914/5551 1863/986/5552 1864/985/5553 915/915/5554
f 915/915/5555 1864/985/5556 1865/984/5557 916/916/5558
f 916/916/5559 1865/984/5560 1866/983/5561 917/917/5562
f 917/917/5563 1866/983/5564 1867/982/5565 918/918/5566
f 918/918/5567 1867/982/5568 1868/981/5569 919/919/5570
f 919/919/5571 1868/981/5572 1869/980/5573 920/920/5574
f 920/920/5575 1869/980/5576 1870/979/5577 921/921/5578
f 921/921/5579 1870/979/5580 1871/978/5581 922/922/5582
f 922/922/5583 1871/978/5584 1872/977/5585 923/923/5586
f 923/923/5587 1872/977/5588 1873/976/5589 924/924/5590
f 924/924/5591 1873/976/5592 1874/975/5593 925/925/5594
f 925/925/5595 1874/975/5596 1875/974/5597 926/926/5598
f 926/926/5599 1875/974/5600 1876/973/5601 927/927/5602
f 927/927/5603 1876/973/5604 1877/972/5605 928/928/5606
f 928/928/5607 1877/972/5608 1878/971/5609 929/929/5610
f 929/929/5611 1878/971/5612 1879/970/5613 930/930/5614
f 930/930/5615 1879/970/5616 1880/969/5617 931/931/5618
f 931/931/5619 1880/969/5620 1881/968/5621 932/932/5622
f 932/932/5623 1881/968/5624 1882/967/5625 933/933/5626
f 933/933/5627 1882/967/5628 1883/966/5629 934/934/5630
f 934/934/5631 1883/966/5632 1884/965/5633 935/935/5634
f 935/935/5635 1884/965/5636 1885/964/5637 936/936/5638
f 936/936/5639 1885/964/5640 1886/963/5641 937/937/5642
f 937/937/5643 1886/963/5644 1887/962/5645 938/938/5646
f 938/938/5647 1887/962/5648 1888/961/5649 939/939/5650
f 939/939/5651 1888/961/5652 1889/960/5653 940/940/5654
f 940/940/5655 1889/960/5656 1890/959/5657 941/941/5658
f 941/941/5659 1890/959/5660 1891/958/5661 942/942/5662
f 942/942/5663 1891/958/5664 1892/957/5665 943/943/5666
f 943/943/5667 1892/957/5668 1893/956/5669 944/944/5670
f 944/944/5671 1893/956/5672 1894/955/5673 945/945/5674
f 945/945/5675 1894/955/5676 1895/954/5677 946/946/5678
f 946/946/5679 1895/954/5680 1896/953/5681 947/947/5682
f 947/947/5683 1896/953/5684 1897/952/5685 948/948/5686
f 948/948/5687 1897/952/5688 1898/951/5689 949/949/5690
f 949/949/5691 1898/951/5692 950/950/5693 1/1/5694
