# File exported by Houdini 22.0.368 (www.sidefx.com)
# 1460 points
# 4384 vertices
# 738 primitives
# Bounds: [-0.279668838, -0.450271815, 0.125] to [0.280365318, -0.304052502, 0.25]
g 
v -0.261768401 -0.449537039 0.125
v -0.261768401 -0.32650128 0.125
v -0.261772335 -0.32558316 0.125
v -0.261766106 -0.324665099 0.125
v -0.261771739 -0.323746979 0.125
v -0.262387127 -0.323115438 0.125
v -0.263267428 -0.323026776 0.125
v -0.27887401 -0.323028445 0.125
v -0.27945447 -0.322796732 0.125
v -0.279666364 -0.321689278 0.125
v -0.279666364 -0.307002097 0.125
v -0.279668838 -0.306083947 0.125
v -0.279662073 -0.305165857 0.125
v -0.279341102 -0.304247767 0.125
v -0.279188901 -0.304070175 0.125
v -0.277659416 -0.304058105 0.125
v -0.215227425 -0.304058403 0.125
v -0.21430929 -0.304063529 0.125
v -0.21339117 -0.304058105 0.125
v -0.212495327 -0.304061264 0.125
v -0.212299317 -0.304257989 0.125
v -0.211931601 -0.305773348 0.125
v -0.211931035 -0.3213588 0.125
v -0.211979672 -0.32227692 0.125
v -0.21228224 -0.322874278 0.125
v -0.213277936 -0.32302773 0.125
v -0.215167433 -0.323029995 0.125
v -0.217003688 -0.323029965 0.125
v -0.218839914 -0.323027253 0.125
v -0.22893922 -0.323027283 0.125
v -0.229551017 -0.323462754 0.125
v -0.229681954 -0.324423075 0.125
v -0.229681954 -0.449305207 0.125
v -0.22998631 -0.450079679 0.125
v -0.230841011 -0.450264603 0.125
v -0.231775686 -0.450271606 0.125
v -0.235448107 -0.450269163 0.125
v -0.257482946 -0.450268894 0.125
v -0.258401066 -0.450270951 0.125
v -0.260237217 -0.450266659 0.125
v -0.261155307 -0.450075895 0.125
v -0.26167202 -0.449725151 0.125
v -0.0972111449 -0.449537039 0.125
v -0.0972089991 -0.445426077 0.125
v -0.0972089991 -0.394465566 0.125
v -0.0972231254 -0.393669307 0.125
v -0.097267434 -0.392873228 0.125
v -0.0973425955 -0.392077982 0.125
v -0.0974575728 -0.391284972 0.125
v -0.0976342112 -0.390773803 0.125
v -0.0978045985 -0.390294343 0.125
v -0.0980873406 -0.388978899 0.125
v -0.098183468 -0.388201565 0.125
v -0.0983171239 -0.38741082 0.125
v -0.0985854492 -0.386623025 0.125
v -0.0986089632 -0.386564523 0.125
v -0.099024795 -0.385125786 0.125
v -0.0991393775 -0.384354293 0.125
v -0.099301964 -0.38357085 0.125
v -0.0995436758 -0.382871658 0.125
v -0.0999875069 -0.381280839 0.125
v -0.10013897 -0.380508065 0.125
v -0.100320153 -0.379909128 0.125
v -0.100548975 -0.379429251 0.125
v -0.100907244 -0.378245294 0.125
v -0.101018213 -0.377473712 0.125
v -0.101275973 -0.376708925 0.125
v -0.101396181 -0.376403004 0.125
v -0.101795085 -0.375187367 0.125
v -0.101918705 -0.374437153 0.125
v -0.102110066 -0.373649985 0.125
v -0.102274634 -0.373362899 0.125
v -0.102657147 -0.372365505 0.125
v -0.10286396 -0.371410698 0.125
v -0.103042491 -0.370732963 0.125
v -0.103262722 -0.370322406 0.125
v -0.103607796 -0.369319528 0.125
v -0.103804864 -0.368391335 0.125
v -0.104009554 -0.367750734 0.125
v -0.104225159 -0.367293 0.125
v -0.104613349 -0.36613071 0.125
v -0.104737654 -0.365372956 0.125
v -0.105005048 -0.364690304 0.125
v -0.105135769 -0.364399701 0.125
v -0.105546005 -0.363106459 0.125
v -0.105712324 -0.362349778 0.125
v -0.106009588 -0.361573964 0.125
v -0.106016822 -0.361565411 0.125
v -0.106498152 -0.360093415 0.125
v -0.106701374 -0.35932979 0.125
v -0.106906354 -0.358779907 0.125
v -0.107253999 -0.358015537 0.125
v -0.10744606 -0.357099235 0.125
v -0.107676864 -0.356314093 0.125
v -0.107822612 -0.355954856 0.125
v -0.108253844 -0.354922444 0.125
v -0.10841316 -0.35408625 0.125
v -0.108645715 -0.353302449 0.125
v -0.108764477 -0.353101701 0.125
v -0.109196529 -0.351929486 0.125
v -0.109376892 -0.351072401 0.125
v -0.109567709 -0.350408703 0.125
v -0.109736122 -0.350138336 0.125
v -0.110135227 -0.348917067 0.125
v -0.11032065 -0.34805584 0.125
v -0.110510312 -0.347489148 0.125
v -0.110764138 -0.346988678 0.125
v -0.111108936 -0.345810056 0.125
v -0.111262254 -0.345038176 0.125
v -0.111488506 -0.344487101 0.125
v -0.111690998 -0.344055504 0.125
v -0.11205896 -0.342782497 0.125
v -0.112207852 -0.342037916 0.125
v -0.112489372 -0.341389149 0.125
v -0.112572931 -0.341216743 0.125
v -0.11299783 -0.339761794 0.125
v -0.113201872 -0.338996261 0.125
v -0.113799371 -0.337481052 0.125
v -0.113920309 -0.336741745 0.125
v -0.11412178 -0.335966498 0.125
v -0.114281267 -0.335545689 0.125
v -0.114668638 -0.334655225 0.125
v -0.114851885 -0.333724231 0.125
v -0.11502222 -0.332942694 0.125
v -0.115220807 -0.332535952 0.125
v -0.115529969 -0.331821024 0.125
v -0.115790106 -0.330696315 0.125
v -0.115948625 -0.329967678 0.125
v -0.116208591 -0.329404354 0.125
v -0.116411649 -0.328897834 0.125
v -0.116714105 -0.32766971 0.125
v -0.116927192 -0.326896906 0.125
v -0.117123239 -0.326385707 0.125
v -0.117515475 -0.325393945 0.125
v -0.11763379 -0.324648321 0.125
v -0.117842242 -0.323867947 0.125
v -0.117993504 -0.323497921 0.125
v -0.118393391 -0.322540611 0.125
v -0.118571863 -0.321629018 0.125
v -0.118748643 -0.320846826 0.125
v -0.118941098 -0.32048732 0.125
v -0.119269252 -0.319655061 0.125
v -0.119509205 -0.31859985 0.125
v -0.119685106 -0.317889929 0.125
v -0.119922124 -0.317359865 0.125
v -0.120193876 -0.31661889 0.125
v -0.120430894 -0.315569788 0.125
v -0.120663166 -0.314794838 0.125
v -0.12083333 -0.314351857 0.125
v -0.121231474 -0.313285023 0.125
v -0.121353179 -0.312546998 0.125
v -0.121571407 -0.311764359 0.125
v -0.121709444 -0.311452299 0.125
v -0.122114785 -0.310414076 0.125
v -0.122293741 -0.309523463 0.125
v -0.1224721 -0.308772415 0.125
v -0.122661896 -0.308430761 0.125
v -0.123008214 -0.307490379 0.125
v -0.123226561 -0.306495905 0.125
v -0.123410597 -0.305807233 0.125
v -0.123638861 -0.305304557 0.125
v -0.123717412 -0.304358274 0.125
v -0.123632133 -0.304089665 0.125
v -0.122221313 -0.304060936 0.125
v -0.121425092 -0.304058105 0.125
v -0.100722417 -0.304058105 0.125
v -0.0999261662 -0.304054856 0.125
v -0.0991299078 -0.304054976 0.125
v -0.0975374281 -0.304058373 0.125
v -0.0967411697 -0.304063678 0.125
v -0.0959449187 -0.30405879 0.125
v -0.0951486677 -0.30406177 0.125
v -0.094352439 -0.304060072 0.125
v -0.0939191431 -0.304107934 0.125
v -0.0932985619 -0.305164099 0.125
v -0.0930922851 -0.305631518 0.125
v -0.0929291025 -0.306007117 0.125
v -0.0925897956 -0.307365626 0.125
v -0.0924489349 -0.308137298 0.125
v -0.0922495201 -0.308827102 0.125
v -0.0921343192 -0.309013933 0.125
v -0.0917295963 -0.310334295 0.125
v -0.0915815234 -0.311178625 0.125
v -0.0913852826 -0.311905056 0.125
v -0.0911857039 -0.312403798 0.125
v -0.0908118635 -0.313472211 0.125
v -0.0907080993 -0.314223617 0.125
v -0.0905397758 -0.315006018 0.125
v -0.0903676599 -0.315484166 0.125
v -0.0900834277 -0.316129506 0.125
v -0.0898115039 -0.317270279 0.125
v -0.089696385 -0.318044871 0.125
v -0.0894145817 -0.318832278 0.125
v -0.0893549025 -0.318989486 0.125
v -0.0889377147 -0.320326626 0.125
v -0.0888052732 -0.321091533 0.125
v -0.088645339 -0.321824908 0.125
v -0.088433072 -0.322261959 0.125
v -0.0881397352 -0.323089391 0.125
v -0.0879251286 -0.324137509 0.125
v -0.0877557844 -0.324915618 0.125
v -0.0875674188 -0.325496733 0.125
v -0.0873589963 -0.325953156 0.125
v -0.087052688 -0.327157915 0.125
v -0.0869106129 -0.327957124 0.125
v -0.086705409 -0.328600436 0.125
v -0.0865167081 -0.32903713 0.125
v -0.0861480162 -0.33023721 0.125
v -0.0860464275 -0.330996484 0.125
v -0.0858471319 -0.331784844 0.125
v -0.0857011825 -0.332126439 0.125
v -0.0853435397 -0.333080649 0.125
v -0.085151419 -0.334044486 0.125
v -0.0850055814 -0.334814131 0.125
v -0.0847352743 -0.33552137 0.125
v -0.0846870095 -0.335634172 0.125
v -0.084270224 -0.337100774 0.125
v -0.0841340199 -0.337867856 0.125
v -0.0839591101 -0.338528097 0.125
v -0.0837595612 -0.338930309 0.125
v -0.0834161788 -0.340037376 0.125
v -0.0832659081 -0.340911865 0.125
v -0.0830550566 -0.341694415 0.125
v -0.0828926042 -0.342146903 0.125
v -0.0825087354 -0.34316808 0.125
v -0.0823884457 -0.343949467 0.125
v -0.0822343603 -0.344736218 0.125
v -0.0820314735 -0.34527415 0.125
v -0.0818221495 -0.345750809 0.125
v -0.0814886838 -0.347006917 0.125
v -0.081371136 -0.347775191 0.125
v -0.0811503679 -0.348564178 0.125
v -0.0810447708 -0.348753452 0.125
v -0.0806405544 -0.349959821 0.125
v -0.0804860443 -0.35081777 0.125
v -0.0803209916 -0.351553172 0.125
v -0.0800840259 -0.352125198 0.125
v -0.0798771903 -0.352691263 0.125
v -0.0796114281 -0.353868544 0.125
v -0.0794128999 -0.354644775 0.125
v -0.0792302713 -0.355127931 0.125
v -0.0789261684 -0.354937017 0.125
v -0.0782604665 -0.354134858 0.125
v -0.0778607354 -0.353051513 0.125
v -0.0777216032 -0.352264196 0.125
v -0.0774539486 -0.351478636 0.125
v -0.077345103 -0.351226747 0.125
v -0.0769398734 -0.350133538 0.125
v -0.0767510608 -0.349240959 0.125
v -0.0765439346 -0.348547608 0.125
v -0.0763906091 -0.348224819 0.125
v -0.0760042518 -0.347140163 0.125
v -0.0757965669 -0.346221596 0.125
v -0.0756003484 -0.345611125 0.125
v -0.0753681585 -0.345138013 0.125
v -0.075023368 -0.343979001 0.125
v -0.0748630092 -0.343202978 0.125
v -0.0746309608 -0.342598945 0.125
v -0.074421607 -0.342212349 0.125
v -0.0740712211 -0.340960115 0.125
v -0.0739147067 -0.340200812 0.125
v -0.0736309737 -0.339514196 0.125
v -0.0735407472 -0.339369774 0.125
v -0.0731361657 -0.337935925 0.125
v -0.0729290992 -0.337171942 0.125
v -0.0726834312 -0.33658272 0.125
v -0.0726761967 -0.336574078 0.125
v -0.0722034052 -0.334917963 0.125
v -0.0719633847 -0.334143072 0.125
v -0.0718027726 -0.333724529 0.125
v -0.0714090094 -0.332782179 0.125
v -0.0712585449 -0.331906348 0.125
v -0.0710206181 -0.331120789 0.125
v -0.07049945 -0.329874456 0.125
v -0.0702892691 -0.328883022 0.125
v -0.0700889826 -0.328171909 0.125
v -0.0699115917 -0.327786803 0.125
v -0.069557555 -0.326843321 0.125
v -0.069344528 -0.325862497 0.125
v -0.0691438764 -0.325213611 0.125
v -0.0689116865 -0.324741751 0.125
v -0.0685590655 -0.323635459 0.125
v -0.0684065595 -0.322847962 0.125
v -0.0681621656 -0.322192848 0.125
v -0.0679763779 -0.321834415 0.125
v -0.0676134452 -0.32059899 0.125
v -0.0674633458 -0.31983766 0.125
v -0.0671557412 -0.319108009 0.125
v -0.0670895353 -0.318995714 0.125
v -0.0666750297 -0.317576677 0.125
v -0.0664774254 -0.316811383 0.125
v -0.0662324131 -0.316190749 0.125
v -0.0662043244 -0.316133767 0.125
v -0.0657431409 -0.314575016 0.125
v -0.0655205026 -0.313785434 0.125
v -0.0653474554 -0.313311934 0.125
v -0.065000318 -0.31257534 0.125
v -0.0647943243 -0.31154865 0.125
v -0.0645702779 -0.310764492 0.125
v -0.0644066408 -0.310362339 0.125
v -0.064065069 -0.309618741 0.125
v -0.0638308451 -0.30852437 0.125
v -0.063641049 -0.307796001 0.125
v -0.0634330139 -0.307335228 0.125
v -0.0631224737 -0.306594223 0.125
v -0.0628857613 -0.305506885 0.125
v -0.0626844615 -0.304883868 0.125
v -0.0622537099 -0.304417372 0.125
v -0.0616939962 -0.304110199 0.125
v -0.0604999661 -0.304058105 0.125
v -0.0581112057 -0.304058105 0.125
v -0.057314951 -0.304054737 0.125
v -0.0565186962 -0.304055065 0.125
v -0.0557224117 -0.304058105 0.125
v -0.0405935757 -0.304058105 0.125
v -0.0397973247 -0.304061025 0.125
v -0.03900107 -0.304059505 0.125
v -0.0382048413 -0.304052502 0.125
v -0.0374086164 -0.304052979 0.125
v -0.0366123617 -0.304057151 0.125
v -0.0358161069 -0.304057956 0.125
v -0.0350198522 -0.304061949 0.125
v -0.0345744938 -0.3041192 0.125
v -0.0341745727 -0.305165052 0.125
v -0.0343268476 -0.305925429 0.125
v -0.0346242823 -0.30665043 0.125
v -0.0347576551 -0.306914896 0.125
v -0.0351897068 -0.308170259 0.125
v -0.0353661701 -0.308890164 0.125
v -0.0356406607 -0.309472352 0.125
v -0.0358261093 -0.309753001 0.125
v -0.0362100378 -0.31114462 0.125
v -0.0364105776 -0.311762661 0.125
v -0.0366590694 -0.312225878 0.125
v -0.0370079316 -0.313287109 0.125
v -0.0372565091 -0.314131886 0.125
v -0.0374277756 -0.314551413 0.125
v -0.037817128 -0.315300822 0.125
v -0.0380480178 -0.316348642 0.125
v -0.038352713 -0.317129731 0.125
v -0.038411431 -0.317238539 0.125
v -0.038875211 -0.318530947 0.125
v -0.03911715 -0.319329023 0.125
v -0.0393621102 -0.319869041 0.125
v -0.0397427604 -0.320821673 0.125
v -0.039903935 -0.321576834 0.125
v -0.0401554257 -0.322213173 0.125
v -0.0403681435 -0.322594583 0.125
v -0.0407565646 -0.323797047 0.125
v -0.0409415625 -0.324551046 0.125
v -0.0411664024 -0.325013727 0.125
v -0.0414651074 -0.325565577 0.125
v -0.0417811647 -0.326781452 0.125
v -0.0419884585 -0.327409118 0.125
v -0.0421868227 -0.327787608 0.125
v -0.0425662547 -0.328910649 0.125
v -0.0428491645 -0.329775482 0.125
v -0.0430109091 -0.330169201 0.125
v -0.0434266813 -0.331124574 0.125
v -0.0436109193 -0.331992805 0.125
v -0.0439413264 -0.332748026 0.125
v -0.0440004133 -0.332861662 0.125
v -0.0444685481 -0.334240705 0.125
v -0.044669427 -0.334934711 0.125
v -0.0449318215 -0.335477352 0.125
v -0.0451979451 -0.33611235 0.125
v -0.0454856567 -0.337215692 0.125
v -0.0456997901 -0.337804049 0.125
v -0.0459555723 -0.338264853 0.125
v -0.0463149175 -0.339431792 0.125
v -0.0465391912 -0.340204477 0.125
v -0.0467090756 -0.340569675 0.125
v -0.0470913351 -0.341377258 0.125
v -0.0473523736 -0.342422456 0.125
v -0.0475973599 -0.343084812 0.125
v -0.0476811156 -0.34324041 0.125
v -0.0484338813 -0.345416129 0.125
v -0.048614502 -0.345826983 0.125
v -0.049028296 -0.346908212 0.125
v -0.0491815917 -0.347645611 0.125
v -0.0494664796 -0.348280162 0.125
v -0.0496389307 -0.348563343 0.125
v -0.0500368476 -0.349871963 0.125
v -0.0502299555 -0.350574195 0.125
v -0.0504708476 -0.351067811 0.125
v -0.0507777445 -0.351761818 0.125
v -0.0510704331 -0.352855593 0.125
v -0.051266592 -0.353413939 0.125
v -0.0515311062 -0.353911728 0.125
v -0.051860299 -0.355059415 0.125
v -0.05213603 -0.35585165 0.125
v -0.052271381 -0.35616222 0.125
v -0.0526968203 -0.357164174 0.125
v -0.0529252775 -0.358069688 0.125
v -0.0532339029 -0.358796954 0.125
v -0.05323961 -0.358807027 0.125
v -0.0539711565 -0.361004293 0.125
v -0.054206226 -0.361474484 0.125
v -0.054590039 -0.362532794 0.125
v -0.0547629744 -0.363290966 0.125
v -0.0549997091 -0.363853663 0.125
v -0.0552456304 -0.364268631 0.125
v -0.0556032509 -0.36550796 0.125
v -0.0558083132 -0.366240412 0.125
v -0.0559983402 -0.366616011 0.125
v -0.0563694127 -0.367474824 0.125
v -0.0566422343 -0.368497491 0.125
v -0.0568505153 -0.369060993 0.125
v -0.0570800193 -0.3695122 0.125
v -0.0574248396 -0.370681733 0.125
v -0.0577268228 -0.371495396 0.125
v -0.0578538962 -0.371792197 0.125
v -0.0582904369 -0.372932196 0.125
v -0.0584663674 -0.373703778 0.125
v -0.0587804131 -0.374392629 0.125
v -0.058872249 -0.374519795 0.125
v -0.059312664 -0.375947535 0.125
v -0.0595165677 -0.376621187 0.125
v -0.0597665273 -0.377119631 0.125
v -0.0601015724 -0.378004044 0.125
v -0.0603420958 -0.378929019 0.125
v -0.0605435409 -0.379451543 0.125
v -0.0608310848 -0.37996611 0.125
v -0.0611612089 -0.381146461 0.125
v -0.0614106916 -0.381922454 0.125
v -0.0615421161 -0.38218087 0.125
v -0.0619622692 -0.383213133 0.125
v -0.0622079335 -0.384141237 0.125
v -0.0624467619 -0.384747297 0.125
v -0.0625209659 -0.384890407 0.125
v -0.06300354 -0.386346042 0.125
v -0.0632801726 -0.387103438 0.125
v -0.0634496585 -0.387466103 0.125
v -0.0638701543 -0.388616383 0.125
v -0.0640257373 -0.38935858 0.125
v -0.0643030256 -0.389943361 0.125
v -0.0644984767 -0.390243888 0.125
v -0.0648801178 -0.391584218 0.125
v -0.0650779679 -0.392352283 0.125
v -0.0652777776 -0.393055558 0.125
v -0.065274328 -0.394683272 0.125
v -0.0652777776 -0.394907415 0.125
v -0.0652706027 -0.39627561 0.125
v -0.0652712211 -0.44953841 0.125
v -0.0652774349 -0.449551076 0.125
v -0.0667870417 -0.450271815 0.125
v -0.0674924776 -0.45026955 0.125
v -0.0682887286 -0.450263113 0.125
v -0.0690848976 -0.450262785 0.125
v -0.0698811859 -0.450268954 0.125
v -0.0961576104 -0.450269163 0.125
v -0.0968542323 -0.450115293 0.125
v -0.0972111449 -0.449537039 0.125
v 0.0546179861 -0.449537039 0.125
v 0.0546203591 -0.445979536 0.125
v 0.0546203591 -0.30562827 0.125
v 0.0547493808 -0.304751009 0.125
v 0.0550064072 -0.304136217 0.125
v 0.056038864 -0.304058105 0.125
v 0.0858635753 -0.304059416 0.125
v 0.0867407322 -0.30406177 0.125
v 0.0876179412 -0.304052502 0.125
v 0.0884950981 -0.304053754 0.125
v 0.0893723071 -0.304068506 0.125
v 0.0902493522 -0.304053009 0.125
v 0.0911263898 -0.304057658 0.125
v 0.0920035988 -0.304121822 0.125
v 0.0931429267 -0.304164916 0.125
v 0.095504418 -0.304351687 0.125
v 0.0963788033 -0.304409534 0.125
v 0.0981296077 -0.304513186 0.125
v 0.099005349 -0.304561943 0.125
v 0.0998812094 -0.30460459 0.125
v 0.100757286 -0.304639786 0.125
v 0.101633765 -0.304680705 0.125
v 0.102509953 -0.304769397 0.125
v 0.103370838 -0.304931879 0.125
v 0.104096644 -0.305095047 0.125
v 0.105098471 -0.305334896 0.125
v 0.105952963 -0.305447698 0.125
v 0.10682147 -0.305540413 0.125
v 0.107693538 -0.305630744 0.125
v 0.108566001 -0.305824608 0.125
v 0.109066375 -0.305974543 0.125
v 0.109961554 -0.306277871 0.125
v 0.111095004 -0.306493938 0.125
v 0.111956559 -0.306687534 0.125
v 0.112548262 -0.306895822 0.125
v 0.113499165 -0.307303578 0.125
v 0.114439897 -0.307505369 0.125
v 0.115278058 -0.307863355 0.125
v 0.115287721 -0.307869613 0.125
v 0.116902664 -0.308531255 0.125
v 0.11731635 -0.308730155 0.125
v 0.118283421 -0.309269994 0.125
v 0.119045228 -0.309611619 0.125
v 0.1197282 -0.310087681 0.125
v 0.120436944 -0.310618073 0.125
v 0.120983094 -0.311097652 0.125
v 0.121668272 -0.311670423 0.125
v 0.122502923 -0.312532187 0.125
v 0.122692645 -0.312725067 0.125
v 0.123481236 -0.313678741 0.125
v 0.124024563 -0.314362943 0.125
v 0.124551952 -0.315215677 0.125
v 0.12505351 -0.316204399 0.125
v 0.125402883 -0.316850185 0.125
v 0.125559211 -0.317103237 0.125
v 0.126057595 -0.318558484 0.125
v 0.126263201 -0.31914711 0.125
v 0.126593128 -0.319794834 0.125
v 0.126861632 -0.321008176 0.125
v 0.126973078 -0.321868032 0.125
v 0.127148598 -0.3227171 0.125
v 0.127312332 -0.323232979 0.125
v 0.127545953 -0.324288249 0.125
v 0.1276934 -0.325297415 0.125
v 0.12774013 -0.326165617 0.125
v 0.127759695 -0.327040493 0.125
v 0.127787039 -0.32879445 0.125
v 0.12780422 -0.329671592 0.125
v 0.127814516 -0.330548584 0.125
v 0.127813607 -0.36651361 0.125
v 0.127812594 -0.367390841 0.125
v 0.127816662 -0.369145185 0.125
v 0.127813265 -0.370022416 0.125
v 0.127803087 -0.370899618 0.125
v 0.127775967 -0.372653812 0.125
v 0.127767429 -0.373530954 0.125
v 0.127740651 -0.374408126 0.125
v 0.127657846 -0.37528494 0.125
v 0.127534658 -0.376158178 0.125
v 0.127372399 -0.377026945 0.125
v 0.127314806 -0.377314806 0.125
v 0.126961142 -0.37873733 0.125
v 0.126856819 -0.37959069 0.125
v 0.126677051 -0.380460829 0.125
v 0.126450717 -0.381076604 0.125
v 0.126051158 -0.381956011 0.125
v 0.125856519 -0.382936001 0.125
v 0.125462741 -0.383759111 0.125
v 0.125431314 -0.38379246 0.125
v 0.124673009 -0.385346144 0.125
v 0.123842984 -0.38675648 0.125
v 0.122772329 -0.388112456 0.125
v 0.122513607 -0.388398081 0.125
v 0.121704943 -0.389280587 0.125
v 0.120815419 -0.390074521 0.125
v 0.120633557 -0.390256405 0.125
v 0.119652078 -0.391016185 0.125
v 0.119101517 -0.391450882 0.125
v 0.118025266 -0.391976953 0.125
v 0.117806837 -0.392155379 0.125
v 0.116434336 -0.392732859 0.125
v 0.115935884 -0.392977446 0.125
v 0.115090713 -0.393378794 0.125
v 0.113971286 -0.393641055 0.125
v 0.113293625 -0.393841207 0.125
v 0.112743236 -0.394100577 0.125
v 0.111479245 -0.394429803 0.125
v 0.110624976 -0.394512773 0.125
v 0.109751724 -0.394651383 0.125
v 0.10899929 -0.394883275 0.125
v 0.10880398 -0.394946635 0.125
v 0.107204914 -0.395303637 0.125
v 0.106343359 -0.395367652 0.125
v 0.10546954 -0.395421565 0.125
v 0.10459391 -0.395491064 0.125
v 0.103719473 -0.395596504 0.125
v 0.102848642 -0.395734817 0.125
v 0.10229899 -0.395827562 0.125
v 0.101149097 -0.395984232 0.125
v 0.100247018 -0.396079063 0.125
v 0.0993747264 -0.396163076 0.125
v 0.0985015854 -0.39623633 0.125
v 0.0976277664 -0.396265328 0.125
v 0.0967511162 -0.39627251 0.125
v 0.09499681 -0.396299362 0.125
v 0.0941197723 -0.396306843 0.125
v 0.0932426155 -0.396325856 0.125
v 0.09236563 -0.396332353 0.125
v 0.0871024802 -0.396334559 0.125
v 0.0863252953 -0.396493584 0.125
v 0.0858540833 -0.397112787 0.125
v 0.0857594758 -0.39807108 0.125
v 0.0857603252 -0.398940623 0.125
v 0.0857567638 -0.399817824 0.125
v 0.0857567117 -0.448063791 0.125
v 0.0857586861 -0.448940963 0.125
v 0.0857276618 -0.449605405 0.125
v 0.084795855 -0.45022884 0.125
v 0.0839704126 -0.450269163 0.125
v 0.055924423 -0.450269163 0.125
v 0.0550693087 -0.450233281 0.125
v 0.0546196811 -0.449539661 0.125
v 0.217580944 -0.449537039 0.125
v 0.217583314 -0.445894092 0.125
v 0.217583314 -0.308232516 0.125
v 0.2175823 -0.306421191 0.125
v 0.217583314 -0.305515528 0.125
v 0.217765689 -0.304609865 0.125
v 0.217990339 -0.304118603 0.125
v 0.219199851 -0.304058105 0.125
v 0.27897343 -0.304058105 0.125
v 0.279301286 -0.304141611 0.125
v 0.279779941 -0.305532128 0.125
v 0.279777467 -0.307291687 0.125
v 0.27978 -0.308197349 0.125
v 0.279779941 -0.320876628 0.125
v 0.279764742 -0.321782261 0.125
v 0.279166669 -0.322685182 0.125
v 0.279166669 -0.322685182 0.125
v 0.277537316 -0.322692364 0.125
v 0.256707132 -0.322692364 0.125
v 0.255801499 -0.322690666 0.125
v 0.255092591 -0.322685182 0.125
v 0.253990233 -0.322698057 0.125
v 0.252314806 -0.322685182 0.125
v 0.251273423 -0.322698534 0.125
v 0.250368565 -0.322786748 0.125
v 0.249544203 -0.323664427 0.125
v 0.249544203 -0.324309856 0.125
v 0.249537036 -0.325462967 0.125
v 0.249551281 -0.326935083 0.125
v 0.249544263 -0.328746349 0.125
v 0.249544203 -0.361350089 0.125
v 0.250090301 -0.362255782 0.125
v 0.250384629 -0.362558335 0.125
v 0.251563907 -0.362599999 0.125
v 0.252469599 -0.362609774 0.125
v 0.254280835 -0.36259833 0.125
v 0.255186409 -0.362604648 0.125
v 0.270582646 -0.362604022 0.125
v 0.271488279 -0.362599909 0.125
v 0.274205178 -0.362608582 0.125
v 0.275110871 -0.362606972 0.125
v 0.276016444 -0.362600356 0.125
v 0.276678175 -0.363074571 0.125
v 0.276891023 -0.363916129 0.125
v 0.276887327 -0.366612911 0.125
v 0.276887894 -0.373858184 0.125
v 0.276886672 -0.374763846 0.125
v 0.276890457 -0.377480835 0.125
v 0.276888579 -0.378386497 0.125
v 0.276820868 -0.379277021 0.125
v 0.27628687 -0.379982382 0.125
v 0.275407344 -0.379994661 0.125
v 0.27450183 -0.379987061 0.125
v 0.273596197 -0.379988879 0.125
v 0.272690535 -0.379994184 0.125
v 0.271784842 -0.379982144 0.125
v 0.270879269 -0.379987597 0.125
v 0.255483091 -0.379987925 0.125
v 0.254577398 -0.379991442 0.125
v 0.253671825 -0.379990846 0.125
v 0.251860559 -0.379984438 0.125
v 0.250954807 -0.379984677 0.125
v 0.250383824 -0.380034685 0.125
v 0.249550194 -0.381165683 0.125
v 0.249544725 -0.381875128 0.125
v 0.249544203 -0.429855943 0.125
v 0.249539018 -0.430761606 0.125
v 0.249537036 -0.431018502 0.125
v 0.250954866 -0.431749851 0.125
v 0.251740128 -0.431749046 0.125
v 0.252645761 -0.43175301 0.125
v 0.253551334 -0.431748629 0.125
v 0.254457027 -0.431747019 0.125
v 0.255362719 -0.431750119 0.125
v 0.278004169 -0.431750119 0.125
v 0.278909862 -0.43174687 0.125
v 0.279815495 -0.431855887 0.125
v 0.280120492 -0.431930721 0.125
v 0.280365318 -0.433390349 0.125
v 0.280363739 -0.437906027 0.125
v 0.280364364 -0.44877395 0.125
v 0.280325025 -0.449617237 0.125
v 0.279900223 -0.450101733 0.125
v 0.278738499 -0.450269163 0.125
v 0.21897611 -0.450269163 0.125
v 0.218070358 -0.450269163 0.125
v 0.217598915 -0.449564755 0.125
v 0.086111106 -0.375462949 0.125
v 0.0878229737 -0.375693858 0.125
v 0.0886040553 -0.375587463 0.125
v 0.0891442746 -0.375436962 0.125
v 0.0903960019 -0.375146091 0.125
v 0.0912452415 -0.374990731 0.125
v 0.0921029523 -0.374799073 0.125
v 0.0924272314 -0.374565184 0.125
v 0.0935255215 -0.373959988 0.125
v 0.0940428004 -0.373668492 0.125
v 0.0949479863 -0.372860402 0.125
v 0.0951229483 -0.372685432 0.125
v 0.0957611054 -0.371642947 0.125
v 0.0962538496 -0.37073493 0.125
v 0.0964230001 -0.369762748 0.125
v 0.0966029391 -0.368903667 0.125
v 0.0967109948 -0.368051946 0.125
v 0.0967428684 -0.367187262 0.125
v 0.0967512354 -0.366316646 0.125
v 0.0967520773 -0.337552726 0.125
v 0.096745804 -0.336681098 0.125
v 0.0967450142 -0.335809499 0.125
v 0.0967504382 -0.334937871 0.125
v 0.0967520773 -0.333194613 0.125
v 0.0966921225 -0.332322955 0.125
v 0.0965704992 -0.331454277 0.125
v 0.0964135081 -0.330590934 0.125
v 0.0962266698 -0.329733044 0.125
v 0.0960104465 -0.329075336 0.125
v 0.0956085771 -0.328527987 0.125
v 0.0949483812 -0.327670932 0.125
v 0.0945920572 -0.327306002 0.125
v 0.093663983 -0.326572299 0.125
v 0.0931524783 -0.32616514 0.125
v 0.0919530243 -0.325745463 0.125
v 0.0913026556 -0.325450778 0.125
v 0.0905460492 -0.325187266 0.125
v 0.0894795135 -0.325038135 0.125
v 0.0886159837 -0.3249771 0.125
v 0.0877466276 -0.324950486 0.125
v 0.0868757442 -0.324902654 0.125
v 0.0860721171 -0.325238764 0.125
v 0.0857567117 -0.325937063 0.125
v 0.0857550129 -0.328514457 0.125
v 0.0857523605 -0.329386115 0.125
v 0.0857567117 -0.330257714 0.125
v 0.0857567117 -0.373839378 0.125
v 0.0858233422 -0.374711037 0.125
v -0.261768401 -0.449537039 0.25
v -0.261768401 -0.32650128 0.25
v -0.261772335 -0.32558316 0.25
v -0.261766106 -0.324665099 0.25
v -0.261771739 -0.323746979 0.25
v -0.262387127 -0.323115438 0.25
v -0.263267428 -0.323026776 0.25
v -0.27887401 -0.323028445 0.25
v -0.27945447 -0.322796732 0.25
v -0.279666364 -0.321689278 0.25
v -0.279666364 -0.307002097 0.25
v -0.279668838 -0.306083947 0.25
v -0.279662073 -0.305165857 0.25
v -0.279341102 -0.304247767 0.25
v -0.279188901 -0.304070175 0.25
v -0.277659416 -0.304058105 0.25
v -0.215227425 -0.304058403 0.25
v -0.21430929 -0.304063529 0.25
v -0.21339117 -0.304058105 0.25
v -0.212495327 -0.304061264 0.25
v -0.212299317 -0.304257989 0.25
v -0.211931601 -0.305773348 0.25
v -0.211931035 -0.3213588 0.25
v -0.211979672 -0.32227692 0.25
v -0.21228224 -0.322874278 0.25
v -0.213277936 -0.32302773 0.25
v -0.215167433 -0.323029995 0.25
v -0.217003688 -0.323029965 0.25
v -0.218839914 -0.323027253 0.25
v -0.22893922 -0.323027283 0.25
v -0.229551017 -0.323462754 0.25
v -0.229681954 -0.324423075 0.25
v -0.229681954 -0.449305207 0.25
v -0.22998631 -0.450079679 0.25
v -0.230841011 -0.450264603 0.25
v -0.231775686 -0.450271606 0.25
v -0.235448107 -0.450269163 0.25
v -0.257482946 -0.450268894 0.25
v -0.258401066 -0.450270951 0.25
v -0.260237217 -0.450266659 0.25
v -0.261155307 -0.450075895 0.25
v -0.26167202 -0.449725151 0.25
v -0.0972111449 -0.449537039 0.25
v -0.0972089991 -0.445426077 0.25
v -0.0972089991 -0.394465566 0.25
v -0.0972231254 -0.393669307 0.25
v -0.097267434 -0.392873228 0.25
v -0.0973425955 -0.392077982 0.25
v -0.0974575728 -0.391284972 0.25
v -0.0976342112 -0.390773803 0.25
v -0.0978045985 -0.390294343 0.25
v -0.0980873406 -0.388978899 0.25
v -0.098183468 -0.388201565 0.25
v -0.0983171239 -0.38741082 0.25
v -0.0985854492 -0.386623025 0.25
v -0.0986089632 -0.386564523 0.25
v -0.099024795 -0.385125786 0.25
v -0.0991393775 -0.384354293 0.25
v -0.099301964 -0.38357085 0.25
v -0.0995436758 -0.382871658 0.25
v -0.0999875069 -0.381280839 0.25
v -0.10013897 -0.380508065 0.25
v -0.100320153 -0.379909128 0.25
v -0.100548975 -0.379429251 0.25
v -0.100907244 -0.378245294 0.25
v -0.101018213 -0.377473712 0.25
v -0.101275973 -0.376708925 0.25
v -0.101396181 -0.376403004 0.25
v -0.101795085 -0.375187367 0.25
v -0.101918705 -0.374437153 0.25
v -0.102110066 -0.373649985 0.25
v -0.102274634 -0.373362899 0.25
v -0.102657147 -0.372365505 0.25
v -0.10286396 -0.371410698 0.25
v -0.103042491 -0.370732963 0.25
v -0.103262722 -0.370322406 0.25
v -0.103607796 -0.369319528 0.25
v -0.103804864 -0.368391335 0.25
v -0.104009554 -0.367750734 0.25
v -0.104225159 -0.367293 0.25
v -0.104613349 -0.36613071 0.25
v -0.104737654 -0.365372956 0.25
v -0.105005048 -0.364690304 0.25
v -0.105135769 -0.364399701 0.25
v -0.105546005 -0.363106459 0.25
v -0.105712324 -0.362349778 0.25
v -0.106009588 -0.361573964 0.25
v -0.106016822 -0.361565411 0.25
v -0.106498152 -0.360093415 0.25
v -0.106701374 -0.35932979 0.25
v -0.106906354 -0.358779907 0.25
v -0.107253999 -0.358015537 0.25
v -0.10744606 -0.357099235 0.25
v -0.107676864 -0.356314093 0.25
v -0.107822612 -0.355954856 0.25
v -0.108253844 -0.354922444 0.25
v -0.10841316 -0.35408625 0.25
v -0.108645715 -0.353302449 0.25
v -0.108764477 -0.353101701 0.25
v -0.109196529 -0.351929486 0.25
v -0.109376892 -0.351072401 0.25
v -0.109567709 -0.350408703 0.25
v -0.109736122 -0.350138336 0.25
v -0.110135227 -0.348917067 0.25
v -0.11032065 -0.34805584 0.25
v -0.110510312 -0.347489148 0.25
v -0.110764138 -0.346988678 0.25
v -0.111108936 -0.345810056 0.25
v -0.111262254 -0.345038176 0.25
v -0.111488506 -0.344487101 0.25
v -0.111690998 -0.344055504 0.25
v -0.11205896 -0.342782497 0.25
v -0.112207852 -0.342037916 0.25
v -0.112489372 -0.341389149 0.25
v -0.112572931 -0.341216743 0.25
v -0.11299783 -0.339761794 0.25
v -0.113201872 -0.338996261 0.25
v -0.113799371 -0.337481052 0.25
v -0.113920309 -0.336741745 0.25
v -0.11412178 -0.335966498 0.25
v -0.114281267 -0.335545689 0.25
v -0.114668638 -0.334655225 0.25
v -0.114851885 -0.333724231 0.25
v -0.11502222 -0.332942694 0.25
v -0.115220807 -0.332535952 0.25
v -0.115529969 -0.331821024 0.25
v -0.115790106 -0.330696315 0.25
v -0.115948625 -0.329967678 0.25
v -0.116208591 -0.329404354 0.25
v -0.116411649 -0.328897834 0.25
v -0.116714105 -0.32766971 0.25
v -0.116927192 -0.326896906 0.25
v -0.117123239 -0.326385707 0.25
v -0.117515475 -0.325393945 0.25
v -0.11763379 -0.324648321 0.25
v -0.117842242 -0.323867947 0.25
v -0.117993504 -0.323497921 0.25
v -0.118393391 -0.322540611 0.25
v -0.118571863 -0.321629018 0.25
v -0.118748643 -0.320846826 0.25
v -0.118941098 -0.32048732 0.25
v -0.119269252 -0.319655061 0.25
v -0.119509205 -0.31859985 0.25
v -0.119685106 -0.317889929 0.25
v -0.119922124 -0.317359865 0.25
v -0.120193876 -0.31661889 0.25
v -0.120430894 -0.315569788 0.25
v -0.120663166 -0.314794838 0.25
v -0.12083333 -0.314351857 0.25
v -0.121231474 -0.313285023 0.25
v -0.121353179 -0.312546998 0.25
v -0.121571407 -0.311764359 0.25
v -0.121709444 -0.311452299 0.25
v -0.122114785 -0.310414076 0.25
v -0.122293741 -0.309523463 0.25
v -0.1224721 -0.308772415 0.25
v -0.122661896 -0.308430761 0.25
v -0.123008214 -0.307490379 0.25
v -0.123226561 -0.306495905 0.25
v -0.123410597 -0.305807233 0.25
v -0.123638861 -0.305304557 0.25
v -0.123717412 -0.304358274 0.25
v -0.123632133 -0.304089665 0.25
v -0.122221313 -0.304060936 0.25
v -0.121425092 -0.304058105 0.25
v -0.100722417 -0.304058105 0.25
v -0.0999261662 -0.304054856 0.25
v -0.0991299078 -0.304054976 0.25
v -0.0975374281 -0.304058373 0.25
v -0.0967411697 -0.304063678 0.25
v -0.0959449187 -0.30405879 0.25
v -0.0951486677 -0.30406177 0.25
v -0.094352439 -0.304060072 0.25
v -0.0939191431 -0.304107934 0.25
v -0.0932985619 -0.305164099 0.25
v -0.0930922851 -0.305631518 0.25
v -0.0929291025 -0.306007117 0.25
v -0.0925897956 -0.307365626 0.25
v -0.0924489349 -0.308137298 0.25
v -0.0922495201 -0.308827102 0.25
v -0.0921343192 -0.309013933 0.25
v -0.0917295963 -0.310334295 0.25
v -0.0915815234 -0.311178625 0.25
v -0.0913852826 -0.311905056 0.25
v -0.0911857039 -0.312403798 0.25
v -0.0908118635 -0.313472211 0.25
v -0.0907080993 -0.314223617 0.25
v -0.0905397758 -0.315006018 0.25
v -0.0903676599 -0.315484166 0.25
v -0.0900834277 -0.316129506 0.25
v -0.0898115039 -0.317270279 0.25
v -0.089696385 -0.318044871 0.25
v -0.0894145817 -0.318832278 0.25
v -0.0893549025 -0.318989486 0.25
v -0.0889377147 -0.320326626 0.25
v -0.0888052732 -0.321091533 0.25
v -0.088645339 -0.321824908 0.25
v -0.088433072 -0.322261959 0.25
v -0.0881397352 -0.323089391 0.25
v -0.0879251286 -0.324137509 0.25
v -0.0877557844 -0.324915618 0.25
v -0.0875674188 -0.325496733 0.25
v -0.0873589963 -0.325953156 0.25
v -0.087052688 -0.327157915 0.25
v -0.0869106129 -0.327957124 0.25
v -0.086705409 -0.328600436 0.25
v -0.0865167081 -0.32903713 0.25
v -0.0861480162 -0.33023721 0.25
v -0.0860464275 -0.330996484 0.25
v -0.0858471319 -0.331784844 0.25
v -0.0857011825 -0.332126439 0.25
v -0.0853435397 -0.333080649 0.25
v -0.085151419 -0.334044486 0.25
v -0.0850055814 -0.334814131 0.25
v -0.0847352743 -0.33552137 0.25
v -0.0846870095 -0.335634172 0.25
v -0.084270224 -0.337100774 0.25
v -0.0841340199 -0.337867856 0.25
v -0.0839591101 -0.338528097 0.25
v -0.0837595612 -0.338930309 0.25
v -0.0834161788 -0.340037376 0.25
v -0.0832659081 -0.340911865 0.25
v -0.0830550566 -0.341694415 0.25
v -0.0828926042 -0.342146903 0.25
v -0.0825087354 -0.34316808 0.25
v -0.0823884457 -0.343949467 0.25
v -0.0822343603 -0.344736218 0.25
v -0.0820314735 -0.34527415 0.25
v -0.0818221495 -0.345750809 0.25
v -0.0814886838 -0.347006917 0.25
v -0.081371136 -0.347775191 0.25
v -0.0811503679 -0.348564178 0.25
v -0.0810447708 -0.348753452 0.25
v -0.0806405544 -0.349959821 0.25
v -0.0804860443 -0.35081777 0.25
v -0.0803209916 -0.351553172 0.25
v -0.0800840259 -0.352125198 0.25
v -0.0798771903 -0.352691263 0.25
v -0.0796114281 -0.353868544 0.25
v -0.0794128999 -0.354644775 0.25
v -0.0792302713 -0.355127931 0.25
v -0.0789261684 -0.354937017 0.25
v -0.0782604665 -0.354134858 0.25
v -0.0778607354 -0.353051513 0.25
v -0.0777216032 -0.352264196 0.25
v -0.0774539486 -0.351478636 0.25
v -0.077345103 -0.351226747 0.25
v -0.0769398734 -0.350133538 0.25
v -0.0767510608 -0.349240959 0.25
v -0.0765439346 -0.348547608 0.25
v -0.0763906091 -0.348224819 0.25
v -0.0760042518 -0.347140163 0.25
v -0.0757965669 -0.346221596 0.25
v -0.0756003484 -0.345611125 0.25
v -0.0753681585 -0.345138013 0.25
v -0.075023368 -0.343979001 0.25
v -0.0748630092 -0.343202978 0.25
v -0.0746309608 -0.342598945 0.25
v -0.074421607 -0.342212349 0.25
v -0.0740712211 -0.340960115 0.25
v -0.0739147067 -0.340200812 0.25
v -0.0736309737 -0.339514196 0.25
v -0.0735407472 -0.339369774 0.25
v -0.0731361657 -0.337935925 0.25
v -0.0729290992 -0.337171942 0.25
v -0.0726834312 -0.33658272 0.25
v -0.0726761967 -0.336574078 0.25
v -0.0722034052 -0.334917963 0.25
v -0.0719633847 -0.334143072 0.25
v -0.0718027726 -0.333724529 0.25
v -0.0714090094 -0.332782179 0.25
v -0.0712585449 -0.331906348 0.25
v -0.0710206181 -0.331120789 0.25
v -0.07049945 -0.329874456 0.25
v -0.0702892691 -0.328883022 0.25
v -0.0700889826 -0.328171909 0.25
v -0.0699115917 -0.327786803 0.25
v -0.069557555 -0.326843321 0.25
v -0.069344528 -0.325862497 0.25
v -0.0691438764 -0.325213611 0.25
v -0.0689116865 -0.324741751 0.25
v -0.0685590655 -0.323635459 0.25
v -0.0684065595 -0.322847962 0.25
v -0.0681621656 -0.322192848 0.25
v -0.0679763779 -0.321834415 0.25
v -0.0676134452 -0.32059899 0.25
v -0.0674633458 -0.31983766 0.25
v -0.0671557412 -0.319108009 0.25
v -0.0670895353 -0.318995714 0.25
v -0.0666750297 -0.317576677 0.25
v -0.0664774254 -0.316811383 0.25
v -0.0662324131 -0.316190749 0.25
v -0.0662043244 -0.316133767 0.25
v -0.0657431409 -0.314575016 0.25
v -0.0655205026 -0.313785434 0.25
v -0.0653474554 -0.313311934 0.25
v -0.065000318 -0.31257534 0.25
v -0.0647943243 -0.31154865 0.25
v -0.0645702779 -0.310764492 0.25
v -0.0644066408 -0.310362339 0.25
v -0.064065069 -0.309618741 0.25
v -0.0638308451 -0.30852437 0.25
v -0.063641049 -0.307796001 0.25
v -0.0634330139 -0.307335228 0.25
v -0.0631224737 -0.306594223 0.25
v -0.0628857613 -0.305506885 0.25
v -0.0626844615 -0.304883868 0.25
v -0.0622537099 -0.304417372 0.25
v -0.0616939962 -0.304110199 0.25
v -0.0604999661 -0.304058105 0.25
v -0.0581112057 -0.304058105 0.25
v -0.057314951 -0.304054737 0.25
v -0.0565186962 -0.304055065 0.25
v -0.0557224117 -0.304058105 0.25
v -0.0405935757 -0.304058105 0.25
v -0.0397973247 -0.304061025 0.25
v -0.03900107 -0.304059505 0.25
v -0.0382048413 -0.304052502 0.25
v -0.0374086164 -0.304052979 0.25
v -0.0366123617 -0.304057151 0.25
v -0.0358161069 -0.304057956 0.25
v -0.0350198522 -0.304061949 0.25
v -0.0345744938 -0.3041192 0.25
v -0.0341745727 -0.305165052 0.25
v -0.0343268476 -0.305925429 0.25
v -0.0346242823 -0.30665043 0.25
v -0.0347576551 -0.306914896 0.25
v -0.0351897068 -0.308170259 0.25
v -0.0353661701 -0.308890164 0.25
v -0.0356406607 -0.309472352 0.25
v -0.0358261093 -0.309753001 0.25
v -0.0362100378 -0.31114462 0.25
v -0.0364105776 -0.311762661 0.25
v -0.0366590694 -0.312225878 0.25
v -0.0370079316 -0.313287109 0.25
v -0.0372565091 -0.314131886 0.25
v -0.0374277756 -0.314551413 0.25
v -0.037817128 -0.315300822 0.25
v -0.0380480178 -0.316348642 0.25
v -0.038352713 -0.317129731 0.25
v -0.038411431 -0.317238539 0.25
v -0.038875211 -0.318530947 0.25
v -0.03911715 -0.319329023 0.25
v -0.0393621102 -0.319869041 0.25
v -0.0397427604 -0.320821673 0.25
v -0.039903935 -0.321576834 0.25
v -0.0401554257 -0.322213173 0.25
v -0.0403681435 -0.322594583 0.25
v -0.0407565646 -0.323797047 0.25
v -0.0409415625 -0.324551046 0.25
v -0.0411664024 -0.325013727 0.25
v -0.0414651074 -0.325565577 0.25
v -0.0417811647 -0.326781452 0.25
v -0.0419884585 -0.327409118 0.25
v -0.0421868227 -0.327787608 0.25
v -0.0425662547 -0.328910649 0.25
v -0.0428491645 -0.329775482 0.25
v -0.0430109091 -0.330169201 0.25
v -0.0434266813 -0.331124574 0.25
v -0.0436109193 -0.331992805 0.25
v -0.0439413264 -0.332748026 0.25
v -0.0440004133 -0.332861662 0.25
v -0.0444685481 -0.334240705 0.25
v -0.044669427 -0.334934711 0.25
v -0.0449318215 -0.335477352 0.25
v -0.0451979451 -0.33611235 0.25
v -0.0454856567 -0.337215692 0.25
v -0.0456997901 -0.337804049 0.25
v -0.0459555723 -0.338264853 0.25
v -0.0463149175 -0.339431792 0.25
v -0.0465391912 -0.340204477 0.25
v -0.0467090756 -0.340569675 0.25
v -0.0470913351 -0.341377258 0.25
v -0.0473523736 -0.342422456 0.25
v -0.0475973599 -0.343084812 0.25
v -0.0476811156 -0.34324041 0.25
v -0.0484338813 -0.345416129 0.25
v -0.048614502 -0.345826983 0.25
v -0.049028296 -0.346908212 0.25
v -0.0491815917 -0.347645611 0.25
v -0.0494664796 -0.348280162 0.25
v -0.0496389307 -0.348563343 0.25
v -0.0500368476 -0.349871963 0.25
v -0.0502299555 -0.350574195 0.25
v -0.0504708476 -0.351067811 0.25
v -0.0507777445 -0.351761818 0.25
v -0.0510704331 -0.352855593 0.25
v -0.051266592 -0.353413939 0.25
v -0.0515311062 -0.353911728 0.25
v -0.051860299 -0.355059415 0.25
v -0.05213603 -0.35585165 0.25
v -0.052271381 -0.35616222 0.25
v -0.0526968203 -0.357164174 0.25
v -0.0529252775 -0.358069688 0.25
v -0.0532339029 -0.358796954 0.25
v -0.05323961 -0.358807027 0.25
v -0.0539711565 -0.361004293 0.25
v -0.054206226 -0.361474484 0.25
v -0.054590039 -0.362532794 0.25
v -0.0547629744 -0.363290966 0.25
v -0.0549997091 -0.363853663 0.25
v -0.0552456304 -0.364268631 0.25
v -0.0556032509 -0.36550796 0.25
v -0.0558083132 -0.366240412 0.25
v -0.0559983402 -0.366616011 0.25
v -0.0563694127 -0.367474824 0.25
v -0.0566422343 -0.368497491 0.25
v -0.0568505153 -0.369060993 0.25
v -0.0570800193 -0.3695122 0.25
v -0.0574248396 -0.370681733 0.25
v -0.0577268228 -0.371495396 0.25
v -0.0578538962 -0.371792197 0.25
v -0.0582904369 -0.372932196 0.25
v -0.0584663674 -0.373703778 0.25
v -0.0587804131 -0.374392629 0.25
v -0.058872249 -0.374519795 0.25
v -0.059312664 -0.375947535 0.25
v -0.0595165677 -0.376621187 0.25
v -0.0597665273 -0.377119631 0.25
v -0.0601015724 -0.378004044 0.25
v -0.0603420958 -0.378929019 0.25
v -0.0605435409 -0.379451543 0.25
v -0.0608310848 -0.37996611 0.25
v -0.0611612089 -0.381146461 0.25
v -0.0614106916 -0.381922454 0.25
v -0.0615421161 -0.38218087 0.25
v -0.0619622692 -0.383213133 0.25
v -0.0622079335 -0.384141237 0.25
v -0.0624467619 -0.384747297 0.25
v -0.0625209659 -0.384890407 0.25
v -0.06300354 -0.386346042 0.25
v -0.0632801726 -0.387103438 0.25
v -0.0634496585 -0.387466103 0.25
v -0.0638701543 -0.388616383 0.25
v -0.0640257373 -0.38935858 0.25
v -0.0643030256 -0.389943361 0.25
v -0.0644984767 -0.390243888 0.25
v -0.0648801178 -0.391584218 0.25
v -0.0650779679 -0.392352283 0.25
v -0.0652777776 -0.393055558 0.25
v -0.065274328 -0.394683272 0.25
v -0.0652777776 -0.394907415 0.25
v -0.0652706027 -0.39627561 0.25
v -0.0652712211 -0.44953841 0.25
v -0.0652774349 -0.449551076 0.25
v -0.0667870417 -0.450271815 0.25
v -0.0674924776 -0.45026955 0.25
v -0.0682887286 -0.450263113 0.25
v -0.0690848976 -0.450262785 0.25
v -0.0698811859 -0.450268954 0.25
v -0.0961576104 -0.450269163 0.25
v -0.0968542323 -0.450115293 0.25
v -0.0972111449 -0.449537039 0.25
v 0.0546179861 -0.449537039 0.25
v 0.0546203591 -0.445979536 0.25
v 0.0546203591 -0.30562827 0.25
v 0.0547493808 -0.304751009 0.25
v 0.0550064072 -0.304136217 0.25
v 0.056038864 -0.304058105 0.25
v 0.0858635753 -0.304059416 0.25
v 0.0867407322 -0.30406177 0.25
v 0.0876179412 -0.304052502 0.25
v 0.0884950981 -0.304053754 0.25
v 0.0893723071 -0.304068506 0.25
v 0.0902493522 -0.304053009 0.25
v 0.0911263898 -0.304057658 0.25
v 0.0920035988 -0.304121822 0.25
v 0.0931429267 -0.304164916 0.25
v 0.095504418 -0.304351687 0.25
v 0.0963788033 -0.304409534 0.25
v 0.0981296077 -0.304513186 0.25
v 0.099005349 -0.304561943 0.25
v 0.0998812094 -0.30460459 0.25
v 0.100757286 -0.304639786 0.25
v 0.101633765 -0.304680705 0.25
v 0.102509953 -0.304769397 0.25
v 0.103370838 -0.304931879 0.25
v 0.104096644 -0.305095047 0.25
v 0.105098471 -0.305334896 0.25
v 0.105952963 -0.305447698 0.25
v 0.10682147 -0.305540413 0.25
v 0.107693538 -0.305630744 0.25
v 0.108566001 -0.305824608 0.25
v 0.109066375 -0.305974543 0.25
v 0.109961554 -0.306277871 0.25
v 0.111095004 -0.306493938 0.25
v 0.111956559 -0.306687534 0.25
v 0.112548262 -0.306895822 0.25
v 0.113499165 -0.307303578 0.25
v 0.114439897 -0.307505369 0.25
v 0.115278058 -0.307863355 0.25
v 0.115287721 -0.307869613 0.25
v 0.116902664 -0.308531255 0.25
v 0.11731635 -0.308730155 0.25
v 0.118283421 -0.309269994 0.25
v 0.119045228 -0.309611619 0.25
v 0.1197282 -0.310087681 0.25
v 0.120436944 -0.310618073 0.25
v 0.120983094 -0.311097652 0.25
v 0.121668272 -0.311670423 0.25
v 0.122502923 -0.312532187 0.25
v 0.122692645 -0.312725067 0.25
v 0.123481236 -0.313678741 0.25
v 0.124024563 -0.314362943 0.25
v 0.124551952 -0.315215677 0.25
v 0.12505351 -0.316204399 0.25
v 0.125402883 -0.316850185 0.25
v 0.125559211 -0.317103237 0.25
v 0.126057595 -0.318558484 0.25
v 0.126263201 -0.31914711 0.25
v 0.126593128 -0.319794834 0.25
v 0.126861632 -0.321008176 0.25
v 0.126973078 -0.321868032 0.25
v 0.127148598 -0.3227171 0.25
v 0.127312332 -0.323232979 0.25
v 0.127545953 -0.324288249 0.25
v 0.1276934 -0.325297415 0.25
v 0.12774013 -0.326165617 0.25
v 0.127759695 -0.327040493 0.25
v 0.127787039 -0.32879445 0.25
v 0.12780422 -0.329671592 0.25
v 0.127814516 -0.330548584 0.25
v 0.127813607 -0.36651361 0.25
v 0.127812594 -0.367390841 0.25
v 0.127816662 -0.369145185 0.25
v 0.127813265 -0.370022416 0.25
v 0.127803087 -0.370899618 0.25
v 0.127775967 -0.372653812 0.25
v 0.127767429 -0.373530954 0.25
v 0.127740651 -0.374408126 0.25
v 0.127657846 -0.37528494 0.25
v 0.127534658 -0.376158178 0.25
v 0.127372399 -0.377026945 0.25
v 0.127314806 -0.377314806 0.25
v 0.126961142 -0.37873733 0.25
v 0.126856819 -0.37959069 0.25
v 0.126677051 -0.380460829 0.25
v 0.126450717 -0.381076604 0.25
v 0.126051158 -0.381956011 0.25
v 0.125856519 -0.382936001 0.25
v 0.125462741 -0.383759111 0.25
v 0.125431314 -0.38379246 0.25
v 0.124673009 -0.385346144 0.25
v 0.123842984 -0.38675648 0.25
v 0.122772329 -0.388112456 0.25
v 0.122513607 -0.388398081 0.25
v 0.121704943 -0.389280587 0.25
v 0.120815419 -0.390074521 0.25
v 0.120633557 -0.390256405 0.25
v 0.119652078 -0.391016185 0.25
v 0.119101517 -0.391450882 0.25
v 0.118025266 -0.391976953 0.25
v 0.117806837 -0.392155379 0.25
v 0.116434336 -0.392732859 0.25
v 0.115935884 -0.392977446 0.25
v 0.115090713 -0.393378794 0.25
v 0.113971286 -0.393641055 0.25
v 0.113293625 -0.393841207 0.25
v 0.112743236 -0.394100577 0.25
v 0.111479245 -0.394429803 0.25
v 0.110624976 -0.394512773 0.25
v 0.109751724 -0.394651383 0.25
v 0.10899929 -0.394883275 0.25
v 0.10880398 -0.394946635 0.25
v 0.107204914 -0.395303637 0.25
v 0.106343359 -0.395367652 0.25
v 0.10546954 -0.395421565 0.25
v 0.10459391 -0.395491064 0.25
v 0.103719473 -0.395596504 0.25
v 0.102848642 -0.395734817 0.25
v 0.10229899 -0.395827562 0.25
v 0.101149097 -0.395984232 0.25
v 0.100247018 -0.396079063 0.25
v 0.0993747264 -0.396163076 0.25
v 0.0985015854 -0.39623633 0.25
v 0.0976277664 -0.396265328 0.25
v 0.0967511162 -0.39627251 0.25
v 0.09499681 -0.396299362 0.25
v 0.0941197723 -0.396306843 0.25
v 0.0932426155 -0.396325856 0.25
v 0.09236563 -0.396332353 0.25
v 0.0871024802 -0.396334559 0.25
v 0.0878229737 -0.375693858 0.25
v 0.0886040553 -0.375587463 0.25
v 0.0891442746 -0.375436962 0.25
v 0.0903960019 -0.375146091 0.25
v 0.0912452415 -0.374990731 0.25
v 0.0921029523 -0.374799073 0.25
v 0.0924272314 -0.374565184 0.25
v 0.0935255215 -0.373959988 0.25
v 0.0940428004 -0.373668492 0.25
v 0.0949479863 -0.372860402 0.25
v 0.0951229483 -0.372685432 0.25
v 0.0957611054 -0.371642947 0.25
v 0.0962538496 -0.37073493 0.25
v 0.0964230001 -0.369762748 0.25
v 0.0966029391 -0.368903667 0.25
v 0.0967109948 -0.368051946 0.25
v 0.0967428684 -0.367187262 0.25
v 0.0967512354 -0.366316646 0.25
v 0.0967520773 -0.337552726 0.25
v 0.096745804 -0.336681098 0.25
v 0.0967450142 -0.335809499 0.25
v 0.0967504382 -0.334937871 0.25
v 0.0967520773 -0.333194613 0.25
v 0.0966921225 -0.332322955 0.25
v 0.0965704992 -0.331454277 0.25
v 0.0964135081 -0.330590934 0.25
v 0.0962266698 -0.329733044 0.25
v 0.0960104465 -0.329075336 0.25
v 0.0956085771 -0.328527987 0.25
v 0.0949483812 -0.327670932 0.25
v 0.0945920572 -0.327306002 0.25
v 0.093663983 -0.326572299 0.25
v 0.0931524783 -0.32616514 0.25
v 0.0919530243 -0.325745463 0.25
v 0.0913026556 -0.325450778 0.25
v 0.0905460492 -0.325187266 0.25
v 0.0894795135 -0.325038135 0.25
v 0.0886159837 -0.3249771 0.25
v 0.0877466276 -0.324950486 0.25
v 0.0868757442 -0.324902654 0.25
v 0.0860721171 -0.325238764 0.25
v 0.0857567117 -0.325937063 0.25
v 0.0857550129 -0.328514457 0.25
v 0.0857523605 -0.329386115 0.25
v 0.0857567117 -0.330257714 0.25
v 0.0857567117 -0.373839378 0.25
v 0.0858233422 -0.374711037 0.25
v 0.086111106 -0.375462949 0.25
v 0.0863252953 -0.396493584 0.25
v 0.0858540833 -0.397112787 0.25
v 0.0857594758 -0.39807108 0.25
v 0.0857603252 -0.398940623 0.25
v 0.0857567638 -0.399817824 0.25
v 0.0857567117 -0.448063791 0.25
v 0.0857586861 -0.448940963 0.25
v 0.0857276618 -0.449605405 0.25
v 0.084795855 -0.45022884 0.25
v 0.0839704126 -0.450269163 0.25
v 0.055924423 -0.450269163 0.25
v 0.0550693087 -0.450233281 0.25
v 0.0546196811 -0.449539661 0.25
v 0.217580944 -0.449537039 0.25
v 0.217583314 -0.445894092 0.25
v 0.217583314 -0.308232516 0.25
v 0.2175823 -0.306421191 0.25
v 0.217583314 -0.305515528 0.25
v 0.217765689 -0.304609865 0.25
v 0.217990339 -0.304118603 0.25
v 0.219199851 -0.304058105 0.25
v 0.27897343 -0.304058105 0.25
v 0.279301286 -0.304141611 0.25
v 0.279779941 -0.305532128 0.25
v 0.279777467 -0.307291687 0.25
v 0.27978 -0.308197349 0.25
v 0.279779941 -0.320876628 0.25
v 0.279764742 -0.321782261 0.25
v 0.279166669 -0.322685182 0.25
v 0.279166669 -0.322685182 0.25
v 0.277537316 -0.322692364 0.25
v 0.256707132 -0.322692364 0.25
v 0.255801499 -0.322690666 0.25
v 0.255092591 -0.322685182 0.25
v 0.253990233 -0.322698057 0.25
v 0.252314806 -0.322685182 0.25
v 0.251273423 -0.322698534 0.25
v 0.250368565 -0.322786748 0.25
v 0.249544203 -0.323664427 0.25
v 0.249544203 -0.324309856 0.25
v 0.249537036 -0.325462967 0.25
v 0.249551281 -0.326935083 0.25
v 0.249544263 -0.328746349 0.25
v 0.249544203 -0.361350089 0.25
v 0.250090301 -0.362255782 0.25
v 0.250384629 -0.362558335 0.25
v 0.251563907 -0.362599999 0.25
v 0.252469599 -0.362609774 0.25
v 0.254280835 -0.36259833 0.25
v 0.255186409 -0.362604648 0.25
v 0.270582646 -0.362604022 0.25
v 0.271488279 -0.362599909 0.25
v 0.274205178 -0.362608582 0.25
v 0.275110871 -0.362606972 0.25
v 0.276016444 -0.362600356 0.25
v 0.276678175 -0.363074571 0.25
v 0.276891023 -0.363916129 0.25
v 0.276887327 -0.366612911 0.25
v 0.276887894 -0.373858184 0.25
v 0.276886672 -0.374763846 0.25
v 0.276890457 -0.377480835 0.25
v 0.276888579 -0.378386497 0.25
v 0.276820868 -0.379277021 0.25
v 0.27628687 -0.379982382 0.25
v 0.275407344 -0.379994661 0.25
v 0.27450183 -0.379987061 0.25
v 0.273596197 -0.379988879 0.25
v 0.272690535 -0.379994184 0.25
v 0.271784842 -0.379982144 0.25
v 0.270879269 -0.379987597 0.25
v 0.255483091 -0.379987925 0.25
v 0.254577398 -0.379991442 0.25
v 0.253671825 -0.379990846 0.25
v 0.251860559 -0.379984438 0.25
v 0.250954807 -0.379984677 0.25
v 0.250383824 -0.380034685 0.25
v 0.249550194 -0.381165683 0.25
v 0.249544725 -0.381875128 0.25
v 0.249544203 -0.429855943 0.25
v 0.249539018 -0.430761606 0.25
v 0.249537036 -0.431018502 0.25
v 0.250954866 -0.431749851 0.25
v 0.251740128 -0.431749046 0.25
v 0.252645761 -0.43175301 0.25
v 0.253551334 -0.431748629 0.25
v 0.254457027 -0.431747019 0.25
v 0.255362719 -0.431750119 0.25
v 0.278004169 -0.431750119 0.25
v 0.278909862 -0.43174687 0.25
v 0.279815495 -0.431855887 0.25
v 0.280120492 -0.431930721 0.25
v 0.280365318 -0.433390349 0.25
v 0.280363739 -0.437906027 0.25
v 0.280364364 -0.44877395 0.25
v 0.280325025 -0.449617237 0.25
v 0.279900223 -0.450101733 0.25
v 0.278738499 -0.450269163 0.25
v 0.21897611 -0.450269163 0.25
v 0.218070358 -0.450269163 0.25
v 0.217598915 -0.449564755 0.25
vt 0.368435264 0.037052568 0
vt 0.539982378 0.0289700329 0
vt 0.541261852 0.0288758688 0
vt 0.542542219 0.0287957583 0
vt 0.543821275 0.0286993776 0
vt 0.544641256 0.0277795345 0
vt 0.544679582 0.0265438128 0
vt 0.543157876 0.00479063485 0
vt 0.54342407 0.00395903597 0
vt 0.544946492 0.00355441216 0
vt 0.565418005 0.00212295121 0
vt 0.566697896 0.00203155982 0
vt 0.567978263 0.001953125 0
vt 0.56928879 0.00231238431 0
vt 0.569550753 0.00250754575 0
vt 0.569716156 0.00463815313 0
vt 0.575806677 0.091657415 0
vt 0.575886428 0.0929378495 0
vt 0.575981081 0.0942170247 0
vt 0.576061547 0.0954663232 0
vt 0.575806022 0.0957584232 0
vt 0.573729336 0.0964163169 0
vt 0.552004755 0.0979200378 0
vt 0.550720036 0.0979403332 0
vt 0.549858153 0.097575821 0
vt 0.549547672 0.0962028503 0
vt 0.549360454 0.0935693756 0
vt 0.549181581 0.0910099372 0
vt 0.549007773 0.0884503052 0
vt 0.548028469 0.0743732825 0
vt 0.547362208 0.0735626891 0
vt 0.546040356 0.0735361055 0
vt 0.372492433 0.0813455805 0
vt 0.371370256 0.0812125355 0
vt 0.37087968 0.0800913274 0
vt 0.370622307 0.078810811 0
vt 0.369692475 0.0737653673 0
vt 0.367711008 0.0430788621 0
vt 0.367644846 0.0417989045 0
vt 0.367524236 0.0392384119 0
vt 0.367726684 0.0379451178 0
vt 0.368179768 0.037200164 0
vt 0.287001729 0.600363314 0
vt 0.287001729 0.608888686 0
vt 0.287001729 0.714563012 0
vt 0.287001729 0.716210186 0
vt 0.287001729 0.71784842 0
vt 0.287001729 0.719476223 0
vt 0.287001729 0.721088111 0
vt 0.287001729 0.722098053 0
vt 0.287001729 0.723044097 0
vt 0.287001729 0.725691795 0
vt 0.287001729 0.727276504 0
vt 0.287001729 0.728878379 0
vt 0.287001729 0.730436027 0
vt 0.287001729 0.730550706 0
vt 0.287001729 0.733416438 0
vt 0.287001729 0.734983802 0
vt 0.287001729 0.736562371 0
vt 0.287001729 0.737943828 0
vt 0.287001729 0.741116941 0
vt 0.287001729 0.742676497 0
vt 0.287001729 0.743867218 0
vt 0.287001729 0.744797528 0
vt 0.287001729 0.747151256 0
vt 0.287001729 0.748719811 0
vt 0.287001729 0.750232756 0
vt 0.287001729 0.750833035 0
vt 0.287001729 0.753240943 0
vt 0.287001729 0.754761636 0
vt 0.287001729 0.756339729 0
vt 0.287001729 0.756888509 0
vt 0.287001729 0.758848429 0
vt 0.287001729 0.760769844 0
vt 0.287001729 0.762124658 0
vt 0.287001729 0.762913644 0
vt 0.287001729 0.764895618 0
vt 0.287001729 0.766764581 0
vt 0.287001729 0.768034995 0
vt 0.287001729 0.768923163 0
vt 0.287001729 0.771223426 0
vt 0.287001729 0.772759557 0
vt 0.287001729 0.77409941 0
vt 0.287001729 0.774665058 0
vt 0.287001729 0.77723062 0
vt 0.287001729 0.778752565 0
vt 0.287001729 0.780277193 0
vt 0.287001729 0.780292869 0
vt 0.287001729 0.783209085 0
vt 0.287001729 0.784735024 0
vt 0.287001729 0.785817206 0
vt 0.287001729 0.787303865 0
vt 0.287001729 0.789149582 0
vt 0.287001729 0.790712357 0
vt 0.287001729 0.791415989 0
vt 0.287001729 0.793434799 0
vt 0.287001729 0.795123696 0
vt 0.287001729 0.796683133 0
vt 0.287001729 0.797065794 0
vt 0.287001729 0.799374223 0
vt 0.287001729 0.801100492 0
vt 0.287001729 0.802422762 0
vt 0.287001729 0.802935719 0
vt 0.287001729 0.805355191 0
vt 0.287001729 0.807088614 0
vt 0.287001729 0.808210015 0
vt 0.287001729 0.809176028 0
vt 0.287001729 0.811522424 0
vt 0.287001729 0.813079596 0
vt 0.287001729 0.814158261 0
vt 0.287001729 0.814996004 0
vt 0.287001729 0.817531526 0
vt 0.287001729 0.819033384 0
vt 0.287001729 0.82029897 0
vt 0.287001729 0.820632875 0
vt 0.287001729 0.823529661 0
vt 0.287001729 0.825059354 0
vt 0.287001729 0.828032136 0
vt 0.287001729 0.829531014 0
vt 0.287001729 0.831081569 0
vt 0.287001729 0.831909001 0
vt 0.287001729 0.83364588 0
vt 0.287001729 0.835524559 0
vt 0.287001729 0.83709693 0
vt 0.287001729 0.837884188 0
vt 0.287001729 0.839279175 0
vt 0.287001729 0.841537774 0
vt 0.287001729 0.843003809 0
vt 0.287001729 0.84409833 0
vt 0.287001729 0.845091224 0
vt 0.287001729 0.847552299 0
vt 0.287001729 0.84909451 0
vt 0.287001729 0.850099027 0
vt 0.287001729 0.852044582 0
vt 0.287001729 0.853557229 0
vt 0.287001729 0.855116427 0
vt 0.287001729 0.855840921 0
vt 0.287001729 0.857712805 0
vt 0.287001729 0.859552681 0
vt 0.287001729 0.861124575 0
vt 0.287001729 0.861815572 0
vt 0.287001729 0.86344856 0
vt 0.287001729 0.865568697 0
vt 0.287001729 0.866991043 0
vt 0.287001729 0.868023098 0
vt 0.287001729 0.869482696 0
vt 0.287001729 0.871591091 0
vt 0.287001729 0.873132229 0
vt 0.287001729 0.874002695 0
vt 0.287001729 0.876102209 0
vt 0.287001729 0.877598166 0
vt 0.287001729 0.879159331 0
vt 0.287001729 0.879767299 0
vt 0.287001729 0.88180548 0
vt 0.287001729 0.883601665 0
vt 0.287001729 0.88510859 0
vt 0.287001729 0.885763288 0
vt 0.287001729 0.887615263 0
vt 0.287001729 0.889615655 0
vt 0.287001729 0.890991628 0
vt 0.287001729 0.891969383 0
vt 0.287001729 0.893909395 0
vt 0.287001729 0.89449054 0
vt 0.287001729 0.894949555 0
vt 0.287001729 0.895180821 0
vt 0.287001729 0.901041985 0
vt 0.287001729 0.901274145 0
vt 0.287001729 0.901499331 0
vt 0.287001729 0.901943147 0
vt 0.287001729 0.902157545 0
vt 0.287001729 0.902393103 0
vt 0.287001729 0.902612388 0
vt 0.287001729 0.90284133 0
vt 0.287001729 0.902864695 0
vt 0.287001729 0.900850296 0
vt 0.287001729 0.899939418 0
vt 0.287001729 0.899206758 0
vt 0.287001729 0.896485806 0
vt 0.287001729 0.894925475 0
vt 0.287001729 0.893551469 0
vt 0.287001729 0.893196642 0
vt 0.287001729 0.890573263 0
vt 0.287001729 0.888864338 0
vt 0.287001729 0.887413561 0
vt 0.287001729 0.886435807 0
vt 0.287001729 0.88432616 0
vt 0.287001729 0.88279742 0
vt 0.287001729 0.881222606 0
vt 0.287001729 0.880279839 0
vt 0.287001729 0.879022062 0
vt 0.287001729 0.876733541 0
vt 0.287001729 0.87515986 0
vt 0.287001729 0.873606861 0
vt 0.287001729 0.873297751 0
vt 0.287001729 0.870643079 0
vt 0.287001729 0.869094431 0
vt 0.287001729 0.867618918 0
vt 0.287001729 0.866772711 0
vt 0.287001729 0.865140021 0
vt 0.287001729 0.863027334 0
vt 0.287001729 0.861461699 0
vt 0.287001729 0.860310018 0
vt 0.287001729 0.859422565 0
vt 0.287001729 0.85701102 0
vt 0.287001729 0.855393946 0
vt 0.287001729 0.854118049 0
vt 0.287001729 0.853265941 0
vt 0.287001729 0.850881755 0
vt 0.287001729 0.849336088 0
vt 0.287001729 0.847757697 0
vt 0.287001729 0.847090662 0
vt 0.287001729 0.845213175 0
vt 0.287001729 0.843268931 0
vt 0.287001729 0.841714263 0
vt 0.287001729 0.840324223 0
vt 0.287001729 0.840103984 0
vt 0.287001729 0.837180734 0
vt 0.287001729 0.835628629 0
vt 0.287001729 0.834309101 0
vt 0.287001729 0.833531559 0
vt 0.287001729 0.831333101 0
vt 0.287001729 0.829562187 0
vt 0.287001729 0.827999115 0
vt 0.287001729 0.827106833 0
vt 0.287001729 0.825097978 0
vt 0.287001729 0.82351172 0
vt 0.287001729 0.821923912 0
vt 0.287001729 0.82086587 0
vt 0.287001729 0.819936693 0
vt 0.287001729 0.817426324 0
vt 0.287001729 0.81586653 0
vt 0.287001729 0.814292908 0
vt 0.287001729 0.813930333 0
vt 0.287001729 0.811543167 0
vt 0.287001729 0.809807837 0
vt 0.287001729 0.808329582 0
vt 0.287001729 0.807210505 0
vt 0.287001729 0.806095183 0
vt 0.287001729 0.803729177 0
vt 0.287001729 0.80217576 0
vt 0.287001729 0.801225603 0
vt 0.287001729 0.801707566 0
vt 0.287001729 0.803559422 0
vt 0.287001729 0.805919111 0
vt 0.287001729 0.807591081 0
vt 0.287001729 0.809295833 0
vt 0.287001729 0.809848964 0
vt 0.287001729 0.812230647 0
vt 0.287001729 0.814134955 0
vt 0.287001729 0.81563139 0
vt 0.287001729 0.816344142 0
vt 0.287001729 0.818702757 0
vt 0.287001729 0.820666313 0
vt 0.287001729 0.821987808 0
vt 0.287001729 0.823034585 0
vt 0.287001729 0.825535595 0
vt 0.287001729 0.82719022 0
vt 0.287001729 0.828508437 0
vt 0.287001729 0.829369366 0
vt 0.287001729 0.832065225 0
vt 0.287001729 0.833684087 0
vt 0.287001729 0.83518827 0
vt 0.287001729 0.835513294 0
vt 0.287001729 0.838601112 0
vt 0.287001729 0.840243995 0
vt 0.287001729 0.84153533 0
vt 0.287001729 0.841555357 0
vt 0.287001729 0.845123351 0
vt 0.287001729 0.846798182 0
vt 0.287001729 0.847711563 0
vt 0.287001729 0.849777162 0
vt 0.287001729 0.851635933 0
vt 0.287001729 0.853332222 0
vt 0.287001729 0.85606432 0
vt 0.287001729 0.858179688 0
vt 0.287001729 0.859710991 0
vt 0.287001729 0.860559821 0
vt 0.287001729 0.862616479 0
vt 0.287001729 0.864710629 0
vt 0.287001729 0.866113007 0
vt 0.287001729 0.867157221 0
vt 0.287001729 0.869551122 0
vt 0.287001729 0.871227264 0
vt 0.287001729 0.872654974 0
vt 0.287001729 0.873450875 0
vt 0.287001729 0.876115441 0
vt 0.287001729 0.877736688 0
vt 0.287001729 0.879336774 0
vt 0.287001729 0.879588366 0
vt 0.287001729 0.882648289 0
vt 0.287001729 0.884291172 0
vt 0.287001729 0.885647535 0
vt 0.287001729 0.885773659 0
vt 0.287001729 0.889136553 0
vt 0.287001729 0.890836895 0
vt 0.287001729 0.891867757 0
vt 0.287001729 0.893493533 0
vt 0.287001729 0.895680845 0
vt 0.287001729 0.897370279 0
vt 0.287001729 0.89825052 0
vt 0.287001729 0.899889231 0
vt 0.287001729 0.902224839 0
vt 0.287001729 0.903788984 0
vt 0.287001729 0.904803395 0
vt 0.287001729 0.90642792 0
vt 0.287001729 0.90874964 0
vt 0.287001729 0.910098553 0
vt 0.287001729 0.911187828 0
vt 0.287001729 0.911983311 0
vt 0.287001729 0.912429392 0
vt 0.287001729 0.913105667 0
vt 0.287001729 0.913338065 0
vt 0.287001729 0.913562775 0
vt 0.287001729 0.913781941 0
vt 0.287001729 0.918065071 0
vt 0.287001729 0.918284416 0
vt 0.287001729 0.918513 0
vt 0.287001729 0.918752968 0
vt 0.287001729 0.91897738 0
vt 0.287001729 0.919194162 0
vt 0.287001729 0.919417918 0
vt 0.287001729 0.919635057 0
vt 0.287001729 0.919642448 0
vt 0.287001729 0.917586982 0
vt 0.287001729 0.915967047 0
vt 0.287001729 0.914379478 0
vt 0.287001729 0.913793325 0
vt 0.287001729 0.911067784 0
vt 0.287001729 0.909524977 0
vt 0.287001729 0.90824002 0
vt 0.287001729 0.907605588 0
vt 0.287001729 0.904611111 0
vt 0.287001729 0.903272748 0
vt 0.287001729 0.902241886 0
vt 0.287001729 0.899942458 0
vt 0.287001729 0.898120284 0
vt 0.287001729 0.897201896 0
vt 0.287001729 0.895537674 0
vt 0.287001729 0.89329946 0
vt 0.287001729 0.891593456 0
vt 0.287001729 0.891351223 0
vt 0.287001729 0.88853991 0
vt 0.287001729 0.886816502 0
vt 0.287001729 0.885627329 0
vt 0.287001729 0.883544147 0
vt 0.287001729 0.881932557 0
vt 0.287001729 0.880541801 0
vt 0.287001729 0.879690707 0
vt 0.287001729 0.877087176 0
vt 0.287001729 0.875471294 0
vt 0.287001729 0.87444824 0
vt 0.287001729 0.873219371 0
vt 0.287001729 0.870608568 0
vt 0.287001729 0.869248271 0
vt 0.287001729 0.868407309 0
vt 0.287001729 0.865971088 0
vt 0.287001729 0.864097595 0
vt 0.287001729 0.863235414 0
vt 0.287001729 0.861136556 0
vt 0.287001729 0.859283984 0
vt 0.287001729 0.857624352 0
vt 0.287001729 0.857372046 0
vt 0.287001729 0.854379833 0
vt 0.287001729 0.852883816 0
vt 0.287001729 0.851684272 0
vt 0.287001729 0.850292206 0
vt 0.287001729 0.847922742 0
vt 0.287001729 0.846642077 0
vt 0.287001729 0.845614135 0
vt 0.287001729 0.843092561 0
vt 0.287001729 0.84142679 0
vt 0.287001729 0.840621412 0
vt 0.287001729 0.838838518 0
vt 0.287001729 0.836597264 0
vt 0.287001729 0.835154414 0
vt 0.287001729 0.834808052 0
vt 0.287001729 0.830083251 0
vt 0.287001729 0.829180121 0
vt 0.287001729 0.82682091 0
vt 0.287001729 0.825248361 0
vt 0.287001729 0.823851883 0
vt 0.287001729 0.823215842 0
vt 0.287001729 0.820389569 0
vt 0.287001729 0.81887871 0
vt 0.287001729 0.817786932 0
vt 0.287001729 0.816260934 0
vt 0.287001729 0.813909948 0
vt 0.287001729 0.812696636 0
vt 0.287001729 0.811589479 0
vt 0.287001729 0.809116364 0
vt 0.287001729 0.807395518 0
vt 0.287001729 0.806713164 0
vt 0.287001729 0.804515004 0
vt 0.287001729 0.802572608 0
vt 0.287001729 0.800977111 0
vt 0.287001729 0.80095464 0
vt 0.287001729 0.796191156 0
vt 0.287001729 0.795149565 0
vt 0.287001729 0.792846322 0
vt 0.287001729 0.791225195 0
vt 0.287001729 0.789991379 0
vt 0.287001729 0.789061248 0
vt 0.287001729 0.786390007 0
vt 0.287001729 0.784813166 0
vt 0.287001729 0.783980489 0
vt 0.287001729 0.782094538 0
vt 0.287001729 0.779896617 0
vt 0.287001729 0.778669178 0
vt 0.287001729 0.777668536 0
vt 0.287001729 0.775145769 0
vt 0.287001729 0.773373008 0
vt 0.287001729 0.772721529 0
vt 0.287001729 0.770233989 0
vt 0.287001729 0.768584192 0
vt 0.287001729 0.767066836 0
vt 0.287001729 0.766777158 0
vt 0.287001729 0.763691843 0
vt 0.287001729 0.762237191 0
vt 0.287001729 0.761132836 0
vt 0.287001729 0.75920403 0
vt 0.287001729 0.757217824 0
vt 0.287001729 0.75607729 0
vt 0.287001729 0.754928827 0
vt 0.287001729 0.752387702 0
vt 0.287001729 0.750707924 0
vt 0.287001729 0.750134885 0
vt 0.287001729 0.747875392 0
vt 0.287001729 0.745881259 0
vt 0.287001729 0.744556904 0
vt 0.287001729 0.744239151 0
vt 0.287001729 0.741084039 0
vt 0.287001729 0.739435136 0
vt 0.287001729 0.738635063 0
vt 0.287001729 0.736130774 0
vt 0.287001729 0.734547675 0
vt 0.287001729 0.733256578 0
vt 0.287001729 0.732578039 0
vt 0.287001729 0.729690611 0
vt 0.287001729 0.728041887 0
vt 0.287001729 0.726526976 0
vt 0.287001729 0.723152637 0
vt 0.287001729 0.722686887 0
vt 0.287001729 0.719851732 0
vt 0.287001729 0.609403014 0
vt 0.287001729 0.609375 0
vt 0.287001729 0.607453048 0
vt 0.287001729 0.607258022 0
vt 0.287001729 0.607045949 0
vt 0.287001729 0.606821239 0
vt 0.287001729 0.606582999 0
vt 0.287001729 0.599143445 0
vt 0.287001729 0.599265277 0
vt 0.950883627 0.229821876 0
vt 0.950883627 0.23743315 0
vt 0.950883627 0.537675917 0
vt 0.950883627 0.539604962 0
vt 0.950883627 0.541024446 0
vt 0.950883627 0.541610539 0
vt 0.950883627 0.55371201 0
vt 0.950883627 0.554063022 0
vt 0.950883627 0.554438829 0
vt 0.950883627 0.554792106 0
vt 0.950883627 0.555116594 0
vt 0.950883627 0.555505693 0
vt 0.950883627 0.555851698 0
vt 0.950883627 0.556070447 0
vt 0.950883627 0.556440651 0
vt 0.950883627 0.556999505 0
vt 0.950883627 0.557230651 0
vt 0.950883627 0.557719469 0
vt 0.950883627 0.557970583 0
vt 0.950883627 0.558234811 0
vt 0.950883627 0.558515072 0
vt 0.950883627 0.558783233 0
vt 0.950883627 0.558949113 0
vt 0.950883627 0.558950961 0
vt 0.950883627 0.558896422 0
vt 0.950883627 0.558789909 0
vt 0.950883627 0.558895409 0
vt 0.950883627 0.559049547 0
vt 0.950883627 0.559210241 0
vt 0.950883627 0.559149623 0
vt 0.950883627 0.559031963 0
vt 0.950883627 0.558746338 0
vt 0.950883627 0.558744133 0
vt 0.950883627 0.5586797 0
vt 0.950883627 0.558474243 0
vt 0.950883627 0.557987869 0
vt 0.950883627 0.557938039 0
vt 0.950883627 0.557512343 0
vt 0.950883627 0.557502925 0
vt 0.950883627 0.556742907 0
vt 0.950883627 0.556485295 0
vt 0.950883627 0.555722952 0
vt 0.950883627 0.555301309 0
vt 0.950883627 0.554560065 0
vt 0.950883627 0.553713083 0
vt 0.950883627 0.552908838 0
vt 0.950883627 0.55196166 0
vt 0.950883627 0.550456882 0
vt 0.950883627 0.550121248 0
vt 0.950883627 0.548401177 0
vt 0.950883627 0.547158062 0
vt 0.950883627 0.545547903 0
vt 0.950883627 0.543636322 0
vt 0.950883627 0.542396665 0
vt 0.950883627 0.541918755 0
vt 0.950883627 0.539007962 0
vt 0.950883627 0.537832201 0
vt 0.950883627 0.536580443 0
vt 0.950883627 0.534093797 0
vt 0.950883627 0.532299638 0
vt 0.950883627 0.530554533 0
vt 0.950883627 0.529517353 0
vt 0.950883627 0.527354717 0
vt 0.950883627 0.52525574 0
vt 0.950883627 0.523417413 0
vt 0.950883627 0.521553814 0
vt 0.950883627 0.517812788 0
vt 0.950883627 0.515943408 0
vt 0.950883627 0.514071465 0
vt 0.950883627 0.437133849 0
vt 0.950883627 0.435256869 0
vt 0.950883627 0.431505591 0
vt 0.950883627 0.429627597 0
vt 0.950883627 0.427746952 0
vt 0.950883627 0.423983306 0
vt 0.950883627 0.422103465 0
vt 0.950883627 0.420216113 0
vt 0.950883627 0.418306798 0
vt 0.950883627 0.41638878 0
vt 0.950883627 0.414464414 0
vt 0.950883627 0.413825244 0
vt 0.950883627 0.41063863 0
vt 0.950883627 0.40877074 0
vt 0.950883627 0.406836361 0
vt 0.950883627 0.405427247 0
vt 0.950883627 0.403383821 0
vt 0.950883627 0.401208431 0
vt 0.950883627 0.39928779 0
vt 0.950883627 0.399203688 0
vt 0.950883627 0.395572245 0
vt 0.950883627 0.392218381 0
vt 0.950883627 0.388883114 0
vt 0.950883627 0.388167083 0
vt 0.950883627 0.385951012 0
vt 0.950883627 0.383891612 0
vt 0.950883627 0.383428693 0
vt 0.950883627 0.381405026 0
vt 0.950883627 0.380251676 0
vt 0.950883627 0.378689498 0
vt 0.950883627 0.378219157 0
vt 0.950883627 0.376426756 0
vt 0.950883627 0.375701249 0
vt 0.950883627 0.374499679 0
vt 0.950883627 0.373484313 0
vt 0.950883627 0.372781128 0
vt 0.950883627 0.37200287 0
vt 0.950883627 0.370785624 0
vt 0.950883627 0.370261431 0
vt 0.950883627 0.369610488 0
vt 0.950883627 0.368809044 0
vt 0.950883627 0.368594259 0
vt 0.950883627 0.367181569 0
vt 0.950883627 0.366694957 0
vt 0.950883627 0.366225004 0
vt 0.950883627 0.365720928 0
vt 0.950883627 0.365140498 0
vt 0.950883627 0.364491194 0
vt 0.950883627 0.3640697 0
vt 0.950883627 0.363267869 0
vt 0.950883627 0.362698883 0
vt 0.950883627 0.362165153 0
vt 0.950883627 0.361654103 0
vt 0.950883627 0.361237437 0
vt 0.950883627 0.360866249 0
vt 0.950883627 0.360096842 0
vt 0.950883627 0.359724909 0
vt 0.950883627 0.35932824 0
vt 0.950883627 0.358958423 0
vt 0.950883627 0.356817663 0
vt 0.950883627 0.401265144 0
vt 0.950883627 0.401809752 0
vt 0.950883627 0.402350962 0
vt 0.950883627 0.403481215 0
vt 0.950883627 0.404158205 0
vt 0.950883627 0.404916316 0
vt 0.950883627 0.405548245 0
vt 0.950883627 0.407288641 0
vt 0.950883627 0.408122152 0
vt 0.950883627 0.410218209 0
vt 0.950883627 0.410663515 0
vt 0.950883627 0.413152635 0
vt 0.950883627 0.415295064 0
vt 0.950883627 0.417443424 0
vt 0.950883627 0.4193542 0
vt 0.950883627 0.421220094 0
vt 0.950883627 0.423082769 0
vt 0.950883627 0.424948603 0
vt 0.950883627 0.486481398 0
vt 0.950883627 0.488343477 0
vt 0.950883627 0.490207702 0
vt 0.950883627 0.492074519 0
vt 0.950883627 0.495804399 0
vt 0.950883627 0.497644722 0
vt 0.950883627 0.499453664 0
vt 0.950883627 0.501236856 0
vt 0.950883627 0.502996206 0
vt 0.950883627 0.504315495 0
vt 0.950883627 0.505323291 0
vt 0.950883627 0.506888747 0
vt 0.950883627 0.507524788 0
vt 0.950883627 0.508717716 0
vt 0.950883627 0.509381115 0
vt 0.950883627 0.509792089 0
vt 0.950883627 0.510158539 0
vt 0.950883627 0.510415196 0
vt 0.950883627 0.510301352 0
vt 0.950883627 0.51008147 0
vt 0.950883627 0.509785593 0
vt 0.950883627 0.509534478 0
vt 0.950883627 0.508489251 0
vt 0.950883627 0.506867468 0
vt 0.950883627 0.501353145 0
vt 0.950883627 0.4994874 0
vt 0.950883627 0.497624636 0
vt 0.950883627 0.404393703 0
vt 0.950883627 0.402556092 0
vt 0.950883627 0.401064366 0
vt 0.950883627 0.356162041 0
vt 0.950883627 0.354646206 0
vt 0.950883627 0.352557808 0
vt 0.950883627 0.350697994 0
vt 0.950883627 0.348820031 0
vt 0.950883627 0.245611072 0
vt 0.950883627 0.243735403 0
vt 0.950883627 0.242301434 0
vt 0.950883627 0.240589589 0
vt 0.950883627 0.240168318 0
vt 0.950883627 0.228785917 0
vt 0.950883627 0.228515625 0
vt 0.950883627 0.229816973 0
vt 0.439415753 0.574681282 0
vt 0.440195054 0.570040882 0
vt 0.491975099 0.319981486 0
vt 0.491721898 0.316432983 0
vt 0.491619617 0.314640999 0
vt 0.491813749 0.312818021 0
vt 0.492109179 0.311747432 0
vt 0.494463861 0.311523765 0
vt 0.60900861 0.322526842 0
vt 0.609622896 0.322745651 0
vt 0.610298693 0.325498432 0
vt 0.609990299 0.328875929 0
vt 0.609839082 0.33061415 0
vt 0.607396185 0.354921311 0
vt 0.607194185 0.356655031 0
vt 0.605875254 0.358273029 0
vt 0.602748692 0.357983232 0
vt 0.562783003 0.354209155 0
vt 0.56104511 0.354030281 0
vt 0.559685171 0.353881657 0
vt 0.557564199 0.353690475 0
vt 0.554345071 0.353336483 0
vt 0.552339017 0.353154987 0
vt 0.550580263 0.353141159 0
vt 0.54880923 0.354654998 0
vt 0.548698306 0.35589841 0
vt 0.548478007 0.35811758 0
vt 0.54823488 0.360954016 0
vt 0.547877908 0.364437968 0
vt 0.536923468 0.426420689 0
vt 0.537532508 0.428365797 0
vt 0.537945092 0.429066688 0
vt 0.540137768 0.429671228 0
vt 0.541831195 0.430096179 0
vt 0.545231462 0.430886298 0
vt 0.546925664 0.431307167 0
vt 0.575789869 0.438190639 0
vt 0.577489257 0.438590944 0
vt 0.582578063 0.439828038 0
vt 0.584276736 0.440231323 0
vt 0.585977614 0.44062677 0
vt 0.587005973 0.441812724 0
vt 0.587031007 0.443486363 0
vt 0.58582747 0.448544174 0
vt 0.582522035 0.462112635 0
vt 0.582107246 0.463808447 0
vt 0.580874562 0.468900651 0
vt 0.580458581 0.47059688 0
vt 0.579926074 0.472235024 0
vt 0.578604937 0.473315299 0
vt 0.576949596 0.472943366 0
vt 0.575254679 0.472522348 0
vt 0.573556125 0.472117394 0
vt 0.571855962 0.471719146 0
vt 0.570163667 0.471288979 0
vt 0.568463564 0.470891833 0
vt 0.539614201 0.463947862 0
vt 0.537916005 0.463543296 0
vt 0.536220312 0.463129729 0
vt 0.532833099 0.462283939 0
vt 0.531137049 0.461868912 0
vt 0.530045211 0.461701602 0
vt 0.527973533 0.463445991 0
vt 0.527676642 0.4647789 0
vt 0.506786466 0.554647684 0
vt 0.506311893 0.556325078 0
vt 0.506175578 0.556800425 0
vt 0.50846833 0.558843911 0
vt 0.509936929 0.559206307 0
vt 0.511628091 0.559633136 0
vt 0.513323367 0.560044229 0
vt 0.515017927 0.560460567 0
vt 0.516710579 0.560885549 0
vt 0.559037805 0.571471393 0
vt 0.560735703 0.57188046 0
vt 0.5623824 0.572498858 0
vt 0.562919736 0.572778165 0
vt 0.562718093 0.575625241 0
vt 0.560680032 0.584090412 0
vt 0.555795372 0.604466498 0
vt 0.555343568 0.606029809 0
vt 0.554331303 0.606749356 0
vt 0.552078128 0.606549203 0
vt 0.44093591 0.576905489 0
vt 0.439795852 0.576157212 0
vt 0.439602882 0.574998856 0
vt 0.377989948 0.294000566 0
vt 0.377724022 0.293872386 0
vt 0.377217025 0.293163121 0
vt 0.376919061 0.291888177 0
vt 0.376849324 0.289325923 0
vt 0.376820236 0.288044572 0
vt 0.376517087 0.257295668 0
vt 0.377069473 0.25219512 0
vt 0.37723133 0.250898868 0
vt 0.377637148 0.24974446 0
vt 0.378746361 0.249528587 0
vt 0.552394986 0.244427219 0
vt 0.553711236 0.24430266 0
vt 0.554315686 0.243444949 0
vt 0.554246783 0.22933422 0
vt 0.554230094 0.226768598 0
vt 0.554218054 0.224202543 0
vt 0.554209173 0.221562579 0
vt 0.554416835 0.220170185 0
vt 0.555249274 0.219742954 0
vt 0.556531727 0.219667658 0
vt 0.578308225 0.219553635 0
vt 0.580428064 0.220055625 0
vt 0.58070457 0.220328078 0
vt 0.580717087 0.221579626 0
vt 0.580717683 0.222862586 0
vt 0.580733299 0.224145532 0
vt 0.581122637 0.311376512 0
vt 0.581115901 0.313513666 0
vt 0.58086884 0.313727915 0
vt 0.579588592 0.314183354 0
vt 0.57830596 0.314200073 0
vt 0.577023149 0.314204276 0
vt 0.556501746 0.314296991 0
vt 0.554953277 0.314006418 0
vt 0.554625809 0.313197047 0
vt 0.554527938 0.291390628 0
vt 0.554397702 0.290161312 0
vt 0.553512216 0.28930518 0
vt 0.552229226 0.28930378 0
vt 0.550946534 0.289319128 0
vt 0.549663901 0.28932023 0
vt 0.025390625 0.600363314 0
vt 0.025390625 0.599265277 0
vt 0.025390625 0.599143445 0
vt 0.025390625 0.606582999 0
vt 0.025390625 0.606821239 0
vt 0.025390625 0.607045949 0
vt 0.025390625 0.607258022 0
vt 0.025390625 0.607453048 0
vt 0.025390625 0.609375 0
vt 0.025390625 0.609403014 0
vt 0.025390625 0.719851732 0
vt 0.025390625 0.722686887 0
vt 0.025390625 0.723152637 0
vt 0.025390625 0.726526976 0
vt 0.025390625 0.728041887 0
vt 0.025390625 0.729690611 0
vt 0.025390625 0.732578039 0
vt 0.025390625 0.733256578 0
vt 0.025390625 0.734547675 0
vt 0.025390625 0.736130774 0
vt 0.025390625 0.738635063 0
vt 0.025390625 0.739435136 0
vt 0.025390625 0.741084039 0
vt 0.025390625 0.744239151 0
vt 0.025390625 0.744556904 0
vt 0.025390625 0.745881259 0
vt 0.025390625 0.747875392 0
vt 0.025390625 0.750134885 0
vt 0.025390625 0.750707924 0
vt 0.025390625 0.752387702 0
vt 0.025390625 0.754928827 0
vt 0.025390625 0.75607729 0
vt 0.025390625 0.757217824 0
vt 0.025390625 0.75920403 0
vt 0.025390625 0.761132836 0
vt 0.025390625 0.762237191 0
vt 0.025390625 0.763691843 0
vt 0.025390625 0.766777158 0
vt 0.025390625 0.767066836 0
vt 0.025390625 0.768584192 0
vt 0.025390625 0.770233989 0
vt 0.025390625 0.772721529 0
vt 0.025390625 0.773373008 0
vt 0.025390625 0.775145769 0
vt 0.025390625 0.777668536 0
vt 0.025390625 0.778669178 0
vt 0.025390625 0.779896617 0
vt 0.025390625 0.782094538 0
vt 0.025390625 0.783980489 0
vt 0.025390625 0.784813166 0
vt 0.025390625 0.786390007 0
vt 0.025390625 0.789061248 0
vt 0.025390625 0.789991379 0
vt 0.025390625 0.791225195 0
vt 0.025390625 0.792846322 0
vt 0.025390625 0.795149565 0
vt 0.025390625 0.796191156 0
vt 0.025390625 0.80095464 0
vt 0.025390625 0.800977111 0
vt 0.025390625 0.802572608 0
vt 0.025390625 0.804515004 0
vt 0.025390625 0.806713164 0
vt 0.025390625 0.807395518 0
vt 0.025390625 0.809116364 0
vt 0.025390625 0.811589479 0
vt 0.025390625 0.812696636 0
vt 0.025390625 0.813909948 0
vt 0.025390625 0.816260934 0
vt 0.025390625 0.817786932 0
vt 0.025390625 0.81887871 0
vt 0.025390625 0.820389569 0
vt 0.025390625 0.823215842 0
vt 0.025390625 0.823851883 0
vt 0.025390625 0.825248361 0
vt 0.025390625 0.82682091 0
vt 0.025390625 0.829180121 0
vt 0.025390625 0.830083251 0
vt 0.025390625 0.834808052 0
vt 0.025390625 0.835154414 0
vt 0.025390625 0.836597264 0
vt 0.025390625 0.838838518 0
vt 0.025390625 0.840621412 0
vt 0.025390625 0.84142679 0
vt 0.025390625 0.843092561 0
vt 0.025390625 0.845614135 0
vt 0.025390625 0.846642077 0
vt 0.025390625 0.847922742 0
vt 0.025390625 0.850292206 0
vt 0.025390625 0.851684272 0
vt 0.025390625 0.852883816 0
vt 0.025390625 0.854379833 0
vt 0.025390625 0.857372046 0
vt 0.025390625 0.857624352 0
vt 0.025390625 0.859283984 0
vt 0.025390625 0.861136556 0
vt 0.025390625 0.863235414 0
vt 0.025390625 0.864097595 0
vt 0.025390625 0.865971088 0
vt 0.025390625 0.868407309 0
vt 0.025390625 0.869248271 0
vt 0.025390625 0.870608568 0
vt 0.025390625 0.873219371 0
vt 0.025390625 0.87444824 0
vt 0.025390625 0.875471294 0
vt 0.025390625 0.877087176 0
vt 0.025390625 0.879690707 0
vt 0.025390625 0.880541801 0
vt 0.025390625 0.881932557 0
vt 0.025390625 0.883544147 0
vt 0.025390625 0.885627329 0
vt 0.025390625 0.886816502 0
vt 0.025390625 0.88853991 0
vt 0.025390625 0.891351223 0
vt 0.025390625 0.891593456 0
vt 0.025390625 0.89329946 0
vt 0.025390625 0.895537674 0
vt 0.025390625 0.897201896 0
vt 0.025390625 0.898120284 0
vt 0.025390625 0.899942458 0
vt 0.025390625 0.902241886 0
vt 0.025390625 0.903272748 0
vt 0.025390625 0.904611111 0
vt 0.025390625 0.907605588 0
vt 0.025390625 0.90824002 0
vt 0.025390625 0.909524977 0
vt 0.025390625 0.911067784 0
vt 0.025390625 0.913793325 0
vt 0.025390625 0.914379478 0
vt 0.025390625 0.915967047 0
vt 0.025390625 0.917586982 0
vt 0.025390625 0.919642448 0
vt 0.025390625 0.919635057 0
vt 0.025390625 0.919417918 0
vt 0.025390625 0.919194162 0
vt 0.025390625 0.91897738 0
vt 0.025390625 0.918752968 0
vt 0.025390625 0.918513 0
vt 0.025390625 0.918284416 0
vt 0.025390625 0.918065071 0
vt 0.025390625 0.913781941 0
vt 0.025390625 0.913562775 0
vt 0.025390625 0.913338065 0
vt 0.025390625 0.913105667 0
vt 0.025390625 0.912429392 0
vt 0.025390625 0.911983311 0
vt 0.025390625 0.911187828 0
vt 0.025390625 0.910098553 0
vt 0.025390625 0.90874964 0
vt 0.025390625 0.90642792 0
vt 0.025390625 0.904803395 0
vt 0.025390625 0.903788984 0
vt 0.025390625 0.902224839 0
vt 0.025390625 0.899889231 0
vt 0.025390625 0.89825052 0
vt 0.025390625 0.897370279 0
vt 0.025390625 0.895680845 0
vt 0.025390625 0.893493533 0
vt 0.025390625 0.891867757 0
vt 0.025390625 0.890836895 0
vt 0.025390625 0.889136553 0
vt 0.025390625 0.885773659 0
vt 0.025390625 0.885647535 0
vt 0.025390625 0.884291172 0
vt 0.025390625 0.882648289 0
vt 0.025390625 0.879588366 0
vt 0.025390625 0.879336774 0
vt 0.025390625 0.877736688 0
vt 0.025390625 0.876115441 0
vt 0.025390625 0.873450875 0
vt 0.025390625 0.872654974 0
vt 0.025390625 0.871227264 0
vt 0.025390625 0.869551122 0
vt 0.025390625 0.867157221 0
vt 0.025390625 0.866113007 0
vt 0.025390625 0.864710629 0
vt 0.025390625 0.862616479 0
vt 0.025390625 0.860559821 0
vt 0.025390625 0.859710991 0
vt 0.025390625 0.858179688 0
vt 0.025390625 0.85606432 0
vt 0.025390625 0.853332222 0
vt 0.025390625 0.851635933 0
vt 0.025390625 0.849777162 0
vt 0.025390625 0.847711563 0
vt 0.025390625 0.846798182 0
vt 0.025390625 0.845123351 0
vt 0.025390625 0.841555357 0
vt 0.025390625 0.84153533 0
vt 0.025390625 0.840243995 0
vt 0.025390625 0.838601112 0
vt 0.025390625 0.835513294 0
vt 0.025390625 0.83518827 0
vt 0.025390625 0.833684087 0
vt 0.025390625 0.832065225 0
vt 0.025390625 0.829369366 0
vt 0.025390625 0.828508437 0
vt 0.025390625 0.82719022 0
vt 0.025390625 0.825535595 0
vt 0.025390625 0.823034585 0
vt 0.025390625 0.821987808 0
vt 0.025390625 0.820666313 0
vt 0.025390625 0.818702757 0
vt 0.025390625 0.816344142 0
vt 0.025390625 0.81563139 0
vt 0.025390625 0.814134955 0
vt 0.025390625 0.812230647 0
vt 0.025390625 0.809848964 0
vt 0.025390625 0.809295833 0
vt 0.025390625 0.807591081 0
vt 0.025390625 0.805919111 0
vt 0.025390625 0.803559422 0
vt 0.025390625 0.801707566 0
vt 0.025390625 0.801225603 0
vt 0.025390625 0.80217576 0
vt 0.025390625 0.803729177 0
vt 0.025390625 0.806095183 0
vt 0.025390625 0.807210505 0
vt 0.025390625 0.808329582 0
vt 0.025390625 0.809807837 0
vt 0.025390625 0.811543167 0
vt 0.025390625 0.813930333 0
vt 0.025390625 0.814292908 0
vt 0.025390625 0.81586653 0
vt 0.025390625 0.817426324 0
vt 0.025390625 0.819936693 0
vt 0.025390625 0.82086587 0
vt 0.025390625 0.821923912 0
vt 0.025390625 0.82351172 0
vt 0.025390625 0.825097978 0
vt 0.025390625 0.827106833 0
vt 0.025390625 0.827999115 0
vt 0.025390625 0.829562187 0
vt 0.025390625 0.831333101 0
vt 0.025390625 0.833531559 0
vt 0.025390625 0.834309101 0
vt 0.025390625 0.835628629 0
vt 0.025390625 0.837180734 0
vt 0.025390625 0.840103984 0
vt 0.025390625 0.840324223 0
vt 0.025390625 0.841714263 0
vt 0.025390625 0.843268931 0
vt 0.025390625 0.845213175 0
vt 0.025390625 0.847090662 0
vt 0.025390625 0.847757697 0
vt 0.025390625 0.849336088 0
vt 0.025390625 0.850881755 0
vt 0.025390625 0.853265941 0
vt 0.025390625 0.854118049 0
vt 0.025390625 0.855393946 0
vt 0.025390625 0.85701102 0
vt 0.025390625 0.859422565 0
vt 0.025390625 0.860310018 0
vt 0.025390625 0.861461699 0
vt 0.025390625 0.863027334 0
vt 0.025390625 0.865140021 0
vt 0.025390625 0.866772711 0
vt 0.025390625 0.867618918 0
vt 0.025390625 0.869094431 0
vt 0.025390625 0.870643079 0
vt 0.025390625 0.873297751 0
vt 0.025390625 0.873606861 0
vt 0.025390625 0.87515986 0
vt 0.025390625 0.876733541 0
vt 0.025390625 0.879022062 0
vt 0.025390625 0.880279839 0
vt 0.025390625 0.881222606 0
vt 0.025390625 0.88279742 0
vt 0.025390625 0.88432616 0
vt 0.025390625 0.886435807 0
vt 0.025390625 0.887413561 0
vt 0.025390625 0.888864338 0
vt 0.025390625 0.890573263 0
vt 0.025390625 0.893196642 0
vt 0.025390625 0.893551469 0
vt 0.025390625 0.894925475 0
vt 0.025390625 0.896485806 0
vt 0.025390625 0.899206758 0
vt 0.025390625 0.899939418 0
vt 0.025390625 0.900850296 0
vt 0.025390625 0.902864695 0
vt 0.025390625 0.90284133 0
vt 0.025390625 0.902612388 0
vt 0.025390625 0.902393103 0
vt 0.025390625 0.902157545 0
vt 0.025390625 0.901943147 0
vt 0.025390625 0.901499331 0
vt 0.025390625 0.901274145 0
vt 0.025390625 0.901041985 0
vt 0.025390625 0.895180821 0
vt 0.025390625 0.894949555 0
vt 0.025390625 0.89449054 0
vt 0.025390625 0.893909395 0
vt 0.025390625 0.891969383 0
vt 0.025390625 0.890991628 0
vt 0.025390625 0.889615655 0
vt 0.025390625 0.887615263 0
vt 0.025390625 0.885763288 0
vt 0.025390625 0.88510859 0
vt 0.025390625 0.883601665 0
vt 0.025390625 0.88180548 0
vt 0.025390625 0.879767299 0
vt 0.025390625 0.879159331 0
vt 0.025390625 0.877598166 0
vt 0.025390625 0.876102209 0
vt 0.025390625 0.874002695 0
vt 0.025390625 0.873132229 0
vt 0.025390625 0.871591091 0
vt 0.025390625 0.869482696 0
vt 0.025390625 0.868023098 0
vt 0.025390625 0.866991043 0
vt 0.025390625 0.865568697 0
vt 0.025390625 0.86344856 0
vt 0.025390625 0.861815572 0
vt 0.025390625 0.861124575 0
vt 0.025390625 0.859552681 0
vt 0.025390625 0.857712805 0
vt 0.025390625 0.855840921 0
vt 0.025390625 0.855116427 0
vt 0.025390625 0.853557229 0
vt 0.025390625 0.852044582 0
vt 0.025390625 0.850099027 0
vt 0.025390625 0.84909451 0
vt 0.025390625 0.847552299 0
vt 0.025390625 0.845091224 0
vt 0.025390625 0.84409833 0
vt 0.025390625 0.843003809 0
vt 0.025390625 0.841537774 0
vt 0.025390625 0.839279175 0
vt 0.025390625 0.837884188 0
vt 0.025390625 0.83709693 0
vt 0.025390625 0.835524559 0
vt 0.025390625 0.83364588 0
vt 0.025390625 0.831909001 0
vt 0.025390625 0.831081569 0
vt 0.025390625 0.829531014 0
vt 0.025390625 0.828032136 0
vt 0.025390625 0.825059354 0
vt 0.025390625 0.823529661 0
vt 0.025390625 0.820632875 0
vt 0.025390625 0.82029897 0
vt 0.025390625 0.819033384 0
vt 0.025390625 0.817531526 0
vt 0.025390625 0.814996004 0
vt 0.025390625 0.814158261 0
vt 0.025390625 0.813079596 0
vt 0.025390625 0.811522424 0
vt 0.025390625 0.809176028 0
vt 0.025390625 0.808210015 0
vt 0.025390625 0.807088614 0
vt 0.025390625 0.805355191 0
vt 0.025390625 0.802935719 0
vt 0.025390625 0.802422762 0
vt 0.025390625 0.801100492 0
vt 0.025390625 0.799374223 0
vt 0.025390625 0.797065794 0
vt 0.025390625 0.796683133 0
vt 0.025390625 0.795123696 0
vt 0.025390625 0.793434799 0
vt 0.025390625 0.791415989 0
vt 0.025390625 0.790712357 0
vt 0.025390625 0.789149582 0
vt 0.025390625 0.787303865 0
vt 0.025390625 0.785817206 0
vt 0.025390625 0.784735024 0
vt 0.025390625 0.783209085 0
vt 0.025390625 0.780292869 0
vt 0.025390625 0.780277193 0
vt 0.025390625 0.778752565 0
vt 0.025390625 0.77723062 0
vt 0.025390625 0.774665058 0
vt 0.025390625 0.77409941 0
vt 0.025390625 0.772759557 0
vt 0.025390625 0.771223426 0
vt 0.025390625 0.768923163 0
vt 0.025390625 0.768034995 0
vt 0.025390625 0.766764581 0
vt 0.025390625 0.764895618 0
vt 0.025390625 0.762913644 0
vt 0.025390625 0.762124658 0
vt 0.025390625 0.760769844 0
vt 0.025390625 0.758848429 0
vt 0.025390625 0.756888509 0
vt 0.025390625 0.756339729 0
vt 0.025390625 0.754761636 0
vt 0.025390625 0.753240943 0
vt 0.025390625 0.750833035 0
vt 0.025390625 0.750232756 0
vt 0.025390625 0.748719811 0
vt 0.025390625 0.747151256 0
vt 0.025390625 0.744797528 0
vt 0.025390625 0.743867218 0
vt 0.025390625 0.742676497 0
vt 0.025390625 0.741116941 0
vt 0.025390625 0.737943828 0
vt 0.025390625 0.736562371 0
vt 0.025390625 0.734983802 0
vt 0.025390625 0.733416438 0
vt 0.025390625 0.730550706 0
vt 0.025390625 0.730436027 0
vt 0.025390625 0.728878379 0
vt 0.025390625 0.727276504 0
vt 0.025390625 0.725691795 0
vt 0.025390625 0.723044097 0
vt 0.025390625 0.722098053 0
vt 0.025390625 0.721088111 0
vt 0.025390625 0.719476223 0
vt 0.025390625 0.71784842 0
vt 0.025390625 0.716210186 0
vt 0.025390625 0.714563012 0
vt 0.025390625 0.608888686 0
vt 0.678710938 0.229821876 0
vt 0.678710938 0.229816973 0
vt 0.678710938 0.228515625 0
vt 0.678710938 0.228785917 0
vt 0.678710938 0.240168318 0
vt 0.678710938 0.240589589 0
vt 0.678710938 0.242301434 0
vt 0.678710938 0.243735403 0
vt 0.678710938 0.245611072 0
vt 0.678710938 0.348820031 0
vt 0.678710938 0.350697994 0
vt 0.678710938 0.352557808 0
vt 0.678710938 0.354646206 0
vt 0.678710938 0.356162041 0
vt 0.678710938 0.356817663 0
vt 0.678710938 0.401265144 0
vt 0.678710938 0.401064366 0
vt 0.678710938 0.402556092 0
vt 0.678710938 0.404393703 0
vt 0.678710938 0.497624636 0
vt 0.678710938 0.4994874 0
vt 0.678710938 0.501353145 0
vt 0.678710938 0.506867468 0
vt 0.678710938 0.508489251 0
vt 0.678710938 0.509534478 0
vt 0.678710938 0.509785593 0
vt 0.678710938 0.51008147 0
vt 0.678710938 0.510301352 0
vt 0.678710938 0.510415196 0
vt 0.678710938 0.510158539 0
vt 0.678710938 0.509792089 0
vt 0.678710938 0.509381115 0
vt 0.678710938 0.508717716 0
vt 0.678710938 0.507524788 0
vt 0.678710938 0.506888747 0
vt 0.678710938 0.505323291 0
vt 0.678710938 0.504315495 0
vt 0.678710938 0.502996206 0
vt 0.678710938 0.501236856 0
vt 0.678710938 0.499453664 0
vt 0.678710938 0.497644722 0
vt 0.678710938 0.495804399 0
vt 0.678710938 0.492074519 0
vt 0.678710938 0.490207702 0
vt 0.678710938 0.488343477 0
vt 0.678710938 0.486481398 0
vt 0.678710938 0.424948603 0
vt 0.678710938 0.423082769 0
vt 0.678710938 0.421220094 0
vt 0.678710938 0.4193542 0
vt 0.678710938 0.417443424 0
vt 0.678710938 0.415295064 0
vt 0.678710938 0.413152635 0
vt 0.678710938 0.410663515 0
vt 0.678710938 0.410218209 0
vt 0.678710938 0.408122152 0
vt 0.678710938 0.407288641 0
vt 0.678710938 0.405548245 0
vt 0.678710938 0.404916316 0
vt 0.678710938 0.404158205 0
vt 0.678710938 0.403481215 0
vt 0.678710938 0.402350962 0
vt 0.678710938 0.401809752 0
vt 0.678710938 0.358958423 0
vt 0.678710938 0.35932824 0
vt 0.678710938 0.359724909 0
vt 0.678710938 0.360096842 0
vt 0.678710938 0.360866249 0
vt 0.678710938 0.361237437 0
vt 0.678710938 0.361654103 0
vt 0.678710938 0.362165153 0
vt 0.678710938 0.362698883 0
vt 0.678710938 0.363267869 0
vt 0.678710938 0.3640697 0
vt 0.678710938 0.364491194 0
vt 0.678710938 0.365140498 0
vt 0.678710938 0.365720928 0
vt 0.678710938 0.366225004 0
vt 0.678710938 0.366694957 0
vt 0.678710938 0.367181569 0
vt 0.678710938 0.368594259 0
vt 0.678710938 0.368809044 0
vt 0.678710938 0.369610488 0
vt 0.678710938 0.370261431 0
vt 0.678710938 0.370785624 0
vt 0.678710938 0.37200287 0
vt 0.678710938 0.372781128 0
vt 0.678710938 0.373484313 0
vt 0.678710938 0.374499679 0
vt 0.678710938 0.375701249 0
vt 0.678710938 0.376426756 0
vt 0.678710938 0.378219157 0
vt 0.678710938 0.378689498 0
vt 0.678710938 0.380251676 0
vt 0.678710938 0.381405026 0
vt 0.678710938 0.383428693 0
vt 0.678710938 0.383891612 0
vt 0.678710938 0.385951012 0
vt 0.678710938 0.388167083 0
vt 0.678710938 0.388883114 0
vt 0.678710938 0.392218381 0
vt 0.678710938 0.395572245 0
vt 0.678710938 0.399203688 0
vt 0.678710938 0.39928779 0
vt 0.678710938 0.401208431 0
vt 0.678710938 0.403383821 0
vt 0.678710938 0.405427247 0
vt 0.678710938 0.406836361 0
vt 0.678710938 0.40877074 0
vt 0.678710938 0.41063863 0
vt 0.678710938 0.413825244 0
vt 0.678710938 0.414464414 0
vt 0.678710938 0.41638878 0
vt 0.678710938 0.418306798 0
vt 0.678710938 0.420216113 0
vt 0.678710938 0.422103465 0
vt 0.678710938 0.423983306 0
vt 0.678710938 0.427746952 0
vt 0.678710938 0.429627597 0
vt 0.678710938 0.431505591 0
vt 0.678710938 0.435256869 0
vt 0.678710938 0.437133849 0
vt 0.678710938 0.514071465 0
vt 0.678710938 0.515943408 0
vt 0.678710938 0.517812788 0
vt 0.678710938 0.521553814 0
vt 0.678710938 0.523417413 0
vt 0.678710938 0.52525574 0
vt 0.678710938 0.527354717 0
vt 0.678710938 0.529517353 0
vt 0.678710938 0.530554533 0
vt 0.678710938 0.532299638 0
vt 0.678710938 0.534093797 0
vt 0.678710938 0.536580443 0
vt 0.678710938 0.537832201 0
vt 0.678710938 0.539007962 0
vt 0.678710938 0.541918755 0
vt 0.678710938 0.542396665 0
vt 0.678710938 0.543636322 0
vt 0.678710938 0.545547903 0
vt 0.678710938 0.547158062 0
vt 0.678710938 0.548401177 0
vt 0.678710938 0.550121248 0
vt 0.678710938 0.550456882 0
vt 0.678710938 0.55196166 0
vt 0.678710938 0.552908838 0
vt 0.678710938 0.553713083 0
vt 0.678710938 0.554560065 0
vt 0.678710938 0.555301309 0
vt 0.678710938 0.555722952 0
vt 0.678710938 0.556485295 0
vt 0.678710938 0.556742907 0
vt 0.678710938 0.557502925 0
vt 0.678710938 0.557512343 0
vt 0.678710938 0.557938039 0
vt 0.678710938 0.557987869 0
vt 0.678710938 0.558474243 0
vt 0.678710938 0.5586797 0
vt 0.678710938 0.558744133 0
vt 0.678710938 0.558746338 0
vt 0.678710938 0.559031963 0
vt 0.678710938 0.559149623 0
vt 0.678710938 0.559210241 0
vt 0.678710938 0.559049547 0
vt 0.678710938 0.558895409 0
vt 0.678710938 0.558789909 0
vt 0.678710938 0.558896422 0
vt 0.678710938 0.558950961 0
vt 0.678710938 0.558949113 0
vt 0.678710938 0.558783233 0
vt 0.678710938 0.558515072 0
vt 0.678710938 0.558234811 0
vt 0.678710938 0.557970583 0
vt 0.678710938 0.557719469 0
vt 0.678710938 0.557230651 0
vt 0.678710938 0.556999505 0
vt 0.678710938 0.556440651 0
vt 0.678710938 0.556070447 0
vt 0.678710938 0.555851698 0
vt 0.678710938 0.555505693 0
vt 0.678710938 0.555116594 0
vt 0.678710938 0.554792106 0
vt 0.678710938 0.554438829 0
vt 0.678710938 0.554063022 0
vt 0.678710938 0.55371201 0
vt 0.678710938 0.541610539 0
vt 0.678710938 0.541024446 0
vt 0.678710938 0.539604962 0
vt 0.678710938 0.537675917 0
vt 0.678710938 0.23743315 0
vt 0.294906318 0.574681103 0
vt 0.294719249 0.574998856 0
vt 0.294526398 0.576157212 0
vt 0.293386549 0.576905489 0
vt 0.182244465 0.606549084 0
vt 0.179991305 0.606749415 0
vt 0.178978816 0.606029868 0
vt 0.178526804 0.604466736 0
vt 0.173642427 0.584090292 0
vt 0.17160438 0.575625479 0
vt 0.171402916 0.572778225 0
vt 0.171939895 0.572498739 0
vt 0.173586801 0.571880341 0
vt 0.175284907 0.571471453 0
vt 0.217611536 0.56088537 0
vt 0.219304204 0.560460806 0
vt 0.220998734 0.560044408 0
vt 0.222694218 0.559633136 0
vt 0.224385381 0.559206307 0
vt 0.225854009 0.558843911 0
vt 0.228146747 0.556800425 0
vt 0.228010461 0.556325257 0
vt 0.227535829 0.554647744 0
vt 0.206646085 0.464778841 0
vt 0.206348836 0.463445961 0
vt 0.204277366 0.461701751 0
vt 0.203184962 0.461868674 0
vt 0.201489106 0.462283701 0
vt 0.198101893 0.463129669 0
vt 0.19640623 0.463543385 0
vt 0.194708154 0.463947982 0
vt 0.165859029 0.470891893 0
vt 0.164158702 0.47128883 0
vt 0.162466213 0.471719176 0
vt 0.16076608 0.472117424 0
vt 0.159067631 0.472522378 0
vt 0.157372713 0.472943395 0
vt 0.155717 0.473315299 0
vt 0.154396266 0.472235054 0
vt 0.153863788 0.47059688 0
vt 0.153447807 0.468900472 0
vt 0.152214989 0.463808477 0
vt 0.15180032 0.462112427 0
vt 0.14849472 0.448543996 0
vt 0.147291407 0.443486154 0
vt 0.147316441 0.441812545 0
vt 0.148344621 0.440626591 0
vt 0.15004532 0.440231144 0
vt 0.151744142 0.439827859 0
vt 0.156833187 0.438591152 0
vt 0.158532187 0.43819049 0
vt 0.187396824 0.431307435 0
vt 0.189090624 0.430886209 0
vt 0.192491084 0.430096477 0
vt 0.194184303 0.429671139 0
vt 0.196377352 0.429066986 0
vt 0.196789771 0.428365707 0
vt 0.197399005 0.426420629 0
vt 0.186444521 0.364437878 0
vt 0.18608737 0.360953927 0
vt 0.185844645 0.358117491 0
vt 0.185624331 0.355898321 0
vt 0.185513079 0.354654878 0
vt 0.183742166 0.353141069 0
vt 0.18198286 0.353154868 0
vt 0.179977089 0.353336751 0
vt 0.176758096 0.353690356 0
vt 0.174637318 0.353881538 0
vt 0.173277169 0.35403052 0
vt 0.171539292 0.354209393 0
vt 0.131573752 0.357983381 0
vt 0.12844719 0.358273178 0
vt 0.127128303 0.35665518 0
vt 0.126926482 0.354921401 0
vt 0.124482922 0.330614269 0
vt 0.124331877 0.328876048 0
vt 0.124023438 0.325498521 0
vt 0.124699309 0.32274577 0
vt 0.125313565 0.322526962 0
vt 0.239858329 0.311523438 0
vt 0.242213055 0.311747104 0
vt 0.242508247 0.312817693 0
vt 0.242702588 0.314641058 0
vt 0.242600262 0.316433042 0
vt 0.24234727 0.319981188 0
vt 0.294127226 0.570040882 0
vt 0.326866627 0.0857282355 0
vt 0.332920939 0.248546422 0
vt 0.0151267732 0.356220603 0
vt 0.001953125 0.001953125 0
vt 0.73781836 0.0776394159 0
vt 0.743338645 0.226092309 0
vt 0.742247939 0.22612533 0
vt 0.736728251 0.077687487 0
vt 0.741157293 0.226158082 0
vt 0.735638201 0.0777358264 0
vt 0.740066648 0.226191103 0
vt 0.734548092 0.0777840391 0
vt 0.739018917 0.226222798 0
vt 0.733500957 0.0778302252 0
vt 0.737968087 0.226254344 0
vt 0.732450366 0.0778765529 0
vt 0.719368458 0.225204095 0
vt 0.713980615 0.0803052261 0
vt 0.718626082 0.225226969 0
vt 0.713238358 0.0803378448 0
vt 0.717286885 0.225259751 0
vt 0.711900413 0.0804043412 0
vt 0.699771941 0.223311886 0
vt 0.694578469 0.0836477503 0
vt 0.698683977 0.223334774 0
vt 0.693491876 0.0837058723 0
vt 0.697595835 0.223353207 0
vt 0.692405641 0.0837681592 0
vt 0.696443081 0.22336705 0
vt 0.691254795 0.083840251 0
vt 0.696264565 0.223373413 0
vt 0.691076219 0.0838468894 0
vt 0.694186449 0.223500609 0
vt 0.688994467 0.0838745013 0
vt 0.607560992 0.238207504 0
vt 0.601515949 0.075641714 0
vt 0.606263697 0.238251552 0
vt 0.600218952 0.0756941289 0
vt 0.604966223 0.238288373 0
vt 0.598922312 0.0757539272 0
vt 0.603699923 0.238317311 0
vt 0.597657442 0.0758192316 0
vt 0.603417456 0.238327548 0
vt 0.597374976 0.0758295879 0
vt 0.601273537 0.238461673 0
vt 0.595227003 0.0758549348 0
vt 0.579918325 0.242695734 0
vt 0.573616266 0.0732187033 0
vt 0.578649938 0.242757112 0
vt 0.572346866 0.073251687 0
vt 0.577726126 0.242798716 0
vt 0.571422517 0.0732789412 0
vt 0.576336205 0.242863789 0
vt 0.570031583 0.073317416 0
vt 0.573730052 0.242997259 0
vt 0.567422688 0.0733777434 0
vt 0.57119745 0.243120998 0
vt 0.564888179 0.0734422803 0
vt 0.56866461 0.243239447 0
vt 0.562353253 0.0735122636 0
vt 0.554747462 0.244261071 0
vt 0.548398376 0.0735272244 0
vt 0.376417309 0.249792054 0
vt 0.370150238 0.0812555328 0
vt 0.375113636 0.249840245 0
vt 0.368846595 0.081304431 0
vt 0.369989514 0.249985039 0
vt 0.363725871 0.081540592 0
vt 0.339192897 0.248427287 0
vt 0.333129972 0.0853813738 0
vt 0.33791554 0.248462796 0
vt 0.33185339 0.0854406953 0
vt 0.335359424 0.248494506 0
vt 0.329302102 0.0855987594 0
vt 0.33405447 0.248519063 0
vt 0.327998817 0.0856713429 0
vt 0.333185315 0.24853687 0
vt 0.327130884 0.0857182667 0
vt 0.51924032 0.987704396 0
vt 0.2890625 0.987704396 0
vt 0.2890625 0.980199277 0
vt 0.51924032 0.980199277 0
vt 0.2890625 0.887157619 0
vt 0.51924032 0.887157619 0
vt 0.2890625 0.885700464 0
vt 0.51924032 0.885700464 0
vt 0.2890625 0.884236395 0
vt 0.51924032 0.884236395 0
vt 0.2890625 0.882766426 0
vt 0.51924032 0.882766426 0
vt 0.2890625 0.881291032 0
vt 0.51924032 0.881291032 0
vt 0.2890625 0.880315423 0
vt 0.51924032 0.880315423 0
vt 0.2890625 0.87939918 0
vt 0.51924032 0.87939918 0
vt 0.2890625 0.87692976 0
vt 0.51924032 0.87692976 0
vt 0.2890625 0.875487506 0
vt 0.51924032 0.875487506 0
vt 0.2890625 0.874011755 0
vt 0.51924032 0.874011755 0
vt 0.2890625 0.872509122 0
vt 0.51924032 0.872509122 0
vt 0.2890625 0.872396648 0
vt 0.51924032 0.872396648 0
vt 0.2890625 0.869670212 0
vt 0.51924032 0.869670212 0
vt 0.2890625 0.868234217 0
vt 0.51924032 0.868234217 0
vt 0.2890625 0.866764843 0
vt 0.51924032 0.866764843 0
vt 0.2890625 0.865430355 0
vt 0.51924032 0.865430355 0
vt 0.2890625 0.862419605 0
vt 0.51924032 0.862419605 0
vt 0.2890625 0.860972404 0
vt 0.51924032 0.860972404 0
vt 0.2890625 0.859835446 0
vt 0.51924032 0.859835446 0
vt 0.2890625 0.858904481 0
vt 0.51924032 0.858904481 0
vt 0.2890625 0.856656909 0
vt 0.51924032 0.856656909 0
vt 0.2890625 0.855221689 0
vt 0.51924032 0.855221689 0
vt 0.2890625 0.85376358 0
vt 0.51924032 0.85376358 0
vt 0.2890625 0.853176177 0
vt 0.51924032 0.853176177 0
vt 0.2890625 0.850861132 0
vt 0.51924032 0.850861132 0
vt 0.2890625 0.849461854 0
vt 0.51924032 0.849461854 0
vt 0.2890625 0.847978711 0
vt 0.51924032 0.847978711 0
vt 0.2890625 0.847415149 0
vt 0.51924032 0.847415149 0
vt 0.2890625 0.845502496 0
vt 0.51924032 0.845502496 0
vt 0.2890625 0.843709648 0
vt 0.51924032 0.843709648 0
vt 0.2890625 0.842429519 0
vt 0.51924032 0.842429519 0
vt 0.2890625 0.841627121 0
vt 0.51924032 0.841627121 0
vt 0.2890625 0.839713454 0
vt 0.51924032 0.839713454 0
vt 0.2890625 0.837971509 0
vt 0.51924032 0.837971509 0
vt 0.2890625 0.836752892 0
vt 0.51924032 0.836752892 0
vt 0.2890625 0.835865557 0
vt 0.51924032 0.835865557 0
vt 0.2890625 0.83365041 0
vt 0.51924032 0.83365041 0
vt 0.2890625 0.832237124 0
vt 0.51924032 0.832237124 0
vt 0.2890625 0.830926716 0
vt 0.51924032 0.830926716 0
vt 0.2890625 0.830364823 0
vt 0.51924032 0.830364823 0
vt 0.2890625 0.827905357 0
vt 0.51924032 0.827905357 0
vt 0.2890625 0.826483965 0
vt 0.51924032 0.826483965 0
vt 0.2890625 0.824996233 0
vt 0.51924032 0.824996233 0
vt 0.2890625 0.824978948 0
vt 0.51924032 0.824978948 0
vt 0.2890625 0.822176039 0
vt 0.51924032 0.822176039 0
vt 0.2890625 0.82073313 0
vt 0.51924032 0.82073313 0
vt 0.2890625 0.819680035 0
vt 0.51924032 0.819680035 0
vt 0.2890625 0.818201184 0
vt 0.51924032 0.818201184 0
vt 0.2890625 0.816482246 0
vt 0.51924032 0.816482246 0
vt 0.2890625 0.814993441 0
vt 0.51924032 0.814993441 0
vt 0.2890625 0.814302623 0
vt 0.51924032 0.814302623 0
vt 0.2890625 0.812314332 0
vt 0.51924032 0.812314332 0
vt 0.2890625 0.810749471 0
vt 0.51924032 0.810749471 0
vt 0.2890625 0.809262753 0
vt 0.51924032 0.809262753 0
vt 0.2890625 0.808867753 0
vt 0.51924032 0.808867753 0
vt 0.2890625 0.806623995 0
vt 0.51924032 0.806623995 0
vt 0.2890625 0.805015922 0
vt 0.51924032 0.805015922 0
vt 0.2890625 0.803758442 0
vt 0.51924032 0.803758442 0
vt 0.2890625 0.803224504 0
vt 0.51924032 0.803224504 0
vt 0.2890625 0.800899029 0
vt 0.51924032 0.800899029 0
vt 0.2890625 0.799282253 0
vt 0.51924032 0.799282253 0
vt 0.2890625 0.798202157 0
vt 0.51924032 0.798202157 0
vt 0.2890625 0.797227561 0
vt 0.51924032 0.797227561 0
vt 0.2890625 0.794993043 0
vt 0.51924032 0.794993043 0
vt 0.2890625 0.793547034 0
vt 0.51924032 0.793547034 0
vt 0.2890625 0.792486668 0
vt 0.51924032 0.792486668 0
vt 0.2890625 0.791650176 0
vt 0.51924032 0.791650176 0
vt 0.2890625 0.789237797 0
vt 0.51924032 0.789237797 0
vt 0.2890625 0.787842631 0
vt 0.51924032 0.787842631 0
vt 0.2890625 0.786590695 0
vt 0.51924032 0.786590695 0
vt 0.2890625 0.786255896 0
vt 0.51924032 0.786255896 0
vt 0.2890625 0.783497691 0
vt 0.51924032 0.783497691 0
vt 0.2890625 0.782051086 0
vt 0.51924032 0.782051086 0
vt 0.2890625 0.779141486 0
vt 0.51924032 0.779141486 0
vt 0.2890625 0.777762711 0
vt 0.51924032 0.777762711 0
vt 0.2890625 0.776299 0
vt 0.51924032 0.776299 0
vt 0.2890625 0.775492489 0
vt 0.51924032 0.775492489 0
vt 0.2890625 0.773773909 0
vt 0.51924032 0.773773909 0
vt 0.2890625 0.772030234 0
vt 0.51924032 0.772030234 0
vt 0.2890625 0.77056247 0
vt 0.51924032 0.77056247 0
vt 0.2890625 0.769772291 0
vt 0.51924032 0.769772291 0
vt 0.2890625 0.768392861 0
vt 0.51924032 0.768392861 0
vt 0.2890625 0.766277134 0
vt 0.51924032 0.766277134 0
vt 0.2890625 0.764908791 0
vt 0.51924032 0.764908791 0
vt 0.2890625 0.763817966 0
vt 0.51924032 0.763817966 0
vt 0.2890625 0.762844503 0
vt 0.51924032 0.762844503 0
vt 0.2890625 0.760529757 0
vt 0.51924032 0.760529757 0
vt 0.2890625 0.759067774 0
vt 0.51924032 0.759067774 0
vt 0.2890625 0.758087456 0
vt 0.51924032 0.758087456 0
vt 0.2890625 0.75618273 0
vt 0.51924032 0.75618273 0
vt 0.2890625 0.754793048 0
vt 0.51924032 0.754793048 0
vt 0.2890625 0.75331831 0
vt 0.51924032 0.75331831 0
vt 0.2890625 0.752606511 0
vt 0.51924032 0.752606511 0
vt 0.2890625 0.75076282 0
vt 0.51924032 0.75076282 0
vt 0.2890625 0.749055684 0
vt 0.51924032 0.749055684 0
vt 0.2890625 0.747585237 0
vt 0.51924032 0.747585237 0
vt 0.2890625 0.746882796 0
vt 0.51924032 0.746882796 0
vt 0.2890625 0.745284617 0
vt 0.51924032 0.745284617 0
vt 0.2890625 0.743300557 0
vt 0.51924032 0.743300557 0
vt 0.2890625 0.741962254 0
vt 0.51924032 0.741962254 0
vt 0.2890625 0.74093765 0
vt 0.51924032 0.74093765 0
vt 0.2890625 0.739519715 0
vt 0.51924032 0.739519715 0
vt 0.2890625 0.737547457 0
vt 0.51924032 0.737547457 0
vt 0.2890625 0.736076951 0
vt 0.51924032 0.736076951 0
vt 0.2890625 0.735227406 0
vt 0.51924032 0.735227406 0
vt 0.2890625 0.733184159 0
vt 0.51924032 0.733184159 0
vt 0.2890625 0.73180753 0
vt 0.51924032 0.73180753 0
vt 0.2890625 0.730326295 0
vt 0.51924032 0.730326295 0
vt 0.2890625 0.729723513 0
vt 0.51924032 0.729723513 0
vt 0.2890625 0.727730811 0
vt 0.51924032 0.727730811 0
vt 0.2890625 0.726061881 0
vt 0.51924032 0.726061881 0
vt 0.2890625 0.724647939 0
vt 0.51924032 0.724647939 0
vt 0.2890625 0.723978639 0
vt 0.51924032 0.723978639 0
vt 0.2890625 0.722178698 0
vt 0.51924032 0.722178698 0
vt 0.2890625 0.720310748 0
vt 0.51924032 0.720310748 0
vt 0.2890625 0.71900928 0
vt 0.51924032 0.71900928 0
vt 0.2890625 0.71803683 0
vt 0.51924032 0.71803683 0
vt 0.2890625 0.716290295 0
vt 0.51924032 0.716290295 0
vt 0.2890625 0.715820312 0
vt 0.51924032 0.715820312 0
vt 0.2890625 0.716105998 0
vt 0.51924032 0.716105998 0
vt 0.2890625 0.716291666 0
vt 0.51924032 0.716291666 0
vt 0.2890625 0.721253276 0
vt 0.51924032 0.721253276 0
vt 0.2890625 0.721438169 0
vt 0.51924032 0.721438169 0
vt 0.2890625 0.721629202 0
vt 0.51924032 0.721629202 0
vt 0.2890625 0.72201705 0
vt 0.51924032 0.72201705 0
vt 0.2890625 0.72221756 0
vt 0.51924032 0.72221756 0
vt 0.2890625 0.722399473 0
vt 0.51924032 0.722399473 0
vt 0.2890625 0.722595751 0
vt 0.51924032 0.722595751 0
vt 0.2890625 0.722783446 0
vt 0.51924032 0.722783446 0
vt 0.2890625 0.722974718 0
vt 0.51924032 0.722974718 0
vt 0.2890625 0.725051701 0
vt 0.51924032 0.725051701 0
vt 0.2890625 0.725954592 0
vt 0.51924032 0.725954592 0
vt 0.2890625 0.726679444 0
vt 0.51924032 0.726679444 0
vt 0.2890625 0.729241073 0
vt 0.51924032 0.729241073 0
vt 0.2890625 0.730683744 0
vt 0.51924032 0.730683744 0
vt 0.2890625 0.731990933 0
vt 0.51924032 0.731990933 0
vt 0.2890625 0.732359648 0
vt 0.51924032 0.732359648 0
vt 0.2890625 0.734867275 0
vt 0.51924032 0.734867275 0
vt 0.2890625 0.736444354 0
vt 0.51924032 0.736444354 0
vt 0.2890625 0.737817645 0
vt 0.51924032 0.737817645 0
vt 0.2890625 0.738776028 0
vt 0.51924032 0.738776028 0
vt 0.2890625 0.740816355 0
vt 0.51924032 0.740816355 0
vt 0.2890625 0.74221307 0
vt 0.51924032 0.74221307 0
vt 0.2890625 0.743681908 0
vt 0.51924032 0.743681908 0
vt 0.2890625 0.744596124 0
vt 0.51924032 0.744596124 0
vt 0.2890625 0.745842457 0
vt 0.51924032 0.745842457 0
vt 0.2890625 0.747990429 0
vt 0.51924032 0.747990429 0
vt 0.2890625 0.749432266 0
vt 0.51924032 0.749432266 0
vt 0.2890625 0.750937402 0
vt 0.51924032 0.750937402 0
vt 0.2890625 0.751238704 0
vt 0.51924032 0.751238704 0
vt 0.2890625 0.753780007 0
vt 0.51924032 0.753780007 0
vt 0.2890625 0.755208254 0
vt 0.51924032 0.755208254 0
vt 0.2890625 0.756585598 0
vt 0.51924032 0.756585598 0
vt 0.2890625 0.757434368 0
vt 0.51924032 0.757434368 0
vt 0.2890625 0.759015381 0
vt 0.51924032 0.759015381 0
vt 0.2890625 0.760980427 0
vt 0.51924032 0.760980427 0
vt 0.2890625 0.762441635 0
vt 0.51924032 0.762441635 0
vt 0.2890625 0.763547778 0
vt 0.51924032 0.763547778 0
vt 0.2890625 0.764431059 0
vt 0.51924032 0.764431059 0
vt 0.2890625 0.766704082 0
vt 0.51924032 0.766704082 0
vt 0.2890625 0.768197298 0
vt 0.51924032 0.768197298 0
vt 0.2890625 0.769420981 0
vt 0.51924032 0.769420981 0
vt 0.2890625 0.770263493 0
vt 0.51924032 0.770263493 0
vt 0.2890625 0.772542953 0
vt 0.51924032 0.772542953 0
vt 0.2890625 0.773953497 0
vt 0.51924032 0.773953497 0
vt 0.2890625 0.775440693 0
vt 0.51924032 0.775440693 0
vt 0.2890625 0.776099324 0
vt 0.51924032 0.776099324 0
vt 0.2890625 0.77792716 0
vt 0.51924032 0.77792716 0
vt 0.2890625 0.779732943 0
vt 0.51924032 0.779732943 0
vt 0.2890625 0.78117305 0
vt 0.51924032 0.78117305 0
vt 0.2890625 0.782529116 0
vt 0.51924032 0.782529116 0
vt 0.2890625 0.782746613 0
vt 0.51924032 0.782746613 0
vt 0.2890625 0.785524189 0
vt 0.51924032 0.785524189 0
vt 0.2890625 0.786957383 0
vt 0.51924032 0.786957383 0
vt 0.2890625 0.78820467 0
vt 0.51924032 0.78820467 0
vt 0.2890625 0.788986862 0
vt 0.51924032 0.788986862 0
vt 0.2890625 0.791090429 0
vt 0.51924032 0.791090429 0
vt 0.2890625 0.792723 0
vt 0.51924032 0.792723 0
vt 0.2890625 0.794202268 0
vt 0.51924032 0.794202268 0
vt 0.2890625 0.79506737 0
vt 0.51924032 0.79506737 0
vt 0.2890625 0.797023833 0
vt 0.51924032 0.797023833 0
vt 0.2890625 0.798479199 0
vt 0.51924032 0.798479199 0
vt 0.2890625 0.799952567 0
vt 0.51924032 0.799952567 0
vt 0.2890625 0.80098331 0
vt 0.51924032 0.80098331 0
vt 0.2890625 0.801903725 0
vt 0.51924032 0.801903725 0
vt 0.2890625 0.804277062 0
vt 0.51924032 0.804277062 0
vt 0.2890625 0.805707932 0
vt 0.51924032 0.805707932 0
vt 0.2890625 0.807201326 0
vt 0.51924032 0.807201326 0
vt 0.2890625 0.807572186 0
vt 0.51924032 0.807572186 0
vt 0.2890625 0.809871614 0
vt 0.51924032 0.809871614 0
vt 0.2890625 0.811475039 0
vt 0.51924032 0.811475039 0
vt 0.2890625 0.81285727 0
vt 0.51924032 0.81285727 0
vt 0.2890625 0.813958406 0
vt 0.51924032 0.813958406 0
vt 0.2890625 0.815041542 0
vt 0.51924032 0.815041542 0
vt 0.2890625 0.817254663 0
vt 0.51924032 0.817254663 0
vt 0.2890625 0.818719447 0
vt 0.51924032 0.818719447 0
vt 0.2890625 0.819645286 0
vt 0.51924032 0.819645286 0
vt 0.51924032 0.995383263 0
vt 0.2890625 0.995383263 0
vt 0.2890625 0.996337354 0
vt 0.51924032 0.996337354 0
vt 0.2890625 0.996164203 0
vt 0.51924032 0.996164203 0
vt 0.2890625 0.995961547 0
vt 0.51924032 0.995961547 0
vt 0.2890625 0.995770216 0
vt 0.51924032 0.995770216 0
vt 0.2890625 0.995590568 0
vt 0.51924032 0.995590568 0
vt 0.2890625 0.989293575 0
vt 0.51924032 0.989293575 0
vt 0.2890625 0.988845646 0
vt 0.51924032 0.988845646 0
vt 0.764045358 0.986376941 0
vt 0.566973031 0.98637718 0
vt 0.56698525 0.985133469 0
vt 0.764033139 0.98513341 0
vt 0.566991627 0.984248817 0
vt 0.76402688 0.984248877 0
vt 0.567024112 0.982221663 0
vt 0.763994396 0.982221603 0
vt 0.567039073 0.980859697 0
vt 0.763979495 0.980859637 0
vt 0.56705451 0.979473233 0
vt 0.763963938 0.979473174 0
vt 0.567056298 0.97883451 0
vt 0.763962209 0.978834569 0
vt 0.567072928 0.976649046 0
vt 0.76394552 0.976648986 0
vt 0.567080677 0.97561419 0
vt 0.763937891 0.97561413 0
vt 0.567128658 0.973499596 0
vt 0.76388979 0.973499417 0
vt 0.567128599 0.973253965 0
vt 0.763889968 0.973253846 0
vt 0.567075193 0.97124213 0
vt 0.763943195 0.971241891 0
vt 0.567041576 0.96954143 0
vt 0.763976872 0.969541371 0
vt 0.56701535 0.967917085 0
vt 0.764003277 0.967917025 0
vt 0.566997707 0.966472268 0
vt 0.764020741 0.966472149 0
vt 0.566984057 0.965058982 0
vt 0.76403439 0.965058923 0
vt 0.566973448 0.96363467 0
vt 0.76404506 0.963634491 0
vt 0.566965997 0.962201416 0
vt 0.764052451 0.962201178 0
vt 0.562886417 0.914793611 0
vt 0.768132031 0.914793551 0
vt 0.562882483 0.913355887 0
vt 0.768135965 0.913355768 0
vt 0.562878847 0.911918223 0
vt 0.768139541 0.911918163 0
vt 0.562875628 0.910480499 0
vt 0.76814276 0.91048044 0
vt 0.562864006 0.907605112 0
vt 0.768154383 0.907604873 0
vt 0.562861443 0.906163871 0
vt 0.768156886 0.906163812 0
vt 0.562859118 0.904717088 0
vt 0.76815927 0.904717028 0
vt 0.562857151 0.903269708 0
vt 0.768161237 0.903269649 0
vt 0.562855482 0.901821554 0
vt 0.768162906 0.901821315 0
vt 0.562854588 0.900679529 0
vt 0.768163741 0.900679469 0
vt 0.562853992 0.899559438 0
vt 0.768164456 0.899559498 0
vt 0.562852979 0.897775054 0
vt 0.76816541 0.897774994 0
vt 0.562852323 0.89693588 0
vt 0.768166125 0.896935642 0
vt 0.562845945 0.894986033 0
vt 0.768172562 0.894985855 0
vt 0.562844098 0.893908501 0
vt 0.768174291 0.893908441 0
vt 0.56283778 0.891814113 0
vt 0.768180609 0.891814053 0
vt 0.562835872 0.890637338 0
vt 0.768182576 0.890637219 0
vt 0.562833786 0.889316916 0
vt 0.768184602 0.889316678 0
vt 0.562830448 0.887542009 0
vt 0.76818794 0.88754189 0
vt 0.562828362 0.886115193 0
vt 0.768190026 0.886115134 0
vt 0.562826633 0.884681761 0
vt 0.768191695 0.884681582 0
vt 0.562825084 0.883244157 0
vt 0.768193245 0.883244097 0
vt 0.562823951 0.881808639 0
vt 0.768194497 0.881808519 0
vt 0.562823057 0.880545735 0
vt 0.768195331 0.880545557 0
vt 0.562816024 0.876297832 0
vt 0.768202424 0.876297593 0
vt 0.562815487 0.874861181 0
vt 0.76820302 0.874861121 0
vt 0.56281507 0.873424709 0
vt 0.768203259 0.87342459 0
vt 0.562500179 0.801595986 0
vt 0.76851809 0.801595867 0
vt 0.56250006 0.800155163 0
vt 0.768518209 0.800154984 0
vt 0.5625 0.798828244 0
vt 0.768518329 0.798828125 0
vt 0.764103353 0.989102006 0
vt 0.566915214 0.989101946 0
vt 0.993689001 0.58203125 0
vt 0.993689001 0.810319245 0
vt 0.991477251 0.810313404 0
vt 0.991477311 0.582037091 0
vt 0.882984579 0.795359194 0
vt 0.882984579 0.596991301 0
vt 0.882463336 0.795359492 0
vt 0.882463336 0.596991003 0
vt 0.880063236 0.795395255 0
vt 0.880063236 0.59695524 0
vt 0.877191544 0.795437992 0
vt 0.877191544 0.596912503 0
vt 0.875713348 0.79544723 0
vt 0.875713348 0.596903265 0
vt 0.85501349 0.796710789 0
vt 0.85501349 0.595639706 0
vt 0.8535344 0.79671669 0
vt 0.8535344 0.595633805 0
vt 0.851765811 0.796723306 0
vt 0.851765811 0.595627129 0
vt 0.84910512 0.796734512 0
vt 0.84910512 0.595616043 0
vt 0.815086007 0.797812283 0
vt 0.815086007 0.594538212 0
vt 0.813606858 0.79781425 0
vt 0.813606858 0.594536245 0
vt 0.812448919 0.797815263 0
vt 0.812448919 0.594535291 0
vt 0.810648322 0.797817111 0
vt 0.810648322 0.594533384 0
vt 0.807911754 0.79782021 0
vt 0.807911754 0.594530284 0
vt 0.806210697 0.797820985 0
vt 0.806210697 0.59452951 0
vt 0.804725826 0.797821224 0
vt 0.804725826 0.594529271 0
vt 0.802759111 0.797820985 0
vt 0.802759111 0.59452951 0
vt 0.801704884 0.797820747 0
vt 0.801704884 0.594529748 0
vt 0.799821496 0.797819436 0
vt 0.799821496 0.594531 0
vt 0.797416985 0.797816515 0
vt 0.797416985 0.594534039 0
vt 0.794458568 0.797810555 0
vt 0.794458568 0.594539881 0
vt 0.741219521 0.795719862 0
vt 0.741219521 0.596630633 0
vt 0.739493132 0.795714736 0
vt 0.739493191 0.596635759 0
vt 0.738830447 0.795715034 0
vt 0.738830447 0.596635401 0
vt 0.736925662 0.795728028 0
vt 0.736925662 0.596622467 0
vt 0.735463619 0.795734644 0
vt 0.735463619 0.596615791 0
vt 0.732539892 0.795756638 0
vt 0.732539892 0.596593857 0
vt 0.731078029 0.795761228 0
vt 0.731078029 0.596589327 0
vt 0.706223011 0.796673834 0
vt 0.706223011 0.595676661 0
vt 0.704760909 0.796677053 0
vt 0.704760969 0.595673442 0
vt 0.700374603 0.796702385 0
vt 0.700374603 0.59564811 0
vt 0.698912382 0.796704948 0
vt 0.698912382 0.595645547 0
vt 0.69745034 0.796707273 0
vt 0.69745034 0.595643282 0
vt 0.696135998 0.796708822 0
vt 0.696135998 0.595641613 0
vt 0.694734573 0.796710432 0
vt 0.694734573 0.595640063 0
vt 0.690380692 0.796722651 0
vt 0.690380752 0.595627844 0
vt 0.67868346 0.796790838 0
vt 0.67868346 0.595559657 0
vt 0.677221298 0.796791732 0
vt 0.677221358 0.595558703 0
vt 0.672834814 0.796797693 0
vt 0.672834814 0.595552742 0
vt 0.671372652 0.79679817 0
vt 0.671372652 0.595552266 0
vt 0.669930816 0.796798408 0
vt 0.669930816 0.595552087 0
vt 0.66850245 0.796798408 0
vt 0.66850251 0.595552027 0
vt 0.667082369 0.796798229 0
vt 0.667082369 0.595552266 0
vt 0.665620387 0.796797752 0
vt 0.665620387 0.595552683 0
vt 0.664158285 0.796797156 0
vt 0.664158285 0.595553339 0
vt 0.662696064 0.796796262 0
vt 0.662696123 0.595554233 0
vt 0.661233783 0.79679513 0
vt 0.661233723 0.595555305 0
vt 0.659771681 0.796793818 0
vt 0.659771681 0.595556617 0
vt 0.634915471 0.796391726 0
vt 0.634915531 0.59595871 0
vt 0.633453369 0.796389639 0
vt 0.633453369 0.595960796 0
vt 0.631991386 0.796387017 0
vt 0.631991386 0.595963478 0
vt 0.629067242 0.796374559 0
vt 0.629067242 0.595975935 0
vt 0.627604961 0.796370804 0
vt 0.627604961 0.595979631 0
vt 0.626679659 0.796369076 0
vt 0.626679659 0.595981419 0
vt 0.624411404 0.796357572 0
vt 0.624411404 0.595992923 0
vt 0.623266041 0.796354234 0
vt 0.623266041 0.595996261 0
vt 0.546586931 0.780689955 0
vt 0.546586931 0.61166054 0
vt 0.54516387 0.780672312 0
vt 0.54516387 0.611678183 0
vt 0.544921875 0.780672371 0
vt 0.544921875 0.611678123 0
vt 0.444628417 0.713345528 0
vt 0.289693713 0.713345528 0
vt 0.289713353 0.711368144 0
vt 0.444608986 0.711367965 0
vt 0.28971988 0.710394621 0
vt 0.444602609 0.710394442 0
vt 0.289728075 0.709271789 0
vt 0.444594026 0.709271789 0
vt 0.289736867 0.708149135 0
vt 0.444585472 0.708148956 0
vt 0.289746016 0.707025945 0
vt 0.444576472 0.707025945 0
vt 0.289755136 0.705902696 0
vt 0.444567174 0.705902696 0
vt 0.29297474 0.677832127 0
vt 0.441347659 0.677831948 0
vt 0.292989314 0.67670989 0
vt 0.441333115 0.676709652 0
vt 0.293008536 0.675579548 0
vt 0.441313654 0.675579369 0
vt 0.293008536 0.675260067 0
vt 0.441313654 0.675260127 0
vt 0.29296577 0.673429251 0
vt 0.441356242 0.673429251 0
vt 0.292731494 0.667843997 0
vt 0.441590756 0.667843997 0
vt 0.29186666 0.654402316 0
vt 0.442455977 0.654402316 0
vt 0.291859567 0.653358281 0
vt 0.442462683 0.653358102 0
vt 0.291857153 0.652561009 0
vt 0.442465305 0.652561069 0
vt 0.291854531 0.651109755 0
vt 0.44246757 0.651109815 0
vt 0.294519305 0.577274203 0
vt 0.439803004 0.577274263 0
vn -0 -0 -1
vn 0 0 -1
vn 0 0 -1
vn 0 -0 -1
vn 0 0 -1
vn 0 0 -1
vn 0 0 -1
vn 0 -0 -1
vn -0 -0 -1
vn -0 -0 -1
vn -0 -0 -1
vn -0 -0 -1
vn -0 -0 -1
vn -0 -0 -1
vn -0 -0 -1
vn -0 -0 -1
vn -0 -0 -1
vn -0 -0 -1
vn -0 -0 -1
vn -0 -0 -1
vn -0 -0 -1
vn -0 -0 -1
vn -0 0 -1
vn -0 -0 -1
vn -0 -0 -1
vn -0 -0 -1
vn 0 -0 -1
vn 0 -0 -1
vn -0 -0 -1
vn 0 0 -1
vn 0 0 -1
vn 0 0 -1
vn -0 -0 -1
vn -0 -0 -1
vn -0 -0 -1
vn 0 -0 -1
vn 0 -0 -1
vn -0 -0 -1
vn 0 -0 -1
vn -0 -0 -1
vn -0 -0 -1
vn -0 -0 -1
vn -0 -0 -1
vn -0 -0 -1
vn 0 0 -1
vn 0 0 -1
vn 0 0 -1
vn 0 0 -1
vn 0 0 -1
vn -0 -0 -1
vn -0 -0 -1
vn -0 -0 -1
vn 0 0 -1
vn 0 0 -1
vn 0 0 -1
vn -0 -0 -1
vn -0 -0 -1
vn 0 0 -1
vn 0 0 -1
vn -0 -0 -1
vn -0 -0 -1
vn 0 0 -1
vn 0 0 -0.99999994
vn -0 -0 -1
vn -0 -0 -1
vn 0 0 -1
vn 0 0 -1
vn -0 -0 -1
vn -0 -0 -1
vn 0 0 -1
vn 0 0 -1
vn -0 -0 -1
vn -0 -0 -1
vn 0 0 -1
vn 0 0 -0.99999994
vn -0 -0 -1
vn -0 -0 -1
vn 0 0 -1
vn 0 0 -1
vn -0 -0 -1
vn -0 -0 -1
vn 0 0 -1
vn 0 0 -1
vn -0 -0 -1
vn -0 -0 -1
vn 0 0 -1
vn 0 0 -0.99999994
vn -0 -0 -1
vn -0 -0 -1
vn 0 0 -1
vn 0 0 -1
vn -0 -0 -1
vn 0 0 -1
vn 0 0 -1
vn 0 0 -1
vn -0 -0 -1
vn 0 0 -1
vn 0 0 -1
vn -0 -0 -1
vn -0 -0 -1
vn 0 0 -1
vn 0 0 -1
vn -0 -0 -1
vn -0 -0 -1
vn 0 0 -1
vn 0 0 -1
vn -0 -0 -1
vn -0 -0 -1
vn 0 0 -1
vn 0 0 -1
vn -0 -0 -1
vn -0 -0 -1
vn 0 0 -1
vn 0 0 -1
vn -0 -0 -1
vn -0 -0 -1
vn 0 0 -1
vn -0 -0 -1
vn 0 0 -1
vn 0 0 -1
vn 0 0 -1
vn -0 -0 -1
vn 0 0 -1
vn 0 0 -1
vn -0 -0 -1
vn -0 -0 -1
vn 0 0 -1
vn 0 0 -1
vn -0 -0 -1
vn -0 -0 -1
vn 0 0 -1
vn 0 0 -1
vn 0 0 -1
vn -0 -0 -1
vn 0 0 -1
vn 0 0 -0.99999994
vn 0 0 -1
vn -0 -0 -1
vn 0 0 -1
vn 0 0 -0.99999994
vn -0 -0 -1
vn -0 -0 -0.99999994
vn 0 0 -1
vn 0 0 -1
vn -0 -0 -1
vn -0 -0 -1
vn 0 0 -1
vn 0 0 -1
vn 0 0 -1
vn -0 -0 -1
vn 0 0 -1
vn 0 0 -1
vn -0 -0 -1
vn -0 -0 -1
vn 0 0 -1
vn 0 0 -1
vn -0 -0 -1
vn -0 -0 -1
vn 0 0 -1
vn 0 0 -1
vn -0 -0 -1
vn -0 -0 -1
vn -0 -0 -1
vn -0 -0 -1
vn -0 -0 -1
vn -0 -0 -1
vn -0 -0 -1
vn -0 -0 -1
vn -0 -0 -1
vn -0 -0 -1
vn -0 -0 -1
vn -0 -0 -1
vn -0 -0 -1
vn -0 -0 -1
vn -0 -0 -1
vn -0 -0 -1
vn -0 -0 -1
vn -0 -0 -1
vn 0 0 -1
vn 0 0 -1
vn -0 -0 -1
vn -0 -0 -1
vn 0 0 -1
vn 0 0 -1
vn -0 -0 -1
vn -0 -0 -1
vn 0 0 -1
vn 0 0 -1
vn 0 0 -1
vn -0 -0 -1
vn -0 -0 -1
vn 0 0 -1
vn 0 0 -1
vn -0 -0 -1
vn -0 -0 -1
vn 0 0 -1
vn 0 0 -1
vn -0 -0 -1
vn -0 -0 -1
vn 0 0 -1
vn 0 0 -1
vn 0 0 -1
vn -0 -0 -1
vn -0 -0 -1
vn 0 0 -1
vn 0 0 -1
vn -0 -0 -1
vn -0 -0 -1
vn 0 0 -1
vn 0 0 -1
vn -0 -0 -1
vn -0 -0 -1
vn 0 0 -1
vn 0 0 -1
vn 0 0 -1
vn -0 -0 -1
vn -0 -0 -1
vn 0 0 -1
vn 0 0 -1
vn -0 -0 -1
vn -0 -0 -1
vn 0 0 -1
vn 0 0 -1
vn 0 0 -1
vn -0 -0 -1
vn 0 0 -1
vn 0 0 -1
vn 0 0 -1
vn -0 -0 -1
vn -0 -0 -1
vn 0 0 -1
vn 0 0 -0.99999994
vn -0 -0 -0.99999994
vn -0 -0 -1
vn 0 0 -1
vn 0 0 -1
vn -0 -0 -1
vn -0 -0 -1
vn 0 0 -1
vn 0 0 -1
vn -0 0 -1
vn 0 0 -1
vn 0 0 -0.99999994
vn 0 0 -1
vn -0 -0 -1
vn -0 -0 -1
vn 0 0 -1
vn 0 0 -1
vn -0 -0 -1
vn -0 -0 -1
vn 0 0 -1
vn 0 0 -1
vn -0 -0 -1
vn -0 -0 -1
vn 0 0 -0.99999994
vn 0 0 -1
vn -0 -0 -1
vn -0 -0 -1
vn 0 0 -1
vn 0 0 -1
vn -0 -0 -1
vn -0 -0 -1
vn 0 0 -1
vn -0 -0 -1
vn -0 -0 -1
vn -0 -0 -1
vn 0 0 -1
vn -0 -0 -1
vn -0 -0 -1
vn -0 -0 -1
vn 0 0 -1
vn -0 -0 -0.99999994
vn -0 -0 -1
vn 0 0 -1
vn -0 -0 -1
vn -0 -0 -0.99999994
vn 0 0 -1
vn 0 0 -1
vn -0 -0 -1
vn -0 -0 -1
vn 0 0 -1
vn 0 0 -1
vn -0 -0 -1
vn -0 -0 -1
vn 0 0 -1
vn 0 0 -1
vn -0 -0 -1
vn -0 -0 -1
vn 0 0 -1
vn 0 0 -1
vn -0 -0 -1
vn -0 -0 -1
vn 0 0 -0.99999994
vn -0 -0 -1
vn -0 -0 -1
vn -0 -0 -1
vn 0 0 -0.99999994
vn -0 -0 -1
vn -0 -0 -1
vn -0 -0 -1
vn 0 0 -1
vn -0 -0 -1
vn -0 -0 -1
vn 0 0 -1
vn 0 0 -1
vn -0 -0 -1
vn -0 -0 -0.99999994
vn -0 -0 -1
vn -0 -0 -1
vn -0 -0 -1
vn -0 -0 -1
vn -0 -0 -1
vn -0 -0 -1
vn -0 -0 -1
vn -0 -0 -1
vn -0 -0 -1
vn -0 -0 -1
vn -0 -0 -1
vn -0 -0 -1
vn -0 -0 -1
vn -0 -0 -1
vn -0 -0 -1
vn -0 -0 -1
vn -0 0 -1
vn -0 -0 -1
vn -0 -0 -1
vn 0 0 -1
vn 0 0 -1
vn -0 -0 -1
vn -0 -0 -1
vn 0 0 -1
vn -0 -0 -1
vn -0 -0 -1
vn 0 0 -1
vn 0 0 -1
vn -0 -0 -1
vn -0 -0 -1
vn 0 0 -1
vn -0 -0 -1
vn -0 -0 -1
vn 0 0 -1
vn 0 0 -1
vn -0 -0 -1
vn 0 0 -1
vn 0 0 -1
vn -0 -0 -1
vn -0 -0 -1
vn 0 0 -1
vn 0 0 -1
vn -0 -0 -1
vn -0 -0 -1
vn 0 0 -1
vn -0 -0 -1
vn -0 -0 -1
vn 0 0 -0.99999994
vn 0 0 -1
vn -0 -0 -1
vn -0 -0 -1
vn 0 0 -1
vn -0 -0 -1
vn -0 -0 -1
vn 0 0 -1
vn 0 0 -1
vn -0 -0 -0.99999994
vn 0 0 -1
vn 0 0 -1
vn -0 -0 -1
vn -0 -0 -1
vn 0 0 -1
vn -0 -0 -1
vn -0 -0 -1
vn -0 -0 -1
vn 0 0 -1
vn -0 -0 -1
vn -0 -0 -1
vn 0 0 -1
vn -0 -0 -1
vn 0 0 -1
vn 0 0 -1
vn -0 -0 -0.99999994
vn -0 -0 -1
vn 0 0 -1
vn 0 0 -1
vn -0 -0 -1
vn 0 0 -1
vn 0 0 -1
vn -0 -0 -1
vn -0 -0 -1
vn 0 0 -1
vn -0 -0 -1
vn -0 -0 -1
vn -0 -0 -1
vn 0 0 -1
vn -0 -0 -1
vn -0 -0 -1
vn 0 0 -1
vn -0 -0 -1
vn 0 0 -1
vn 0 0 -1
vn -0 -0 -0.99999994
vn -0 -0 -1
vn 0 0 -1
vn -0 -0 -1
vn -0 -0 -1
vn 0 0 -1
vn 0 0 -1
vn -0 -0 -1
vn -0 -0 -1
vn 0 0 -1
vn -0 -0 -1
vn -0 -0 -1
vn 0 0 -1
vn 0 0 -1
vn -0 -0 -1
vn -0 -0 -0.99999994
vn 0 0 -1
vn -0 -0 -1
vn -0 -0 -1
vn 0 0 -1
vn 0 0 -1
vn -0 -0 -1
vn -0 -0 -1
vn 0 0 -1
vn -0 -0 -1
vn -0 -0 -1
vn 0 0 -1
vn 0 0 -1
vn -0 -0 -1
vn -0 -0 -1
vn 0 0 -1
vn -0 -0 -1
vn -0 -0 -1
vn 0 0 -1
vn 0 0 -1
vn -0 -0 -1
vn -0 -0 -1
vn 0 0 -1
vn 0 0 -1
vn -0 -0 -1
vn 0 0 -1
vn -0 0 -1
vn 0 0 -1
vn 0 0 -1
vn -0 -0 -1
vn -0 -0 -1
vn 0 -0 -1
vn 0 -0 -1
vn -0 -0 -1
vn -0 -0 -1
vn -0 -0 -1
vn 0 -0 -1
vn -0 -0 -1
vn -0 -0 -1
vn -0 -0 -1
vn -0 -0 -1
vn -0 -0 -1
vn -0 -0 -1
vn -0 -0 -1
vn -0 -0 -1
vn -0 -0 -1
vn -0 -0 -1
vn -0 -0 -1
vn -0 -0 -1
vn -0 0 -1
vn -0 -0 -1
vn -0 -0 -1
vn 0 0 -1
vn -0 -0 -1
vn -0 -0 -1
vn 0 0 -1
vn 0 0 -1
vn -0 -0 -1
vn -0 -0 -1
vn -0 -0 -1
vn -0 -0 -1
vn -0 -0 -1
vn -0 -0 -1
vn -0 -0 -1
vn 0 0 -1
vn 0 0 -1
vn -0 -0 -1
vn -0 -0 -1
vn -0 -0 -0.99999994
vn -0 -0 -1
vn 0 0 -0.99999994
vn -0 -0 -1
vn -0 -0 -1
vn -0 -0 -1
vn 0 0 -1
vn -0 -0 -1
vn -0 -0 -1
vn 0 0 -1
vn -0 -0 -1
vn -0 -0 -1
vn 0 0 -1
vn -0 -0 -1
vn -0 -0 -1
vn -0 -0 -1
vn 0 0 -1
vn -0 -0 -1
vn -0 -0 -1
vn -0 -0 -1
vn -0 -0 -1
vn -0 -0 -1
vn -0 -0 -1
vn 0 0 -1
vn 0 0 -1
vn -0 -0 -1
vn 0 0 -1
vn 0 0 -1
vn -0 -0 -1
vn -0 -0 -1
vn 0 0 -1
vn 0 0 -1
vn -0 -0 -1
vn -0 -0 -1
vn -0 -0 -1
vn -0 -0 -1
vn -0 -0 -1
vn -0 -0 -1
vn -0 -0 -1
vn -0 0 -1
vn -0 -0 -1
vn -0 -0 -1
vn -0 0 -1
vn -0 -0 -1
vn -0 -0 -1
vn -0 -0 -1
vn -0 -0 -1
vn -0 -0 -1
vn -0 -0 -1
vn -0 -0 -1
vn -0 -0 -1
vn -0 -0 -1
vn 0 0 -1
vn -0 -0 -1
vn -0 -0 -1
vn -0 -0 -1
vn 0 0 -1
vn -0 -0 -1
vn -0 -0 -1
vn 0 0 -0.99999994
vn -0 -0 -1
vn -0 -0 -1
vn -0 -0 -1
vn -0 -0 -1
vn -0 -0 -1
vn 0 0 -1
vn -0 -0 -1
vn -0 -0 -1
vn -0 -0 -0.99999994
vn 0 0 -1
vn -0 -0 -0.99999994
vn 0 0 -1
vn 0 0 -1
vn -0 -0 -1
vn 0 0 -1
vn 0 0 -1
vn -0 -0 -1
vn -0 -0 -1
vn 0 0 -1
vn 0 0 -1
vn -0 -0 -1
vn -0 -0 -1
vn -0 -0 -1
vn -0 -0 -1
vn 0 0 -1
vn 0 0 -1
vn 0 0 -1
vn 0 0 -1
vn -0 -0 -1
vn -0 -0 -1
vn -0 -0 -1
vn -0 -0 -1
vn -0 -0 -1
vn -0 -0 -1
vn -0 -0 -1
vn -0 -0 -1
vn -0 -0 -1
vn -0 -0 -1
vn 0 -0 -1
vn 0 -0 -1
vn -0 0 -0.99999994
vn 0 0 -1
vn -0 -0 -1
vn -0 -0 -1
vn 0 0 -1
vn 0 0 -1
vn -0 -0 -1
vn 0 0 -1
vn 0 0 -1
vn 0 0 -1
vn 0 0 -1
vn 0 0 -1
vn 0 0 -1
vn -0 -0 -1
vn 0 0 -1
vn 0 0 -1
vn 0 0 -1
vn 0 0 -1
vn 0 -0 -1
vn 0 0 -1
vn 0 0 -1
vn 0 0 -1
vn 0 -0 -1
vn 0 0 -1
vn 0 0 -1
vn 0 0 -1
vn 0 0 -1
vn 0 0 -1
vn 0 0 -1
vn 0 0 -1
vn 0 0 -1
vn 0 0 -1
vn 0 0 -1
vn -0 -0 -1
vn 0 0 -1
vn 0 0 -1
vn 0 0 -1
vn 0 0 -1
vn -0 -0 -1
vn 0 0 -0.99999994
vn 0 0 -1
vn 0 0 -1
vn 0 0 -1
vn 0 0 -1
vn 0 0 -1
vn 0 0 -1
vn 0 0 -1
vn 0 0 -1
vn -0 0 -0.99999994
vn 0 -0 -1
vn 0 0 -1
vn 0 0 -1
vn 0 0 -1
vn 0 0 -1
vn 0 0 -1
vn -0 -0 -1
vn -0 0 -1
vn -0 -0 -1
vn -0 -0 -1
vn -0 -0 -1
vn 0 -0 -1
vn -0 -0 -1
vn -0 -0 -1
vn -0 -0 -1
vn -0 -0 -1
vn -0 -0 -1
vn -0 -0 -1
vn -0 -0 -1
vn -0 -0 -1
vn -0 -0 -1
vn -0 -0 -1
vn -0 -0 -1
vn -0 -0 -1
vn -0 0 -1
vn -0 -0 -1
vn -0 0 -1
vn -0 -0 -1
vn -0 -0 -1
vn -0 -0 -1
vn -0 -0 -1
vn -0 -0 -1
vn 0 0 -1
vn 0 0 -1
vn 0 0 -1
vn 0 -0 -1
vn 0 0 -1
vn 0 0 -1
vn 0 0 -1
vn 0 0 -1
vn 0 0 -1
vn 0 0 -1
vn 0 0 -1
vn 0 0 -1
vn 0 0 -1
vn 0 0 -1
vn 0 0 -1
vn 0 0 -1
vn -0 0 -1
vn 0 0 -1
vn -0 0 -1
vn -0 -0 -1
vn -0 -0 -1
vn -0 -0 -1
vn -0 -0 -1
vn -0 -0 -1
vn -0 -0 -1
vn -0 0 -1
vn -0 -0 -1
vn -0 0 -1
vn -0 -0 -1
vn -0 0 -1
vn -0 -0 -1
vn -0 -0 -1
vn -0 -0 -1
vn 0 -0 -1
vn -0 -0 -1
vn 0 -0 -1
vn 0 -0 -1
vn 0 0 -1
vn -0 -0 -1
vn 0 0 -1
vn 0 0 -1
vn 0 0 -1
vn 0 0 -1
vn 0 0 -1
vn 0 0 -1
vn 0 0 -1
vn 0 0 -1
vn 0 0 -1
vn 0 0 -1
vn 0 0 -1
vn -0 0 -1
vn 0 0 -1
vn -0 0 -1
vn 0 0 -1
vn 0 0 -1
vn 0 0 -1
vn -0 -0 -1
vn -0 -0 -1
vn -0 -0 -1
vn -0 -0 -1
vn -0 0 -0.99999994
vn -0 -0 -1
vn -0 0 -1
vn -0 -0 -1
vn -0 -0 -1
vn -0 -0 -1
vn 0 -0 -1
vn 0 -0 -1
vn -0 -0 -1
vn -0 -0 1
vn -0 -0 1
vn -0 -0 1
vn -0 -0 1
vn 0 -0 1
vn -0 -0 1
vn 0 -0 1
vn 0 -0 1
vn -0 -0 1
vn -0 -0 1
vn -0 0 1
vn 0 0 1
vn 0 0 1
vn 0 0 1
vn -0 -0 1
vn 0 -0 1
vn 0 -0 1
vn -0 -0 1
vn -0 -0 1
vn -0 -0 1
vn -0 0 1
vn -0 -0 1
vn -0 -0 1
vn -0 -0 1
vn -0 -0 1
vn -0 -0 1
vn -0 -0 1
vn -0 -0 1
vn -0 -0 1
vn -0 -0 1
vn -0 -0 1
vn -0 -0 1
vn -0 -0 1
vn -0 -0 1
vn -0 -0 1
vn 0 -0 1
vn 0 0 1
vn 0 0 1
vn 0 0 1
vn 0 -0 1
vn 0 0 1
vn 0 -0 1
vn -0 -0 1
vn -0 -0 1
vn -0 -0 1
vn 0 -0 1
vn -0 -0 1
vn -0 -0 1
vn -0 -0 1
vn 0 -0 1
vn 0 -0 1
vn -0 -0 1
vn -0 -0 1
vn 0 0 1
vn 0 0 1
vn -0 0 1
vn 0 0 1
vn -0 -0 1
vn 0 0 1
vn 0 0 1
vn -0 -0 1
vn -0 -0 1
vn 0 0 1
vn 0 0 1
vn -0 -0 1
vn -0 -0 1
vn 0 0 1
vn -0 -0 1
vn -0 -0 1
vn 0 0 1
vn 0 0 1
vn -0 -0 1
vn -0 -0 1
vn 0 0 1
vn -0 -0 1
vn -0 -0 1
vn 0 0 1
vn 0 0 1
vn -0 -0 1
vn -0 -0 1
vn 0 0 1
vn -0 -0 0.99999994
vn -0 -0 1
vn 0 0 1
vn 0 0 1
vn -0 -0 1
vn -0 -0 1
vn 0 0 1
vn -0 -0 1
vn -0 -0 1
vn 0 0 1
vn 0 0 1
vn -0 -0 1
vn -0 -0 1
vn 0 0 1
vn -0 -0 1
vn -0 -0 0.99999994
vn 0 0 1
vn 0 0 1
vn -0 -0 1
vn 0 0 1
vn -0 -0 1
vn -0 -0 1
vn 0 0 1
vn -0 -0 1
vn -0 -0 1
vn -0 -0 1
vn 0 0 1
vn -0 -0 1
vn -0 -0 1
vn 0 0 1
vn 0 0 1
vn -0 -0 1
vn 0 0 1
vn 0 0 1
vn -0 -0 1
vn -0 -0 0.99999994
vn 0 0 1
vn 0 0 1
vn -0 -0 1
vn 0 0 1
vn -0 -0 1
vn -0 -0 1
vn 0 0 1
vn -0 -0 1
vn -0 -0 1
vn -0 -0 1
vn 0 0 1
vn -0 -0 1
vn -0 -0 1
vn 0 0 1
vn 0 0 1
vn -0 -0 0.99999994
vn 0 0 1
vn 0 0 1
vn -0 -0 1
vn -0 -0 1
vn 0 0 1
vn -0 -0 1
vn -0 -0 1
vn 0 0 1
vn 0 0 0.99999994
vn -0 -0 1
vn -0 -0 1
vn 0 0 1
vn -0 -0 1
vn -0 -0 1
vn 0 0 1
vn 0 0 1
vn -0 -0 1
vn -0 -0 1
vn 0 0 1
vn 0 0 1
vn -0 -0 1
vn 0 0 1
vn 0 0 1
vn -0 -0 1
vn -0 -0 1
vn 0 0 1
vn -0 -0 1
vn -0 -0 1
vn 0 0 1
vn 0 0 1
vn -0 -0 1
vn -0 -0 1
vn 0 0 1
vn -0 -0 1
vn -0 -0 1
vn 0 0 1
vn 0 0 1
vn -0 -0 1
vn -0 -0 1
vn -0 0 1
vn -0 -0 1
vn -0 -0 1
vn -0 -0 1
vn -0 -0 1
vn -0 -0 1
vn -0 -0 1
vn -0 -0 1
vn -0 -0 1
vn -0 -0 1
vn -0 -0 1
vn -0 -0 1
vn -0 -0 1
vn -0 -0 1
vn -0 -0 1
vn -0 -0 1
vn -0 -0 1
vn -0 -0 0.99999994
vn -0 -0 1
vn 0 0 1
vn 0 0 1
vn -0 -0 1
vn -0 -0 1
vn 0 0 1
vn -0 -0 1
vn -0 -0 1
vn -0 -0 1
vn 0 0 0.99999994
vn -0 -0 1
vn -0 -0 1
vn -0 -0 1
vn 0 0 0.99999994
vn -0 -0 1
vn -0 -0 1
vn 0 0 1
vn 0 0 1
vn -0 -0 1
vn -0 -0 1
vn 0 0 1
vn 0 0 1
vn -0 -0 1
vn -0 -0 1
vn 0 0 1
vn 0 0 1
vn -0 -0 1
vn -0 -0 1
vn 0 0 1
vn 0 0 1
vn -0 -0 0.99999994
vn -0 -0 1
vn 0 0 1
vn -0 -0 1
vn -0 -0 0.99999994
vn 0 0 1
vn -0 -0 1
vn -0 -0 1
vn -0 -0 1
vn 0 0 1
vn -0 -0 1
vn -0 -0 1
vn -0 -0 1
vn 0 0 1
vn -0 -0 1
vn -0 -0 1
vn 0 0 1
vn 0 0 1
vn -0 -0 1
vn -0 -0 1
vn 0 0 1
vn 0 0 0.99999994
vn -0 -0 1
vn -0 -0 1
vn 0 0 1
vn 0 0 1
vn -0 -0 1
vn -0 -0 1
vn 0 0 1
vn 0 0 1
vn -0 -0 1
vn -0 -0 1
vn 0 0 1
vn 0 0 0.99999994
vn 0 0 1
vn -0 0 1
vn 0 0 1
vn 0 0 1
vn -0 -0 1
vn -0 -0 1
vn 0 0 1
vn 0 0 1
vn -0 -0 1
vn -0 -0 0.99999994
vn 0 0 0.99999994
vn 0 0 1
vn -0 -0 1
vn -0 -0 1
vn 0 0 1
vn 0 0 1
vn 0 0 1
vn -0 -0 1
vn 0 0 1
vn 0 0 1
vn 0 0 1
vn -0 -0 1
vn -0 -0 1
vn 0 0 1
vn 0 0 1
vn -0 -0 1
vn -0 -0 1
vn 0 0 1
vn 0 0 1
vn 0 0 1
vn -0 -0 1
vn -0 -0 1
vn 0 0 1
vn 0 0 1
vn -0 -0 1
vn -0 -0 1
vn 0 0 1
vn 0 0 1
vn -0 -0 1
vn -0 -0 1
vn 0 0 1
vn 0 0 1
vn 0 0 1
vn -0 -0 1
vn -0 -0 1
vn 0 0 1
vn 0 0 1
vn -0 -0 1
vn -0 -0 1
vn 0 0 1
vn 0 0 1
vn -0 -0 1
vn -0 -0 1
vn 0 0 1
vn 0 0 1
vn 0 0 1
vn -0 -0 1
vn -0 -0 1
vn 0 0 1
vn 0 0 1
vn -0 -0 1
vn -0 -0 1
vn 0 0 1
vn 0 0 1
vn -0 -0 1
vn -0 -0 1
vn -0 -0 1
vn -0 -0 1
vn -0 -0 1
vn -0 -0 1
vn -0 -0 1
vn -0 -0 1
vn -0 -0 1
vn -0 -0 1
vn -0 -0 1
vn -0 -0 1
vn -0 -0 1
vn -0 -0 1
vn -0 -0 1
vn -0 -0 1
vn -0 -0 1
vn -0 -0 1
vn 0 0 1
vn 0 0 1
vn -0 -0 1
vn -0 -0 1
vn 0 0 1
vn 0 0 1
vn -0 -0 1
vn -0 -0 1
vn 0 0 1
vn 0 0 1
vn -0 -0 1
vn 0 0 1
vn 0 0 1
vn 0 0 1
vn -0 -0 1
vn -0 -0 1
vn 0 0 1
vn 0 0 1
vn -0 -0 0.99999994
vn -0 -0 1
vn 0 0 0.99999994
vn 0 0 1
vn -0 -0 1
vn 0 0 1
vn 0 0 0.99999994
vn 0 0 1
vn -0 -0 1
vn 0 0 1
vn 0 0 1
vn 0 0 1
vn -0 -0 1
vn -0 -0 1
vn 0 0 1
vn 0 0 1
vn -0 -0 1
vn -0 -0 1
vn 0 0 1
vn 0 0 1
vn -0 -0 1
vn 0 0 1
vn 0 0 1
vn 0 0 1
vn -0 -0 1
vn 0 0 1
vn -0 -0 1
vn -0 -0 1
vn 0 0 1
vn 0 0 1
vn -0 -0 1
vn -0 -0 1
vn 0 0 1
vn 0 0 1
vn -0 -0 1
vn -0 -0 1
vn 0 0 1
vn 0 0 1
vn -0 -0 1
vn -0 -0 1
vn 0 0 1
vn 0 0 1
vn -0 -0 1
vn -0 -0 1
vn 0 0 1
vn 0 0 1
vn -0 -0 1
vn 0 0 1
vn 0 0 1
vn 0 0 1
vn -0 -0 1
vn 0 0 1
vn 0 0 1
vn -0 -0 1
vn -0 -0 1
vn 0 0 0.99999994
vn 0 0 1
vn -0 -0 1
vn -0 -0 1
vn 0 0 1
vn 0 0 1
vn -0 -0 1
vn -0 -0 1
vn 0 0 1
vn 0 0 1
vn -0 -0 1
vn -0 -0 1
vn 0 0 0.99999994
vn 0 0 1
vn -0 -0 1
vn -0 -0 1
vn 0 0 1
vn 0 0 1
vn -0 -0 1
vn -0 -0 1
vn 0 0 1
vn 0 0 1
vn -0 -0 1
vn -0 -0 1
vn 0 0 0.99999994
vn 0 0 1
vn -0 -0 1
vn -0 -0 1
vn 0 0 1
vn 0 0 1
vn -0 -0 1
vn -0 -0 1
vn 0 0 1
vn 0 0 1
vn 0 0 1
vn -0 -0 1
vn -0 -0 1
vn -0 -0 1
vn 0 0 1
vn 0 0 1
vn 0 0 1
vn 0 0 1
vn 0 -0 1
vn -0 -0 1
vn -0 -0 1
vn -0 -0 1
vn -0 -0 1
vn -0 -0 1
vn 0 -0 1
vn -0 -0 1
vn -0 -0 1
vn -0 0 1
vn -0 -0 1
vn 0 0 1
vn 0 0 1
vn 0 0 1
vn 0 0 1
vn 0 0 1
vn 0 -0 1
vn -0 0 0.99999994
vn 0 0 1
vn 0 0 1
vn 0 0 1
vn 0 0 1
vn 0 0 1
vn 0 0 1
vn 0 0 1
vn 0 0 1
vn 0 0 0.99999994
vn -0 -0 1
vn 0 0 1
vn 0 0 1
vn 0 0 1
vn 0 0 1
vn -0 -0 1
vn 0 0 1
vn 0 0 1
vn 0 0 1
vn 0 0 1
vn 0 0 1
vn 0 0 1
vn 0 0 1
vn 0 0 1
vn 0 0 1
vn 0 0 1
vn 0 -0 1
vn 0 0 1
vn 0 0 1
vn 0 0 1
vn 0 -0 1
vn 0 0 1
vn 0 0 1
vn 0 0 1
vn 0 0 1
vn -0 -0 1
vn 0 0 1
vn 0 0 1
vn 0 0 1
vn 0 0 1
vn 0 0 1
vn 0 0 1
vn -0 -0 1
vn 0 0 1
vn 0 0 1
vn -0 -0 1
vn -0 -0 1
vn 0 0 1
vn -0 0 0.99999994
vn 0 -0 1
vn 0 -0 1
vn -0 -0 1
vn -0 -0 1
vn -0 -0 1
vn -0 -0 1
vn -0 -0 1
vn -0 -0 1
vn -0 -0 1
vn -0 -0 1
vn -0 -0 1
vn -0 -0 1
vn 0 0 1
vn 0 0 1
vn 0 0 1
vn 0 0 1
vn -0 -0 1
vn -0 -0 1
vn -0 -0 1
vn -0 -0 1
vn 0 0 1
vn 0 0 1
vn -0 -0 1
vn -0 -0 1
vn 0 0 1
vn 0 0 1
vn -0 -0 1
vn 0 0 1
vn 0 0 1
vn -0 -0 0.99999994
vn 0 0 1
vn -0 -0 0.99999994
vn -0 -0 1
vn -0 -0 1
vn 0 0 1
vn -0 -0 1
vn -0 -0 1
vn -0 -0 1
vn -0 -0 1
vn -0 -0 1
vn 0 0 0.99999994
vn -0 -0 1
vn -0 -0 1
vn 0 0 1
vn -0 -0 1
vn -0 -0 1
vn -0 -0 1
vn 0 0 1
vn -0 -0 1
vn -0 -0 1
vn -0 -0 1
vn -0 -0 1
vn -0 -0 1
vn -0 -0 1
vn -0 -0 1
vn -0 -0 1
vn -0 -0 1
vn -0 0 1
vn -0 -0 1
vn -0 -0 1
vn -0 0 1
vn -0 -0 1
vn -0 -0 1
vn -0 -0 1
vn -0 -0 1
vn -0 -0 1
vn -0 -0 1
vn -0 -0 1
vn 0 0 1
vn 0 0 1
vn -0 -0 1
vn -0 -0 1
vn 0 0 1
vn 0 0 1
vn -0 -0 1
vn 0 0 1
vn 0 0 1
vn -0 -0 1
vn -0 -0 1
vn -0 -0 1
vn -0 -0 1
vn -0 -0 1
vn -0 -0 1
vn 0 0 1
vn -0 -0 1
vn -0 -0 1
vn -0 -0 1
vn 0 0 1
vn -0 -0 1
vn -0 -0 1
vn 0 0 1
vn -0 -0 1
vn -0 -0 1
vn 0 0 1
vn -0 -0 1
vn -0 -0 1
vn -0 -0 1
vn 0 0 0.99999994
vn -0 -0 1
vn -0 -0 0.99999994
vn -0 -0 1
vn -0 -0 1
vn 0 0 1
vn 0 0 1
vn -0 -0 1
vn -0 -0 1
vn -0 -0 1
vn -0 -0 1
vn -0 -0 1
vn -0 -0 1
vn -0 -0 1
vn 0 0 1
vn 0 0 1
vn -0 -0 1
vn -0 -0 1
vn 0 0 1
vn -0 -0 1
vn -0 -0 1
vn -0 0 1
vn -0 -0 1
vn -0 -0 1
vn -0 -0 1
vn -0 -0 1
vn -0 -0 1
vn -0 -0 1
vn -0 -0 1
vn -0 -0 1
vn -0 -0 1
vn -0 -0 1
vn -0 -0 1
vn -0 -0 1
vn -0 -0 1
vn 0 -0 1
vn -0 -0 1
vn -0 -0 1
vn -0 0 1
vn -0 -0 1
vn -0 0 0.99999994
vn -0 -0 1
vn -0 -0 1
vn -0 -0 1
vn -0 -0 1
vn -0 0 1
vn 0 0 1
vn 0 0 1
vn -0 0 1
vn 0 0 1
vn -0 0 1
vn 0 0 1
vn 0 0 1
vn 0 0 1
vn 0 0 1
vn 0 0 1
vn 0 0 1
vn 0 0 1
vn 0 0 1
vn 0 0 1
vn 0 0 1
vn 0 0 1
vn -0 -0 1
vn 0 0 1
vn 0 -0 1
vn 0 -0 1
vn -0 -0 1
vn 0 -0 1
vn -0 -0 1
vn -0 -0 1
vn -0 -0 1
vn -0 0 1
vn -0 -0 1
vn -0 0 1
vn -0 -0 1
vn -0 0 1
vn -0 -0 1
vn -0 -0 1
vn -0 -0 1
vn -0 -0 1
vn -0 -0 1
vn -0 -0 1
vn -0 0 1
vn 0 0 1
vn -0 0 1
vn 0 0 1
vn 0 0 1
vn 0 0 1
vn 0 0 1
vn 0 0 1
vn 0 0 1
vn 0 0 1
vn 0 0 1
vn 0 0 1
vn 0 0 1
vn 0 0 1
vn 0 0 1
vn 0 -0 1
vn 0 0 1
vn 0 0 1
vn 0 0 1
vn 0 -0 1
vn -0 -0 1
vn -0 -0 1
vn -0 -0 1
vn -0 -0 1
vn -0 0 1
vn -0 -0 1
vn -0 0 1
vn -0 -0 1
vn -0 -0 1
vn -0 -0 1
vn -0 -0 1
vn -0 -0 1
vn -0 -0 1
vn -0 -0 1
vn -0 -0 1
vn -0 -0 1
vn -1 0 -0
vn -1 -0 -0
vn -0.999997735 -0.00214235578 0
vn -0.999997735 -0.00214235578 -0
vn -0.999997735 -0.00214235578 -0
vn -0.999997735 -0.00214235578 0
vn -0.999999285 0.00124989694 0
vn -0.999999285 0.00124989694 0
vn -0.999999285 0.00124989694 0
vn -0.999999285 0.00124989694 0
vn -1 0.000324807799 -0
vn -1 0.000324807799 -0
vn -1 0.000324807799 -0
vn -1 0.000324807799 -0
vn -0.999981165 -0.0061348537 0
vn -0.999981165 -0.0061348537 0
vn -0.71620661 -0.697888255 -0
vn -0.71620661 -0.697888255 -0
vn -0.71620661 -0.697888255 0
vn -0.71620661 -0.697888255 0
vn -0.100210726 -0.994966209 -0
vn -0.100210726 -0.994966209 -0
vn -0.0501151346 -0.998743474 0
vn -0.0501151346 -0.998743474 0
vn -0.0501151346 -0.998743474 0
vn -0.0501151346 -0.998743474 0
vn 0.000106937579 -1 -0
vn 0.000106937579 -1 -0
vn -0.370741099 -0.92873621 -0
vn -0.370741099 -0.92873621 -0
vn -0.370741099 -0.92873621 0
vn -0.370741099 -0.92873621 0
vn -0.982183218 -0.187925786 -0
vn -0.982183218 -0.187925786 -0
vn -0.995535791 -0.0943842456 0
vn -0.995535791 -0.0943842456 0
vn -0.995535791 -0.0943842456 0
vn -0.995535791 -0.0943842456 0
vn -0.999999106 -0.00134704902 0
vn -0.999999106 -0.00134704902 -0
vn -0.999999106 -0.00134704902 -0
vn -0.999999106 -0.00134704902 0
vn -0.999997318 0.00233722897 0
vn -0.999997318 0.00233722897 0
vn -0.999997318 0.00233722897 0
vn -0.999997318 0.00233722897 0
vn -0.985270679 0.17100215 -0
vn -0.985270679 0.17100215 -0
vn -0.985270679 0.17100215 -0
vn -0.985270679 0.17100215 -0
vn -0.943973958 0.3300201 -0
vn -0.943973958 0.3300201 -0
vn -0.759301603 0.650738955 -0
vn -0.759301603 0.650738955 -0
vn -0.759301603 0.650738955 -0
vn -0.759301603 0.650738955 -0
vn -0.00789126102 0.999968886 -0
vn -0.00789126102 0.999968886 -0
vn -0.00394327473 0.999992192 0
vn -0.00394327473 0.999992192 0
vn -0.00394327473 0.999992192 0
vn -0.00394327473 0.999992192 0
vn 0.00279388181 0.999996006 0
vn 0.00279388181 0.999996006 0
vn 0.00279388181 0.999996006 0
vn 0.00279388181 0.999996006 0
vn -0.000162340919 1 -0
vn -0.000162340919 1 -0
vn -0.000162340919 1 -0
vn -0.000162340919 1 -0
vn -0.0011906774 0.999999285 0
vn -0.0011906774 0.999999285 0
vn -0.0011906774 0.999999285 0
vn -0.0011906774 0.999999285 0
vn 0.00352631719 0.999993801 -0
vn 0.00352631719 0.999993801 -0
vn 0.708393395 0.705817819 0
vn 0.708393395 0.705817819 0
vn 0.708393395 0.705817819 -0
vn 0.708393395 0.705817819 -0
vn 0.971797764 0.235815808 0
vn 0.971797764 0.235815808 0
vn 0.992922246 0.118766159 0
vn 0.992922246 0.118766159 0
vn 0.992922246 0.118766159 0
vn 0.992922246 0.118766159 0
vn 0.999650419 -0.026441507 -0
vn 0.999650419 -0.026441507 -0
vn 0.999650419 -0.026441507 -0
vn 0.999650419 -0.026441507 -0
vn 0.998599768 -0.0529007986 -0
vn 0.998599768 -0.0529007986 -0
vn 0.89209187 -0.45185408 -0
vn 0.89209187 -0.45185408 -0
vn 0.89209187 -0.45185408 -0
vn 0.89209187 -0.45185408 -0
vn 0.152317271 -0.988331676 -0
vn 0.152317271 -0.988331676 -0
vn 0.0769793615 -0.997032642 -0
vn 0.0769793615 -0.997032642 -0
vn 0.0769793615 -0.997032642 -0
vn 0.0769793615 -0.997032642 -0
vn 0.000591244316 -0.999999821 -0
vn 0.000591244316 -0.999999821 -0
vn 0.000591244316 -0.999999821 -0
vn 0.000591244316 -0.999999821 -0
vn -0.000746588921 -0.999999702 0
vn -0.000746588921 -0.999999702 0
vn -0.000746588921 -0.999999702 0
vn -0.000746588921 -0.999999702 0
vn -0.000736998511 -0.999999702 0
vn -0.000736998511 -0.999999702 0
vn -0.000736998511 -0.999999702 0
vn -0.000736998511 -0.999999702 0
vn 2.95092764e-06 -1 -0
vn 2.95092764e-06 -1 -0
vn 0.579891562 -0.814693689 -0
vn 0.579891562 -0.814693689 -0
vn 0.579891562 -0.814693689 -0
vn 0.579891562 -0.814693689 -0
vn 0.990832448 -0.135096744 -0
vn 0.990832448 -0.135096744 -0
vn 0.997705519 -0.0677037239 -0
vn 0.997705519 -0.0677037239 0
vn 0.997705519 -0.0677037239 0
vn 0.997705519 -0.0677037239 -0
vn 1 -0 -0
vn 1 -0 -0
vn 0.930710971 -0.365755409 -0
vn 0.930710971 -0.365755409 -0
vn 0.930710971 -0.365755409 -0
vn 0.930710971 -0.365755409 -0
vn 0.211467415 -0.977385044 -0
vn 0.211467415 -0.977385044 -0
vn 0.110061057 -0.993924797 -0
vn 0.110061057 -0.993924797 -0
vn 0.110061057 -0.993924797 -0
vn 0.110061057 -0.993924797 -0
vn 0.00341371377 -0.999994099 -0
vn 0.00341371377 -0.999994099 -0
vn 0.00341371377 -0.999994099 -0
vn 0.00341371377 -0.999994099 -0
vn -0.000338808226 -0.99999994 0
vn -0.000338808226 -0.99999994 0
vn -0.000338808226 -0.99999994 0
vn -0.000338808226 -0.99999994 0
vn 0.00111378683 -0.999999344 0
vn 0.00111378683 -0.999999344 0
vn 0.00111378683 -0.999999344 0
vn 0.00111378683 -0.999999344 0
vn -4.87469006e-05 -1 -0
vn -4.87469006e-05 -1 -0
vn -4.87469006e-05 -1 -0
vn -4.87469006e-05 -1 -0
vn -0.103417888 -0.994637966 0
vn -0.103417888 -0.994637966 0
vn -0.103417888 -0.994637966 0
vn -0.103417888 -0.994637966 0
vn -0.203438938 -0.979087651 0
vn -0.203438938 -0.979087651 0
vn -0.561629772 -0.827388644 -0
vn -0.561629772 -0.827388644 -0
vn -0.561629772 -0.827388644 0
vn -0.561629772 -0.827388644 0
vn -0.889984787 -0.455990314 -0
vn -0.889984787 -0.455990314 -0
vn -0.889984787 -0.455990314 0
vn -0.889984787 -0.455990314 0
vn -0.999999881 0.00052196224 -0
vn -0.999999881 0.00052196224 -0
vn -0.99999994 0.00026098112 -0
vn -0.99999994 0.00026098112 -0
vn -0.99999994 0.00026098112 -0
vn -0.99999994 0.00026098112 -0
vn -0.999960721 -0.0088693779 0
vn -0.999960721 -0.0088693779 -0
vn -0.999960721 -0.0088693779 -0
vn -0.999960721 -0.0088693779 0
vn -0.999327719 -0.0366618447 0
vn -0.999327719 -0.0366618447 0
vn -0.999327719 -0.0366618447 0
vn -0.999327719 -0.0366618447 0
vn -0.997195005 -0.0748473257 0
vn -0.997195005 -0.0748473257 0
vn -0.997195005 -0.0748473257 0
vn -0.997195005 -0.0748473257 0
vn -0.992914855 -0.118827984 0
vn -0.992914855 -0.118827984 0
vn -0.992914855 -0.118827984 0
vn -0.992914855 -0.118827984 0
vn -0.971729159 -0.236098036 0
vn -0.971729159 -0.236098036 0
vn -0.971729159 -0.236098036 0
vn -0.971729159 -0.236098036 0
vn -0.943723559 -0.330735445 0
vn -0.943723559 -0.330735445 0
vn -0.943723559 -0.330735445 0
vn -0.943723559 -0.330735445 0
vn -0.961993217 -0.273073494 0
vn -0.961993217 -0.273073494 0
vn -0.961993217 -0.273073494 0
vn -0.961993217 -0.273073494 0
vn -0.986024857 -0.166598231 0
vn -0.986024857 -0.166598231 0
vn -0.986024857 -0.166598231 0
vn -0.986024857 -0.166598231 0
vn -0.989471138 -0.144730404 0
vn -0.989471138 -0.144730404 0
vn -0.989471138 -0.144730404 0
vn -0.989471138 -0.144730404 0
vn -0.969439387 -0.245330721 0
vn -0.969439387 -0.245330721 0
vn -0.969439387 -0.245330721 0
vn -0.969439387 -0.245330721 0
vn -0.93756777 -0.347802728 0
vn -0.93756777 -0.347802728 0
vn -0.93756777 -0.347802728 0
vn -0.93756777 -0.347802728 0
vn -0.945468605 -0.325713456 0
vn -0.945468605 -0.325713456 0
vn -0.945468605 -0.325713456 0
vn -0.945468605 -0.325713456 0
vn -0.977104127 -0.212761715 0
vn -0.977104127 -0.212761715 0
vn -0.977104127 -0.212761715 0
vn -0.977104127 -0.212761715 0
vn -0.984546185 -0.17512539 0
vn -0.984546185 -0.17512539 0
vn -0.984546185 -0.17512539 0
vn -0.984546185 -0.17512539 0
vn -0.964108407 -0.265509069 0
vn -0.964108407 -0.265509069 0
vn -0.964108407 -0.265509069 0
vn -0.964108407 -0.265509069 0
vn -0.95460695 -0.297868073 0
vn -0.95460695 -0.297868073 0
vn -0.95460695 -0.297868073 0
vn -0.95460695 -0.297868073 0
vn -0.973021626 -0.23071374 0
vn -0.973021626 -0.23071374 0
vn -0.973021626 -0.23071374 0
vn -0.973021626 -0.23071374 0
vn -0.970463693 -0.241247073 0
vn -0.970463693 -0.241247073 0
vn -0.970463693 -0.241247073 0
vn -0.970463693 -0.241247073 0
vn -0.932562053 -0.361009598 0
vn -0.932562053 -0.361009598 0
vn -0.932562053 -0.361009598 0
vn -0.932562053 -0.361009598 0
vn -0.932546377 -0.361050159 0
vn -0.932546377 -0.361050159 0
vn -0.932546377 -0.361050159 0
vn -0.932546377 -0.361050159 0
vn -0.97625792 -0.216611028 0
vn -0.97625792 -0.216611028 0
vn -0.97625792 -0.216611028 0
vn -0.97625792 -0.216611028 0
vn -0.972756028 -0.231830999 0
vn -0.972756028 -0.231830999 0
vn -0.972756028 -0.231830999 0
vn -0.972756028 -0.231830999 0
vn -0.939461529 -0.342654258 0
vn -0.939461529 -0.342654258 0
vn -0.939461529 -0.342654258 0
vn -0.939461529 -0.342654258 0
vn -0.940825641 -0.338891089 0
vn -0.940825641 -0.338891089 0
vn -0.940825641 -0.338891089 0
vn -0.940825641 -0.338891089 0
vn -0.971292198 -0.237889722 0
vn -0.971292198 -0.237889722 0
vn -0.971292198 -0.237889722 0
vn -0.971292198 -0.237889722 0
vn -0.979888737 -0.199544564 0
vn -0.979888737 -0.199544564 0
vn -0.979888737 -0.199544564 0
vn -0.979888737 -0.199544564 0
vn -0.928853095 -0.370448172 0
vn -0.928853095 -0.370448172 0
vn -0.928853095 -0.370448172 0
vn -0.928853095 -0.370448172 0
vn -0.903315067 -0.428977609 0
vn -0.903315067 -0.428977609 0
vn -0.903315067 -0.428977609 0
vn -0.903315067 -0.428977609 0
vn -0.958312452 -0.285721928 0
vn -0.958312452 -0.285721928 0
vn -0.958312452 -0.285721928 0
vn -0.958312452 -0.285721928 0
vn -0.97241199 -0.233270168 0
vn -0.97241199 -0.233270168 0
vn -0.97241199 -0.233270168 0
vn -0.97241199 -0.233270168 0
vn -0.930520356 -0.366240174 0
vn -0.930520356 -0.366240174 0
vn -0.930520356 -0.366240174 0
vn -0.930520356 -0.366240174 0
vn -0.916371167 -0.40032962 0
vn -0.916371167 -0.40032962 0
vn -0.916371167 -0.40032962 0
vn -0.916371167 -0.40032962 0
vn -0.963690698 -0.26702103 0
vn -0.963690698 -0.26702103 0
vn -0.963690698 -0.26702103 0
vn -0.963690698 -0.26702103 0
vn -0.966584861 -0.256346673 0
vn -0.966584861 -0.256346673 0
vn -0.966584861 -0.256346673 0
vn -0.966584861 -0.256346673 0
vn -0.930603623 -0.366028786 0
vn -0.930603623 -0.366028786 0
vn -0.930603623 -0.366028786 0
vn -0.930603623 -0.366028786 0
vn -0.928192735 -0.372099817 0
vn -0.928192735 -0.372099817 0
vn -0.928192735 -0.372099817 0
vn -0.928192735 -0.372099817 0
vn -0.970748425 -0.240098879 0
vn -0.970748425 -0.240098879 0
vn -0.970748425 -0.240098879 0
vn -0.970748425 -0.240098879 0
vn -0.964312136 -0.264767736 0
vn -0.964312136 -0.264767736 0
vn -0.964312136 -0.264767736 0
vn -0.964312136 -0.264767736 0
vn -0.921830416 -0.38759318 0
vn -0.921830416 -0.38759318 0
vn -0.921830416 -0.38759318 0
vn -0.921830416 -0.38759318 0
vn -0.934144497 -0.356895089 0
vn -0.934144497 -0.356895089 0
vn -0.934144497 -0.356895089 0
vn -0.934144497 -0.356895089 0
vn -0.965933979 -0.258788556 0
vn -0.965933979 -0.258788556 0
vn -0.965933979 -0.258788556 0
vn -0.965933979 -0.258788556 0
vn -0.957918942 -0.287039012 0
vn -0.957918942 -0.287039012 0
vn -0.957918942 -0.287039012 0
vn -0.957918942 -0.287039012 0
vn -0.933667779 -0.358140141 0
vn -0.933667779 -0.358140141 0
vn -0.933667779 -0.358140141 0
vn -0.933667779 -0.358140141 0
vn -0.763512433 -0.64579314 0
vn -0.763512433 -0.64579314 0
vn -0.95047617 -0.310797364 -0
vn -0.95047617 -0.310797364 -0
vn -0.958795249 -0.284098119 0
vn -0.958795249 -0.284098119 0
vn -0.958795249 -0.284098119 0
vn -0.958795249 -0.284098119 0
vn -0.952803016 -0.303589106 0
vn -0.952803016 -0.303589106 0
vn -0.952803016 -0.303589106 0
vn -0.952803016 -0.303589106 0
vn -0.924211264 -0.381881744 0
vn -0.924211264 -0.381881744 0
vn -0.924211264 -0.381881744 0
vn -0.924211264 -0.381881744 0
vn -0.950258791 -0.311461449 0
vn -0.950258791 -0.311461449 0
vn -0.950258791 -0.311461449 0
vn -0.950258791 -0.311461449 0
vn -0.969830453 -0.243780479 0
vn -0.969830453 -0.243780479 0
vn -0.969830453 -0.243780479 0
vn -0.969830453 -0.243780479 0
vn -0.944190681 -0.329399467 0
vn -0.944190681 -0.329399467 0
vn -0.944190681 -0.329399467 0
vn -0.944190681 -0.329399467 0
vn -0.924701691 -0.380692542 0
vn -0.924701691 -0.380692542 0
vn -0.924701691 -0.380692542 0
vn -0.924701691 -0.380692542 0
vn -0.95767951 -0.28783682 0
vn -0.95767951 -0.28783682 0
vn -0.95767951 -0.28783682 0
vn -0.95767951 -0.28783682 0
vn -0.971729279 -0.236097917 0
vn -0.971729279 -0.236097917 0
vn -0.971729279 -0.236097917 0
vn -0.971729279 -0.236097917 0
vn -0.916592658 -0.399822384 0
vn -0.916592658 -0.399822384 0
vn -0.916592658 -0.399822384 0
vn -0.916592658 -0.399822384 0
vn -0.903181076 -0.429259747 0
vn -0.903181076 -0.429259747 0
vn -0.903181076 -0.429259747 0
vn -0.903181076 -0.429259747 0
vn -0.960980773 -0.276615143 0
vn -0.960980773 -0.276615143 0
vn -0.960980773 -0.276615143 0
vn -0.960980773 -0.276615143 0
vn -0.970455766 -0.241278976 0
vn -0.970455766 -0.241278976 0
vn -0.970455766 -0.241278976 0
vn -0.970455766 -0.241278976 0
vn -0.913689971 -0.406411767 0
vn -0.913689971 -0.406411767 0
vn -0.913689971 -0.406411767 0
vn -0.913689971 -0.406411767 0
vn -0.906248152 -0.422746092 0
vn -0.906248152 -0.422746092 0
vn -0.906248152 -0.422746092 0
vn -0.906248152 -0.422746092 0
vn -0.965364635 -0.260904521 0
vn -0.965364635 -0.260904521 0
vn -0.965364635 -0.260904521 0
vn -0.965364635 -0.260904521 0
vn -0.964431047 -0.264334768 0
vn -0.964431047 -0.264334768 0
vn -0.964431047 -0.264334768 0
vn -0.964431047 -0.264334768 0
vn -0.922546327 -0.385886222 0
vn -0.922546327 -0.385886222 0
vn -0.922546327 -0.385886222 0
vn -0.922546327 -0.385886222 0
vn -0.929778099 -0.368120432 0
vn -0.929778099 -0.368120432 0
vn -0.929778099 -0.368120432 0
vn -0.929778099 -0.368120432 0
vn -0.97125721 -0.238032401 0
vn -0.97125721 -0.238032401 0
vn -0.97125721 -0.238032401 0
vn -0.97125721 -0.238032401 0
vn -0.957431138 -0.288661838 0
vn -0.957431138 -0.288661838 0
vn -0.957431138 -0.288661838 0
vn -0.957431138 -0.288661838 0
vn -0.915466726 -0.402393758 0
vn -0.915466726 -0.402393758 0
vn -0.915466726 -0.402393758 0
vn -0.915466726 -0.402393758 0
vn -0.935886264 -0.352302432 0
vn -0.935886264 -0.352302432 0
vn -0.935886264 -0.352302432 0
vn -0.935886264 -0.352302432 0
vn -0.971486866 -0.237093151 0
vn -0.971486866 -0.237093151 0
vn -0.971486866 -0.237093151 0
vn -0.971486866 -0.237093151 0
vn -0.954329789 -0.298755139 0
vn -0.954329789 -0.298755139 0
vn -0.954329789 -0.298755139 0
vn -0.954329789 -0.298755139 0
vn -0.908817589 -0.417193681 0
vn -0.908817589 -0.417193681 0
vn -0.908817589 -0.417193681 0
vn -0.908817589 -0.417193681 0
vn -0.933150351 -0.359486341 0
vn -0.933150351 -0.359486341 0
vn -0.933150351 -0.359486341 0
vn -0.933150351 -0.359486341 0
vn -0.963152766 -0.268954813 0
vn -0.963152766 -0.268954813 0
vn -0.963152766 -0.268954813 0
vn -0.963152766 -0.268954813 0
vn -0.949848115 -0.312711537 0
vn -0.949848115 -0.312711537 0
vn -0.949848115 -0.312711537 0
vn -0.949848115 -0.312711537 0
vn -0.964069128 -0.265651613 0
vn -0.964069128 -0.265651613 0
vn -0.964069128 -0.265651613 0
vn -0.964069128 -0.265651613 0
vn -0.978404284 -0.206700101 0
vn -0.978404284 -0.206700101 0
vn -0.978404284 -0.206700101 0
vn -0.978404284 -0.206700101 0
vn -0.952861428 -0.303405643 0
vn -0.952861428 -0.303405643 0
vn -0.952861428 -0.303405643 0
vn -0.952861428 -0.303405643 0
vn -0.92630893 -0.376764655 0
vn -0.92630893 -0.376764655 0
vn -0.92630893 -0.376764655 0
vn -0.92630893 -0.376764655 0
vn -0.954643428 -0.297751546 0
vn -0.954643428 -0.297751546 0
vn -0.954643428 -0.297751546 0
vn -0.954643428 -0.297751546 0
vn -0.979168892 -0.20304738 0
vn -0.979168892 -0.20304738 0
vn -0.979168892 -0.20304738 0
vn -0.979168892 -0.20304738 0
vn -0.944609284 -0.328197181 0
vn -0.944609284 -0.328197181 0
vn -0.944609284 -0.328197181 0
vn -0.944609284 -0.328197181 0
vn -0.908475578 -0.417938143 0
vn -0.908475578 -0.417938143 0
vn -0.908475578 -0.417938143 0
vn -0.908475578 -0.417938143 0
vn -0.949948668 -0.312405884 0
vn -0.949948668 -0.312405884 0
vn -0.949948668 -0.312405884 0
vn -0.949948668 -0.312405884 0
vn -0.975732148 -0.218967631 0
vn -0.975732148 -0.218967631 0
vn -0.975732148 -0.218967631 0
vn -0.975732148 -0.218967631 0
vn -0.948195159 -0.317688346 0
vn -0.948195159 -0.317688346 0
vn -0.948195159 -0.317688346 0
vn -0.948195159 -0.317688346 0
vn -0.918384492 -0.39568913 0
vn -0.918384492 -0.39568913 0
vn -0.918384492 -0.39568913 0
vn -0.918384492 -0.39568913 0
vn -0.95191443 -0.30636391 0
vn -0.95191443 -0.30636391 0
vn -0.95191443 -0.30636391 0
vn -0.95191443 -0.30636391 0
vn -0.96759814 -0.25249517 0
vn -0.96759814 -0.25249517 0
vn -0.96759814 -0.25249517 0
vn -0.96759814 -0.25249517 0
vn -0.949979544 -0.312312216 0
vn -0.949979544 -0.312312216 0
vn -0.949979544 -0.312312216 0
vn -0.949979544 -0.312312216 0
vn -0.93181622 -0.362930357 0
vn -0.93181622 -0.362930357 0
vn -0.93181622 -0.362930357 0
vn -0.93181622 -0.362930357 0
vn -0.964568973 -0.263830841 0
vn -0.964568973 -0.263830841 0
vn -0.964568973 -0.263830841 0
vn -0.964568973 -0.263830841 0
vn -0.97819823 -0.207673311 0
vn -0.97819823 -0.207673311 0
vn -0.97819823 -0.207673311 0
vn -0.97819823 -0.207673311 0
vn -0.94779706 -0.318874091 0
vn -0.94779706 -0.318874091 0
vn -0.94779706 -0.318874091 0
vn -0.94779706 -0.318874091 0
vn -0.92419523 -0.381920397 0
vn -0.92419523 -0.381920397 0
vn -0.92419523 -0.381920397 0
vn -0.92419523 -0.381920397 0
vn -0.956944168 -0.290272057 0
vn -0.956944168 -0.290272057 0
vn -0.956944168 -0.290272057 0
vn -0.956944168 -0.290272057 0
vn -0.978486657 -0.206310481 0
vn -0.978486657 -0.206310481 0
vn -0.978486657 -0.206310481 0
vn -0.978486657 -0.206310481 0
vn -0.936986744 -0.349364877 0
vn -0.936986744 -0.349364877 0
vn -0.936986744 -0.349364877 0
vn -0.936986744 -0.349364877 0
vn -0.907482028 -0.420090824 0
vn -0.907482028 -0.420090824 0
vn -0.907482028 -0.420090824 0
vn -0.907482028 -0.420090824 0
vn -0.955458701 -0.295124829 0
vn -0.955458701 -0.295124829 0
vn -0.955458701 -0.295124829 0
vn -0.955458701 -0.295124829 0
vn -0.972922683 -0.231130883 0
vn -0.972922683 -0.231130883 0
vn -0.972922683 -0.231130883 0
vn -0.972922683 -0.231130883 0
vn -0.945495903 -0.325633973 0
vn -0.945495903 -0.325633973 0
vn -0.945495903 -0.325633973 0
vn -0.945495903 -0.325633973 0
vn -0.926422596 -0.376485258 0
vn -0.926422596 -0.376485258 0
vn -0.926422596 -0.376485258 0
vn -0.926422596 -0.376485258 0
vn -0.959138036 -0.282938302 0
vn -0.959138036 -0.282938302 0
vn -0.959138036 -0.282938302 0
vn -0.959138036 -0.282938302 0
vn -0.967233241 -0.253889561 0
vn -0.967233241 -0.253889561 0
vn -0.967233241 -0.253889561 0
vn -0.967233241 -0.253889561 0
vn -0.946372688 -0.323076904 0
vn -0.946372688 -0.323076904 0
vn -0.946372688 -0.323076904 0
vn -0.946372688 -0.323076904 0
vn -0.935199916 -0.354120314 0
vn -0.935199916 -0.354120314 0
vn -0.935199916 -0.354120314 0
vn -0.935199916 -0.354120314 0
vn -0.966309071 -0.257384419 0
vn -0.966309071 -0.257384419 0
vn -0.966309071 -0.257384419 0
vn -0.966309071 -0.257384419 0
vn -0.976400673 -0.215967089 0
vn -0.976400673 -0.215967089 0
vn -0.976400673 -0.215967089 0
vn -0.976400673 -0.215967089 0
vn -0.941346586 -0.337441266 0
vn -0.941346586 -0.337441266 0
vn -0.941346586 -0.337441266 0
vn -0.941346586 -0.337441266 0
vn -0.923249364 -0.384201378 0
vn -0.923249364 -0.384201378 0
vn -0.923249364 -0.384201378 0
vn -0.923249364 -0.384201378 0
vn -0.959589422 -0.281403959 0
vn -0.959589422 -0.281403959 0
vn -0.959589422 -0.281403959 0
vn -0.959589422 -0.281403959 0
vn -0.976820827 -0.214058712 0
vn -0.976820827 -0.214058712 0
vn -0.976820827 -0.214058712 0
vn -0.976820827 -0.214058712 0
vn -0.932285011 -0.361724526 0
vn -0.932285011 -0.361724526 0
vn -0.932285011 -0.361724526 0
vn -0.932285011 -0.361724526 0
vn -0.908979714 -0.416840374 0
vn -0.908979714 -0.416840374 0
vn -0.908979714 -0.416840374 0
vn -0.908979714 -0.416840374 0
vn -0.959803343 -0.280673295 0
vn -0.959803343 -0.280673295 0
vn -0.959803343 -0.280673295 0
vn -0.959803343 -0.280673295 0
vn -0.971662343 -0.236373082 0
vn -0.971662343 -0.236373082 0
vn -0.971662343 -0.236373082 0
vn -0.971662343 -0.236373082 0
vn -0.94151634 -0.336967289 0
vn -0.94151634 -0.336967289 0
vn -0.94151634 -0.336967289 0
vn -0.94151634 -0.336967289 0
vn -0.967779696 -0.251798421 0
vn -0.967779696 -0.251798421 0
vn -0.967779696 -0.251798421 0
vn -0.967779696 -0.251798421 0
vn -0.996572375 -0.0827259868 0
vn -0.996572375 -0.0827259868 0
vn -0.953117251 0.302601248 -0
vn -0.953117251 0.302601248 -0
vn -0.953117251 0.302601248 -0
vn -0.953117251 0.302601248 -0
vn -0.0203594305 0.999792755 -0
vn -0.0203594305 0.999792755 -0
vn -0.0119580366 0.999928474 -0
vn -0.0119580366 0.999928474 -0
vn -0.0119580366 0.999928474 -0
vn -0.0119580366 0.999928474 -0
vn -0.00177790236 0.999998391 0
vn -0.00177790236 0.999998391 -0
vn -0.00177790236 0.999998391 -0
vn -0.00177790236 0.999998391 0
vn -0.00203982973 0.999997973 -0
vn -0.00203982973 0.999997973 -0
vn -0.00203982973 0.999997973 -0
vn -0.00203982973 0.999997973 -0
vn -0.00196497352 0.999997973 0
vn -0.00196497352 0.999997973 0
vn -0.00196497352 0.999997973 0
vn -0.00196497352 0.999997973 0
vn 0.00114157563 0.999999404 0
vn 0.00114157563 0.999999404 0
vn 0.00114157563 0.999999404 0
vn 0.00114157563 0.999999404 0
vn 0.00439774431 0.999990404 0
vn 0.00439774431 0.999990404 0
vn 0.00439774431 0.999990404 0
vn 0.00439774431 0.999990404 0
vn 0.000261955574 0.99999994 -0
vn 0.000261955574 0.99999994 -0
vn 0.000261955574 0.99999994 -0
vn 0.000261955574 0.99999994 -0
vn -0.00119767559 0.999999285 0
vn -0.00119767559 0.999999285 0
vn -0.00119767559 0.999999285 0
vn -0.00119767559 0.999999285 0
vn 0.000804671319 0.999999642 -0
vn 0.000804671319 0.999999642 -0
vn 0.000804671319 0.999999642 -0
vn 0.000804671319 0.999999642 -0
vn 0.0539148599 0.998545527 0
vn 0.0539148599 0.998545527 0
vn 0.0539148599 0.998545527 0
vn 0.0539148599 0.998545527 0
vn 0.109793715 0.99395448 -0
vn 0.109793715 0.99395448 -0
vn 0.862181067 0.50660038 0
vn 0.862181067 0.50660038 0
vn 0.890013993 0.455933064 0
vn 0.890013993 0.455933064 0
vn 0.890013993 0.455933064 0
vn 0.890013993 0.455933064 0
vn 0.916029334 0.401111364 0
vn 0.916029334 0.401111364 0
vn 0.916029334 0.401111364 0
vn 0.916029334 0.401111364 0
vn 0.946911693 0.321493536 0
vn 0.946911693 0.321493536 0
vn 0.946911693 0.321493536 0
vn 0.946911693 0.321493536 0
vn 0.977474153 0.2110551 0
vn 0.977474153 0.2110551 0
vn 0.977474153 0.2110551 0
vn 0.977474153 0.2110551 0
vn 0.973441541 0.228935763 0
vn 0.973441541 0.228935763 0
vn 0.973441541 0.228935763 0
vn 0.973441541 0.228935763 0
vn 0.914316833 0.404999614 0
vn 0.914316833 0.404999614 0
vn 0.914316833 0.404999614 0
vn 0.914316833 0.404999614 0
vn 0.911044598 0.412307829 0
vn 0.911044598 0.412307829 0
vn 0.911044598 0.412307829 0
vn 0.911044598 0.412307829 0
vn 0.972393215 0.233348355 0
vn 0.972393215 0.233348355 0
vn 0.972393215 0.233348355 0
vn 0.972393215 0.233348355 0
vn 0.976174533 0.21698691 0
vn 0.976174533 0.21698691 0
vn 0.976174533 0.21698691 0
vn 0.976174533 0.21698691 0
vn 0.948526263 0.316698581 0
vn 0.948526263 0.316698581 0
vn 0.948526263 0.316698581 0
vn 0.948526263 0.316698581 0
vn 0.936382771 0.350980371 0
vn 0.936382771 0.350980371 0
vn 0.936382771 0.350980371 0
vn 0.936382771 0.350980371 0
vn 0.972068667 0.23469685 0
vn 0.972068667 0.23469685 0
vn 0.972068667 0.23469685 0
vn 0.972068667 0.23469685 0
vn 0.984801948 0.173681214 0
vn 0.984801948 0.173681214 0
vn 0.984801948 0.173681214 0
vn 0.984801948 0.173681214 0
vn 0.961409688 0.275120676 0
vn 0.961409688 0.275120676 0
vn 0.961409688 0.275120676 0
vn 0.961409688 0.275120676 0
vn 0.928590894 0.371104777 0
vn 0.928590894 0.371104777 0
vn 0.928590894 0.371104777 0
vn 0.928590894 0.371104777 0
vn 0.9478302 0.318775803 0
vn 0.9478302 0.318775803 0
vn 0.9478302 0.318775803 0
vn 0.9478302 0.318775803 0
vn 0.981858432 0.189615026 0
vn 0.981858432 0.189615026 0
vn 0.981858432 0.189615026 0
vn 0.981858432 0.189615026 0
vn 0.969988763 0.243149623 0
vn 0.969988763 0.243149623 0
vn 0.969988763 0.243149623 0
vn 0.969988763 0.243149623 0
vn 0.938253343 0.345948935 0
vn 0.938253343 0.345948935 0
vn 0.938253343 0.345948935 0
vn 0.938253343 0.345948935 0
vn 0.945189297 0.326522827 0
vn 0.945189297 0.326522827 0
vn 0.945189297 0.326522827 0
vn 0.945189297 0.326522827 0
vn 0.972061157 0.234727606 0
vn 0.972061157 0.234727606 0
vn 0.972061157 0.234727606 0
vn 0.972061157 0.234727606 0
vn 0.981417358 0.191885144 0
vn 0.981417358 0.191885144 0
vn 0.981417358 0.191885144 0
vn 0.981417358 0.191885144 0
vn 0.944927871 0.327278465 0
vn 0.944927871 0.327278465 0
vn 0.944927871 0.327278465 0
vn 0.944927871 0.327278465 0
vn 0.922453523 0.3861081 0
vn 0.922453523 0.3861081 0
vn 0.922453523 0.3861081 0
vn 0.922453523 0.3861081 0
vn 0.9634161 0.26801011 0
vn 0.9634161 0.26801011 0
vn 0.9634161 0.26801011 0
vn 0.9634161 0.26801011 0
vn 0.978419363 0.206629023 0
vn 0.978419363 0.206629023 0
vn 0.978419363 0.206629023 0
vn 0.978419363 0.206629023 0
vn 0.965386212 0.260824472 0
vn 0.965386212 0.260824472 0
vn 0.965386212 0.260824472 0
vn 0.965386212 0.260824472 0
vn 0.931997299 0.362465292 0
vn 0.931997299 0.362465292 0
vn 0.931997299 0.362465292 0
vn 0.931997299 0.362465292 0
vn 0.943197668 0.332232237 0
vn 0.943197668 0.332232237 0
vn 0.943197668 0.332232237 0
vn 0.943197668 0.332232237 0
vn 0.97751677 0.210857943 0
vn 0.97751677 0.210857943 0
vn 0.97751677 0.210857943 0
vn 0.97751677 0.210857943 0
vn 0.970775604 0.239989042 0
vn 0.970775604 0.239989042 0
vn 0.970775604 0.239989042 0
vn 0.970775604 0.239989042 0
vn 0.936484277 0.350709438 0
vn 0.936484277 0.350709438 0
vn 0.936484277 0.350709438 0
vn 0.936484277 0.350709438 0
vn 0.938348532 0.345690876 0
vn 0.938348532 0.345690876 0
vn 0.938348532 0.345690876 0
vn 0.938348532 0.345690876 0
vn 0.976861358 0.213873625 0
vn 0.976861358 0.213873625 0
vn 0.976861358 0.213873625 0
vn 0.976861358 0.213873625 0
vn 0.981945872 0.189161852 0
vn 0.981945872 0.189161852 0
vn 0.981945872 0.189161852 0
vn 0.981945872 0.189161852 0
vn 0.947428107 0.319968671 0
vn 0.947428107 0.319968671 0
vn 0.947428107 0.319968671 0
vn 0.947428107 0.319968671 0
vn 0.928222179 0.372026563 0
vn 0.928222179 0.372026563 0
vn 0.928222179 0.372026563 0
vn 0.928222179 0.372026563 0
vn 0.961695373 0.274120361 0
vn 0.961695373 0.274120361 0
vn 0.961695373 0.274120361 0
vn 0.961695373 0.274120361 0
vn 0.981622934 0.190830871 0
vn 0.981622934 0.190830871 0
vn 0.981622934 0.190830871 0
vn 0.981622934 0.190830871 0
vn 0.96210748 0.272670448 0
vn 0.96210748 0.272670448 0
vn 0.96210748 0.272670448 0
vn 0.96210748 0.272670448 0
vn 0.926916659 0.375267237 0
vn 0.926916659 0.375267237 0
vn 0.926916659 0.375267237 0
vn 0.926916659 0.375267237 0
vn 0.942556679 0.334046274 0
vn 0.942556679 0.334046274 0
vn 0.942556679 0.334046274 0
vn 0.942556679 0.334046274 0
vn 0.97450161 0.224380448 0
vn 0.97450161 0.224380448 0
vn 0.97450161 0.224380448 0
vn 0.97450161 0.224380448 0
vn 0.976472437 0.215642318 0
vn 0.976472437 0.215642318 0
vn 0.976472437 0.215642318 0
vn 0.976472437 0.215642318 0
vn 0.935982227 0.352047265 0
vn 0.935982227 0.352047265 0
vn 0.935982227 0.352047265 0
vn 0.935982227 0.352047265 0
vn 0.928421676 0.371528298 0
vn 0.928421676 0.371528298 0
vn 0.928421676 0.371528298 0
vn 0.928421676 0.371528298 0
vn 0.972404838 0.233299971 0
vn 0.972404838 0.233299971 0
vn 0.972404838 0.233299971 0
vn 0.972404838 0.233299971 0
vn 0.976615727 0.21499218 0
vn 0.976615727 0.21499218 0
vn 0.976615727 0.21499218 0
vn 0.976615727 0.21499218 0
vn 0.954164922 0.299281508 0
vn 0.954164922 0.299281508 0
vn 0.954164922 0.299281508 0
vn 0.954164922 0.299281508 0
vn 0.938641131 0.344895303 0
vn 0.938641131 0.344895303 0
vn 0.938641131 0.344895303 0
vn 0.938641131 0.344895303 0
vn 0.967371166 0.25336358 0
vn 0.967371166 0.25336358 0
vn 0.967371166 0.25336358 0
vn 0.967371166 0.25336358 0
vn 0.985060215 0.172210664 0
vn 0.985060215 0.172210664 0
vn 0.985060215 0.172210664 0
vn 0.985060215 0.172210664 0
vn 0.961871147 0.273502886 0
vn 0.961871147 0.273502886 0
vn 0.961871147 0.273502886 0
vn 0.961871147 0.273502886 0
vn 0.92595917 0.377623767 0
vn 0.92595917 0.377623767 0
vn 0.92595917 0.377623767 0
vn 0.92595917 0.377623767 0
vn 0.943869293 0.330319196 0
vn 0.943869293 0.330319196 0
vn 0.943869293 0.330319196 0
vn 0.943869293 0.330319196 0
vn 0.978927016 0.204210743 0
vn 0.978927016 0.204210743 0
vn 0.978927016 0.204210743 0
vn 0.978927016 0.204210743 0
vn 0.977542579 0.210737988 0
vn 0.977542579 0.210737988 0
vn 0.977542579 0.210737988 0
vn 0.977542579 0.210737988 0
vn 0.924580634 0.380986542 0
vn 0.924580634 0.380986542 0
vn 0.924580634 0.380986542 0
vn 0.924580634 0.380986542 0
vn 0.9146716 0.404197752 0
vn 0.9146716 0.404197752 0
vn 0.9146716 0.404197752 0
vn 0.9146716 0.404197752 0
vn 0.968727291 0.248127714 0
vn 0.968727291 0.248127714 0
vn 0.968727291 0.248127714 0
vn 0.968727291 0.248127714 0
vn 0.980169475 0.198160931 0
vn 0.980169475 0.198160931 0
vn 0.980169475 0.198160931 0
vn 0.980169475 0.198160931 0
vn 0.953317523 0.301969737 0
vn 0.953317523 0.301969737 0
vn 0.953317523 0.301969737 0
vn 0.953317523 0.301969737 0
vn 0.931773603 0.363039911 0
vn 0.931773603 0.363039911 0
vn 0.931773603 0.363039911 0
vn 0.931773603 0.363039911 0
vn 0.95933181 0.282280684 0
vn 0.95933181 0.282280684 0
vn 0.95933181 0.282280684 0
vn 0.95933181 0.282280684 0
vn 0.972232819 0.234015897 0
vn 0.972232819 0.234015897 0
vn 0.972232819 0.234015897 0
vn 0.972232819 0.234015897 0
vn 0.953578889 0.30114311 0
vn 0.953578889 0.30114311 0
vn 0.953578889 0.30114311 0
vn 0.953578889 0.30114311 0
vn 0.93540597 0.353575587 -0
vn 0.93540597 0.353575587 -0
vn -0.531698942 0.846933484 -0
vn -0.531698942 0.846933484 -0
vn -0.658896029 0.752234042 -0
vn -0.658896029 0.752234042 -0
vn -0.658896029 0.752234042 -0
vn -0.658896029 0.752234042 -0
vn -0.866279006 0.499560416 -0
vn -0.866279006 0.499560416 -0
vn -0.866279006 0.499560416 -0
vn -0.866279006 0.499560416 -0
vn -0.965302646 0.261133373 -0
vn -0.965302646 0.261133373 -0
vn -0.965302646 0.261133373 -0
vn -0.965302646 0.261133373 -0
vn -0.968503654 0.248999044 -0
vn -0.968503654 0.248999044 -0
vn -0.968503654 0.248999044 -0
vn -0.968503654 0.248999044 -0
vn -0.933000982 0.359873921 -0
vn -0.933000982 0.359873921 -0
vn -0.933000982 0.359873921 -0
vn -0.933000982 0.359873921 -0
vn -0.928133249 0.372248143 -0
vn -0.928133249 0.372248143 -0
vn -0.928133249 0.372248143 -0
vn -0.928133249 0.372248143 -0
vn -0.96057868 0.278008193 -0
vn -0.96057868 0.278008193 -0
vn -0.96057868 0.278008193 -0
vn -0.96057868 0.278008193 -0
vn -0.969066083 0.246801168 -0
vn -0.969066083 0.246801168 -0
vn -0.969066083 0.246801168 -0
vn -0.969066083 0.246801168 -0
vn -0.933454037 0.358697027 -0
vn -0.933454037 0.358697027 -0
vn -0.933454037 0.358697027 -0
vn -0.933454037 0.358697027 -0
vn -0.923833191 0.382795215 -0
vn -0.923833191 0.382795215 -0
vn -0.923833191 0.382795215 -0
vn -0.923833191 0.382795215 -0
vn -0.960424602 0.278540343 -0
vn -0.960424602 0.278540343 -0
vn -0.960424602 0.278540343 -0
vn -0.960424602 0.278540343 -0
vn -0.964652479 0.263525397 -0
vn -0.964652479 0.263525397 -0
vn -0.964652479 0.263525397 -0
vn -0.964652479 0.263525397 -0
vn -0.927317739 0.374275029 -0
vn -0.927317739 0.374275029 -0
vn -0.927317739 0.374275029 -0
vn -0.927317739 0.374275029 -0
vn -0.931349933 0.364125282 -0
vn -0.931349933 0.364125282 -0
vn -0.931349933 0.364125282 -0
vn -0.931349933 0.364125282 -0
vn -0.969781816 0.24397397 -0
vn -0.969781816 0.24397397 -0
vn -0.969781816 0.24397397 -0
vn -0.969781816 0.24397397 -0
vn -0.95958358 0.281423748 -0
vn -0.95958358 0.281423748 -0
vn -0.95958358 0.281423748 -0
vn -0.95958358 0.281423748 -0
vn -0.908318579 0.418278992 -0
vn -0.908318579 0.418278992 -0
vn -0.908318579 0.418278992 -0
vn -0.908318579 0.418278992 -0
vn -0.926958025 0.375165105 -0
vn -0.926958025 0.375165105 -0
vn -0.926958025 0.375165105 -0
vn -0.926958025 0.375165105 -0
vn -0.971798122 0.235814348 -0
vn -0.971798122 0.235814348 -0
vn -0.971798122 0.235814348 -0
vn -0.971798122 0.235814348 -0
vn -0.956051111 0.293199986 -0
vn -0.956051111 0.293199986 -0
vn -0.956051111 0.293199986 -0
vn -0.956051111 0.293199986 -0
vn -0.889229417 0.457461447 -0
vn -0.889229417 0.457461447 -0
vn -0.889229417 0.457461447 -0
vn -0.889229417 0.457461447 -0
vn -0.914423764 0.404758096 -0
vn -0.914423764 0.404758096 -0
vn -0.914423764 0.404758096 -0
vn -0.914423764 0.404758096 -0
vn -0.963811994 0.266582847 -0
vn -0.963811994 0.266582847 -0
vn -0.963811994 0.266582847 -0
vn -0.963811994 0.266582847 -0
vn -0.946091294 0.323900133 -0
vn -0.946091294 0.323900133 -0
vn -0.946091294 0.323900133 -0
vn -0.946091294 0.323900133 -0
vn -0.922861159 0.385132939 0
vn -0.922861159 0.385132939 0
vn -0.922861159 0.385132939 0
vn -0.922861159 0.385132939 0
vn -0.766810656 0.641873419 0
vn -0.766810656 0.641873419 0
vn -0.961582899 0.274514884 -0
vn -0.961582899 0.274514884 -0
vn -0.958463669 0.285214573 -0
vn -0.958463669 0.285214573 -0
vn -0.958463669 0.285214573 -0
vn -0.958463669 0.285214573 -0
vn -0.944937289 0.327251464 -0
vn -0.944937289 0.327251464 -0
vn -0.944937289 0.327251464 -0
vn -0.944937289 0.327251464 -0
vn -0.92825377 0.371947616 -0
vn -0.92825377 0.371947616 -0
vn -0.92825377 0.371947616 -0
vn -0.92825377 0.371947616 -0
vn -0.960230887 0.27920717 -0
vn -0.960230887 0.27920717 -0
vn -0.960230887 0.27920717 -0
vn -0.960230887 0.27920717 -0
vn -0.973182201 0.230035573 -0
vn -0.973182201 0.230035573 -0
vn -0.973182201 0.230035573 -0
vn -0.973182201 0.230035573 -0
vn -0.941048861 0.338270456 -0
vn -0.941048861 0.338270456 -0
vn -0.941048861 0.338270456 -0
vn -0.941048861 0.338270456 -0
vn -0.95459944 0.297892243 -0
vn -0.95459944 0.297892243 -0
vn -0.95459944 0.297892243 -0
vn -0.95459944 0.297892243 -0
vn -0.970927179 0.239374891 -0
vn -0.970927179 0.239374891 -0
vn -0.970927179 0.239374891 -0
vn -0.970927179 0.239374891 -0
vn -0.938305557 0.345807225 -0
vn -0.938305557 0.345807225 -0
vn -0.938305557 0.345807225 -0
vn -0.938305557 0.345807225 -0
vn -0.922872722 0.385104954 -0
vn -0.922872722 0.385104954 -0
vn -0.922872722 0.385104954 -0
vn -0.922872722 0.385104954 -0
vn -0.959259272 0.282527328 -0
vn -0.959259272 0.282527328 -0
vn -0.959259272 0.282527328 -0
vn -0.959259272 0.282527328 -0
vn -0.967186332 0.254068255 -0
vn -0.967186332 0.254068255 -0
vn -0.967186332 0.254068255 -0
vn -0.967186332 0.254068255 -0
vn -0.929185867 0.369612783 -0
vn -0.929185867 0.369612783 -0
vn -0.929185867 0.369612783 -0
vn -0.929185867 0.369612783 -0
vn -0.927576244 0.373633862 -0
vn -0.927576244 0.373633862 -0
vn -0.927576244 0.373633862 -0
vn -0.927576244 0.373633862 -0
vn -0.968930721 0.247332305 -0
vn -0.968930721 0.247332305 -0
vn -0.968930721 0.247332305 -0
vn -0.968930721 0.247332305 -0
vn -0.962648094 0.270755619 -0
vn -0.962648094 0.270755619 -0
vn -0.962648094 0.270755619 -0
vn -0.962648094 0.270755619 -0
vn -0.91405046 0.405600488 -0
vn -0.91405046 0.405600488 -0
vn -0.91405046 0.405600488 -0
vn -0.91405046 0.405600488 -0
vn -0.927932262 0.372749031 -0
vn -0.927932262 0.372749031 -0
vn -0.927932262 0.372749031 -0
vn -0.927932262 0.372749031 -0
vn -0.971291602 0.237892255 -0
vn -0.971291602 0.237892255 -0
vn -0.971291602 0.237892255 -0
vn -0.971291602 0.237892255 -0
vn -0.956273377 0.2924743 -0
vn -0.956273377 0.2924743 -0
vn -0.956273377 0.2924743 -0
vn -0.956273377 0.2924743 -0
vn -0.893443704 0.449175179 -0
vn -0.893443704 0.449175179 -0
vn -0.893443704 0.449175179 -0
vn -0.893443704 0.449175179 -0
vn -0.917735219 0.397192597 -0
vn -0.917735219 0.397192597 -0
vn -0.917735219 0.397192597 -0
vn -0.917735219 0.397192597 -0
vn -0.964185238 0.265229732 -0
vn -0.964185238 0.265229732 -0
vn -0.964185238 0.265229732 -0
vn -0.964185238 0.265229732 -0
vn -0.951000035 0.309190989 -0
vn -0.951000035 0.309190989 -0
vn -0.951000035 0.309190989 -0
vn -0.951000035 0.309190989 -0
vn -0.914312243 0.405009985 -0
vn -0.914312243 0.405009985 -0
vn -0.914312243 0.405009985 -0
vn -0.914312243 0.405009985 -0
vn -0.931303144 0.364245087 -0
vn -0.931303144 0.364245087 -0
vn -0.931303144 0.364245087 -0
vn -0.931303144 0.364245087 -0
vn -0.960709929 0.277554452 -0
vn -0.960709929 0.277554452 -0
vn -0.960709929 0.277554452 -0
vn -0.960709929 0.277554452 -0
vn -0.951534331 0.307542622 -0
vn -0.951534331 0.307542622 -0
vn -0.951534331 0.307542622 -0
vn -0.951534331 0.307542622 -0
vn -0.922844827 0.38517195 -0
vn -0.922844827 0.38517195 -0
vn -0.922844827 0.38517195 -0
vn -0.922844827 0.38517195 -0
vn -0.949484706 0.313813299 -0
vn -0.949484706 0.313813299 -0
vn -0.949484706 0.313813299 -0
vn -0.949484706 0.313813299 -0
vn -0.971774817 0.235910296 -0
vn -0.971774817 0.235910296 -0
vn -0.971774817 0.235910296 -0
vn -0.971774817 0.235910296 -0
vn -0.945271075 0.326286167 -0
vn -0.945271075 0.326286167 -0
vn -0.945271075 0.326286167 -0
vn -0.945271075 0.326286167 -0
vn -0.917708635 0.39725405 -0
vn -0.917708635 0.39725405 -0
vn -0.917708635 0.39725405 -0
vn -0.917708635 0.39725405 -0
vn -0.949007571 0.315253496 -0
vn -0.949007571 0.315253496 -0
vn -0.949007571 0.315253496 -0
vn -0.949007571 0.315253496 -0
vn -0.973006546 0.230777517 -0
vn -0.973006546 0.230777517 -0
vn -0.973006546 0.230777517 -0
vn -0.973006546 0.230777517 -0
vn -0.942921042 0.333016366 -0
vn -0.942921042 0.333016366 -0
vn -0.942921042 0.333016366 -0
vn -0.942921042 0.333016366 -0
vn -0.916933596 0.399039656 -0
vn -0.916933596 0.399039656 -0
vn -0.916933596 0.399039656 -0
vn -0.916933596 0.399039656 -0
vn -0.953666627 0.300865442 -0
vn -0.953666627 0.300865442 -0
vn -0.953666627 0.300865442 -0
vn -0.953666627 0.300865442 -0
vn -0.96550107 0.260399133 -0
vn -0.96550107 0.260399133 -0
vn -0.96550107 0.260399133 -0
vn -0.96550107 0.260399133 -0
vn -0.951562881 0.307454258 -0
vn -0.951562881 0.307454258 -0
vn -0.734693408 0.678399265 -0
vn -0.734693408 0.678399265 -0
vn -0.615932584 0.787798822 -0
vn -0.615932584 0.787798822 -0
vn -0.615932584 0.787798822 -0
vn -0.615932584 0.787798822 -0
vn -0.481112897 0.876658678 -0
vn -0.481112897 0.876658678 -0
vn -0.0435876437 0.999049604 -0
vn -0.0435876437 0.999049604 -0
vn -0.0217990018 0.999762356 0
vn -0.0217990018 0.999762356 -0
vn -0.0217990018 0.999762356 -0
vn -0.0217990018 0.999762356 0
vn -0.00211467477 0.999997675 -0
vn -0.00211467477 0.999997675 -0
vn -0.00211467477 0.999997675 -0
vn -0.00211467477 0.999997675 -0
vn -0.0019088207 0.999998152 0
vn -0.0019088207 0.999998152 0
vn -0.0019088207 0.999998152 0
vn -0.0019088207 0.999998152 0
vn 0.00211460679 0.999997795 0
vn 0.00211460679 0.999997795 0
vn 0.00211460679 0.999997795 0
vn 0.00211460679 0.999997795 0
vn 0.00190875249 0.999998152 0
vn 0.00190875249 0.999998152 -0
vn 0.00190875249 0.999998152 -0
vn 0.00190875249 0.999998152 0
vn 0.00183397741 0.999998331 0
vn 0.00183397741 0.999998331 0
vn 0.00183397741 0.999998331 0
vn 0.00183397741 0.999998331 0
vn 0.000879562285 0.999999583 -0
vn 0.000879562285 0.999999583 -0
vn 0.000879562285 0.999999583 -0
vn 0.000879562285 0.999999583 -0
vn -0.00535222609 0.999985754 -0
vn -0.00535222609 0.999985754 -0
vn -0.00535222609 0.999985754 -0
vn -0.00535222609 0.999985754 -0
vn -0.00409838744 0.999991536 0
vn -0.00409838744 0.999991536 0
vn -0.00409838744 0.999991536 0
vn -0.00409838744 0.999991536 0
vn 0.00291937706 0.999995768 0
vn 0.00291937706 0.999995768 0
vn 0.00291937706 0.999995768 0
vn 0.00291937706 0.999995768 0
vn 0.00312521914 0.999995053 0
vn 0.00312521914 0.999995053 0
vn 0.00312521914 0.999995053 0
vn 0.00312521914 0.999995053 0
vn 0.00301293819 0.99999547 0
vn 0.00301293819 0.99999547 0
vn 0.00301293819 0.99999547 0
vn 0.00301293819 0.99999547 0
vn 0.0663826093 0.997794271 0
vn 0.0663826093 0.997794271 0
vn 0.0663826093 0.997794271 0
vn 0.0663826093 0.997794271 0
vn 0.127499595 0.991838634 -0
vn 0.127499595 0.991838634 -0
vn 0.934041023 0.357165605 0
vn 0.934041023 0.357165605 0
vn 0.934041023 0.357165605 -0
vn 0.934041023 0.357165605 -0
vn 0.980531156 -0.196363717 -0
vn 0.980531156 -0.196363717 -0
vn 0.957242548 -0.289286464 -0
vn 0.957242548 -0.289286464 -0
vn 0.957242548 -0.289286464 -0
vn 0.957242548 -0.289286464 -0
vn 0.909713686 -0.415236115 -0
vn 0.909713686 -0.415236115 -0
vn 0.909713686 -0.415236115 -0
vn 0.909713686 -0.415236115 -0
vn 0.921341836 -0.388753623 -0
vn 0.921341836 -0.388753623 -0
vn 0.921341836 -0.388753623 -0
vn 0.921341836 -0.388753623 -0
vn 0.959401488 -0.282043904 -0
vn 0.959401488 -0.282043904 -0
vn 0.959401488 -0.282043904 -0
vn 0.959401488 -0.282043904 -0
vn 0.942595541 -0.333936602 -0
vn 0.942595541 -0.333936602 -0
vn 0.942595541 -0.333936602 -0
vn 0.942595541 -0.333936602 -0
vn 0.871645451 -0.490136892 -0
vn 0.871645451 -0.490136892 -0
vn 0.871645451 -0.490136892 -0
vn 0.871645451 -0.490136892 -0
vn 0.910396397 -0.413737118 -0
vn 0.910396397 -0.413737118 -0
vn 0.910396397 -0.413737118 -0
vn 0.910396397 -0.413737118 -0
vn 0.95782131 -0.287364572 -0
vn 0.95782131 -0.287364572 -0
vn 0.95782131 -0.287364572 -0
vn 0.95782131 -0.287364572 -0
vn 0.919861674 -0.392242789 -0
vn 0.919861674 -0.392242789 -0
vn 0.919861674 -0.392242789 -0
vn 0.919861674 -0.392242789 -0
vn 0.919105589 -0.394011229 -0
vn 0.919105589 -0.394011229 -0
vn 0.919105589 -0.394011229 -0
vn 0.919105589 -0.394011229 -0
vn 0.954776227 -0.297325492 -0
vn 0.954776227 -0.297325492 -0
vn 0.954776227 -0.297325492 -0
vn 0.954776227 -0.297325492 -0
vn 0.943790138 -0.330545127 -0
vn 0.943790138 -0.330545127 -0
vn 0.943790138 -0.330545127 -0
vn 0.943790138 -0.330545127 -0
vn 0.907553971 -0.419935584 -0
vn 0.907553971 -0.419935584 -0
vn 0.907553971 -0.419935584 -0
vn 0.907553971 -0.419935584 -0
vn 0.940048397 -0.341041058 -0
vn 0.940048397 -0.341041058 -0
vn 0.940048397 -0.341041058 -0
vn 0.940048397 -0.341041058 -0
vn 0.956973433 -0.290175736 -0
vn 0.956973433 -0.290175736 -0
vn 0.956973433 -0.290175736 -0
vn 0.956973433 -0.290175736 -0
vn 0.907544434 -0.419956177 -0
vn 0.907544434 -0.419956177 -0
vn 0.907544434 -0.419956177 -0
vn 0.907544434 -0.419956177 -0
vn 0.913212001 -0.407484949 -0
vn 0.913212001 -0.407484949 -0
vn 0.913212001 -0.407484949 -0
vn 0.913212001 -0.407484949 -0
vn 0.949410915 -0.314036608 -0
vn 0.949410915 -0.314036608 -0
vn 0.949410915 -0.314036608 -0
vn 0.949410915 -0.314036608 -0
vn 0.93586117 -0.35236904 -0
vn 0.93586117 -0.35236904 -0
vn 0.93586117 -0.35236904 -0
vn 0.93586117 -0.35236904 -0
vn 0.919888973 -0.392178893 -0
vn 0.919888973 -0.392178893 -0
vn 0.919888973 -0.392178893 -0
vn 0.919888973 -0.392178893 -0
vn 0.956741333 -0.290939897 -0
vn 0.956741333 -0.290939897 -0
vn 0.956741333 -0.290939897 -0
vn 0.956741333 -0.290939897 -0
vn 0.957287729 -0.289136887 -0
vn 0.957287729 -0.289136887 -0
vn 0.957287729 -0.289136887 -0
vn 0.957287729 -0.289136887 -0
vn 0.903658152 -0.428254634 -0
vn 0.903658152 -0.428254634 -0
vn 0.903658152 -0.428254634 -0
vn 0.903658152 -0.428254634 -0
vn 0.916884005 -0.39915368 -0
vn 0.916884005 -0.39915368 -0
vn 0.916884005 -0.39915368 -0
vn 0.916884005 -0.39915368 -0
vn 0.962010741 -0.273011297 -0
vn 0.962010741 -0.273011297 -0
vn 0.962010741 -0.273011297 -0
vn 0.962010741 -0.273011297 -0
vn 0.940575957 -0.339583188 -0
vn 0.940575957 -0.339583188 -0
vn 0.940575957 -0.339583188 -0
vn 0.940575957 -0.339583188 -0
vn 0.889642835 -0.456657171 -0
vn 0.889642835 -0.456657171 -0
vn 0.889642835 -0.456657171 -0
vn 0.889642835 -0.456657171 -0
vn 0.930427551 -0.366476089 -0
vn 0.930427551 -0.366476089 -0
vn 0.930427551 -0.366476089 -0
vn 0.930427551 -0.366476089 -0
vn 0.959196806 -0.282738954 -0
vn 0.959196806 -0.282738954 -0
vn 0.959196806 -0.282738954 -0
vn 0.959196806 -0.282738954 -0
vn 0.920725822 -0.390210152 -0
vn 0.920725822 -0.390210152 -0
vn 0.920725822 -0.390210152 -0
vn 0.920725822 -0.390210152 -0
vn 0.919386446 -0.393355519 -0
vn 0.919386446 -0.393355519 -0
vn 0.919386446 -0.393355519 -0
vn 0.919386446 -0.393355519 -0
vn 0.948924482 -0.315503269 -0
vn 0.948924482 -0.315503269 -0
vn 0.948924482 -0.315503269 -0
vn 0.948924482 -0.315503269 -0
vn 0.938349009 -0.345689416 -0
vn 0.938349009 -0.345689416 -0
vn 0.938349009 -0.345689416 -0
vn 0.938349009 -0.345689416 -0
vn 0.921009243 -0.389540792 -0
vn 0.921009243 -0.389540792 -0
vn 0.921009243 -0.389540792 -0
vn 0.921009243 -0.389540792 -0
vn 0.952399015 -0.304854125 -0
vn 0.952399015 -0.304854125 -0
vn 0.952399015 -0.304854125 -0
vn 0.952399015 -0.304854125 -0
vn 0.952103555 -0.305775672 -0
vn 0.952103555 -0.305775672 -0
vn 0.952103555 -0.305775672 -0
vn 0.952103555 -0.305775672 -0
vn 0.902201414 -0.431315064 -0
vn 0.902201414 -0.431315064 -0
vn 0.902201414 -0.431315064 -0
vn 0.902201414 -0.431315064 -0
vn 0.91974169 -0.392524213 -0
vn 0.91974169 -0.392524213 -0
vn 0.91974169 -0.392524213 -0
vn 0.91974169 -0.392524213 -0
vn 0.953996122 -0.299818993 -0
vn 0.953996122 -0.299818993 -0
vn 0.953996122 -0.299818993 -0
vn 0.953996122 -0.299818993 -0
vn 0.933739483 -0.357953459 -0
vn 0.933739483 -0.357953459 -0
vn 0.933739483 -0.357953459 -0
vn 0.933739483 -0.357953459 -0
vn 0.911602914 -0.411072016 -0
vn 0.911602914 -0.411072016 -0
vn 0.911602914 -0.411072016 -0
vn 0.911602914 -0.411072016 -0
vn 0.947340488 -0.320228159 -0
vn 0.947340488 -0.320228159 -0
vn 0.947340488 -0.320228159 -0
vn 0.947340488 -0.320228159 -0
vn 0.954723835 -0.297493547 -0
vn 0.954723835 -0.297493547 -0
vn 0.954723835 -0.297493547 -0
vn 0.954723835 -0.297493547 -0
vn 0.90984267 -0.414953291 -0
vn 0.90984267 -0.414953291 -0
vn 0.90984267 -0.414953291 -0
vn 0.90984267 -0.414953291 -0
vn 0.91999495 -0.391930193 -0
vn 0.91999495 -0.391930193 -0
vn 0.91999495 -0.391930193 -0
vn 0.91999495 -0.391930193 -0
vn 0.958070219 -0.286533684 -0
vn 0.958070219 -0.286533684 -0
vn 0.958070219 -0.286533684 -0
vn 0.958070219 -0.286533684 -0
vn 0.936266243 -0.351291329 -0
vn 0.936266243 -0.351291329 -0
vn 0.936266243 -0.351291329 -0
vn 0.936266243 -0.351291329 -0
vn 0.905283272 -0.424808502 -0
vn 0.905283272 -0.424808502 -0
vn 0.905283272 -0.424808502 -0
vn 0.905283272 -0.424808502 -0
vn 0.941609502 -0.336706936 -0
vn 0.941609502 -0.336706936 -0
vn 0.941609502 -0.336706936 -0
vn 0.941609502 -0.336706936 -0
vn 0.955482602 -0.295047253 -0
vn 0.955482602 -0.295047253 -0
vn 0.955482602 -0.295047253 -0
vn 0.955482602 -0.295047253 -0
vn 0.911436439 -0.411441028 -0
vn 0.911436439 -0.411441028 -0
vn 0.911436439 -0.411441028 -0
vn 0.911436439 -0.411441028 -0
vn 0.915740907 -0.401769251 -0
vn 0.915740907 -0.401769251 -0
vn 0.915740907 -0.401769251 -0
vn 0.915740907 -0.401769251 -0
vn 0.931004345 -0.365008235 -0
vn 0.931004345 -0.365008235 -0
vn 0.931004345 -0.365008235 -0
vn 0.931004345 -0.365008235 -0
vn 0.924965918 -0.380049914 -0
vn 0.924965918 -0.380049914 -0
vn 0.924965918 -0.380049914 -0
vn 0.924965918 -0.380049914 -0
vn 0.959594429 -0.281386971 -0
vn 0.959594429 -0.281386971 -0
vn 0.959594429 -0.281386971 -0
vn 0.959594429 -0.281386971 -0
vn 0.951266766 -0.30836907 -0
vn 0.951266766 -0.30836907 -0
vn 0.951266766 -0.30836907 -0
vn 0.951266766 -0.30836907 -0
vn 0.884912014 -0.465758294 -0
vn 0.884912014 -0.465758294 -0
vn 0.884912014 -0.465758294 -0
vn 0.884912014 -0.465758294 -0
vn 0.912643075 -0.408757329 -0
vn 0.912643075 -0.408757329 -0
vn 0.912643075 -0.408757329 -0
vn 0.912643075 -0.408757329 -0
vn 0.9605636 -0.278060228 -0
vn 0.9605636 -0.278060228 -0
vn 0.9605636 -0.278060228 -0
vn 0.9605636 -0.278060228 -0
vn 0.93547827 -0.353384107 -0
vn 0.93547827 -0.353384107 -0
vn 0.93547827 -0.353384107 -0
vn 0.93547827 -0.353384107 -0
vn 0.906791866 -0.421578705 -0
vn 0.906791866 -0.421578705 -0
vn 0.906791866 -0.421578705 -0
vn 0.906791866 -0.421578705 -0
vn 0.943116665 -0.332462072 -0
vn 0.943116665 -0.332462072 -0
vn 0.943116665 -0.332462072 -0
vn 0.943116665 -0.332462072 -0
vn 0.955436885 -0.295195371 -0
vn 0.955436885 -0.295195371 -0
vn 0.955436885 -0.295195371 -0
vn 0.955436885 -0.295195371 -0
vn 0.915863514 -0.401489764 -0
vn 0.915863514 -0.401489764 -0
vn 0.915863514 -0.401489764 -0
vn 0.915863514 -0.401489764 -0
vn 0.927217185 -0.374523968 -0
vn 0.927217185 -0.374523968 -0
vn 0.927217185 -0.374523968 -0
vn 0.927217185 -0.374523968 -0
vn 0.953204989 -0.302324951 -0
vn 0.953204989 -0.302324951 -0
vn 0.953204989 -0.302324951 -0
vn 0.953204989 -0.302324951 -0
vn 0.931252062 -0.364375532 -0
vn 0.931252062 -0.364375532 -0
vn 0.931252062 -0.364375532 -0
vn 0.931252062 -0.364375532 -0
vn 0.918602288 -0.395183384 -0
vn 0.918602288 -0.395183384 -0
vn 0.918602288 -0.395183384 -0
vn 0.918602288 -0.395183384 -0
vn 0.947861552 -0.318682313 -0
vn 0.947861552 -0.318682313 -0
vn 0.947861552 -0.318682313 -0
vn 0.947861552 -0.318682313 -0
vn 0.947894812 -0.318583637 -0
vn 0.947894812 -0.318583637 -0
vn 0.947894812 -0.318583637 -0
vn 0.947894812 -0.318583637 -0
vn 0.920492113 -0.390761197 0
vn 0.920492113 -0.390761197 0
vn 0.920492113 -0.390761197 0
vn 0.920492113 -0.390761197 0
vn 0.9487288 -0.31609115 0
vn 0.9487288 -0.31609115 0
vn 0.9487288 -0.31609115 0
vn 0.9487288 -0.31609115 0
vn 0.923956633 -0.382497251 -0
vn 0.923956633 -0.382497251 -0
vn 0.923956633 -0.382497251 -0
vn 0.923956633 -0.382497251 -0
vn 0.918803334 -0.394715697 -0
vn 0.918803334 -0.394715697 -0
vn 0.918803334 -0.394715697 -0
vn 0.918803334 -0.394715697 -0
vn 0.959355772 -0.282199681 -0
vn 0.959355772 -0.282199681 -0
vn 0.959355772 -0.282199681 -0
vn 0.959355772 -0.282199681 -0
vn 0.951952517 -0.306245774 -0
vn 0.951952517 -0.306245774 -0
vn 0.951952517 -0.306245774 -0
vn 0.951952517 -0.306245774 -0
vn 0.893099308 -0.449859411 -0
vn 0.893099308 -0.449859411 -0
vn 0.893099308 -0.449859411 -0
vn 0.893099308 -0.449859411 -0
vn 0.917934179 -0.396732748 -0
vn 0.917934179 -0.396732748 -0
vn 0.917934179 -0.396732748 -0
vn 0.917934179 -0.396732748 -0
vn 0.961892903 -0.273426175 -0
vn 0.961892903 -0.273426175 -0
vn 0.961892903 -0.273426175 -0
vn 0.961892903 -0.273426175 -0
vn 0.932081342 -0.362249017 -0
vn 0.932081342 -0.362249017 -0
vn 0.932081342 -0.362249017 -0
vn 0.932081342 -0.362249017 -0
vn 0.905552983 -0.424233139 -0
vn 0.905552983 -0.424233139 -0
vn 0.905552983 -0.424233139 -0
vn 0.905552983 -0.424233139 -0
vn 0.944648147 -0.328085274 -0
vn 0.944648147 -0.328085274 -0
vn 0.944648147 -0.328085274 -0
vn 0.944648147 -0.328085274 -0
vn 0.953131378 -0.302556634 -0
vn 0.953131378 -0.302556634 -0
vn 0.953131378 -0.302556634 -0
vn 0.953131378 -0.302556634 -0
vn 0.91620487 -0.400710106 -0
vn 0.91620487 -0.400710106 -0
vn 0.91620487 -0.400710106 -0
vn 0.91620487 -0.400710106 -0
vn 0.92917347 -0.369643956 -0
vn 0.92917347 -0.369643956 -0
vn 0.92917347 -0.369643956 -0
vn 0.92917347 -0.369643956 -0
vn 0.948905408 -0.315560758 -0
vn 0.948905408 -0.315560758 -0
vn 0.948905408 -0.315560758 -0
vn 0.948905408 -0.315560758 -0
vn 0.928680837 -0.37087971 -0
vn 0.928680837 -0.37087971 -0
vn 0.928680837 -0.37087971 -0
vn 0.928680837 -0.37087971 -0
vn 0.926754296 -0.375668198 -0
vn 0.926754296 -0.375668198 -0
vn 0.926754296 -0.375668198 -0
vn 0.926754296 -0.375668198 -0
vn 0.9568187 -0.290685207 -0
vn 0.9568187 -0.290685207 -0
vn 0.9568187 -0.290685207 -0
vn 0.9568187 -0.290685207 -0
vn 0.947342515 -0.320222139 -0
vn 0.947342515 -0.320222139 -0
vn 0.947342515 -0.320222139 -0
vn 0.947342515 -0.320222139 -0
vn 0.864521205 -0.502596259 -0
vn 0.864521205 -0.502596259 -0
vn 0.864521205 -0.502596259 -0
vn 0.864521205 -0.502596259 -0
vn 0.895015657 -0.446034729 -0
vn 0.895015657 -0.446034729 -0
vn 0.895015657 -0.446034729 -0
vn 0.895015657 -0.446034729 -0
vn 0.956346452 -0.292235404 -0
vn 0.956346452 -0.292235404 -0
vn 0.956346452 -0.292235404 -0
vn 0.956346452 -0.292235404 -0
vn 0.928896606 -0.370339185 -0
vn 0.928896606 -0.370339185 -0
vn 0.928896606 -0.370339185 -0
vn 0.928896606 -0.370339185 -0
vn 0.915728509 -0.401797384 -0
vn 0.915728509 -0.401797384 -0
vn 0.915728509 -0.401797384 -0
vn 0.915728509 -0.401797384 -0
vn 0.952862084 -0.303403646 -0
vn 0.952862084 -0.303403646 -0
vn 0.952862084 -0.303403646 -0
vn 0.952862084 -0.303403646 -0
vn 0.951972544 -0.306183457 -0
vn 0.951972544 -0.306183457 -0
vn 0.951972544 -0.306183457 -0
vn 0.951972544 -0.306183457 -0
vn 0.905273914 -0.424828351 -0
vn 0.905273914 -0.424828351 -0
vn 0.905273914 -0.424828351 -0
vn 0.905273914 -0.424828351 -0
vn 0.924472213 -0.381249487 -0
vn 0.924472213 -0.381249487 -0
vn 0.924472213 -0.381249487 -0
vn 0.924472213 -0.381249487 -0
vn 0.957701862 -0.287762254 -0
vn 0.957701862 -0.287762254 -0
vn 0.957701862 -0.287762254 -0
vn 0.957701862 -0.287762254 -0
vn 0.924614131 -0.380905181 -0
vn 0.924614131 -0.380905181 -0
vn 0.924614131 -0.380905181 -0
vn 0.924614131 -0.380905181 -0
vn 0.909583688 -0.415520817 -0
vn 0.909583688 -0.415520817 -0
vn 0.909583688 -0.415520817 -0
vn 0.909583688 -0.415520817 -0
vn 0.948397696 -0.317083389 -0
vn 0.948397696 -0.317083389 -0
vn 0.948397696 -0.317083389 -0
vn 0.948397696 -0.317083389 -0
vn 0.950152755 -0.311784923 -0
vn 0.950152755 -0.311784923 -0
vn 0.950152755 -0.311784923 -0
vn 0.950152755 -0.311784923 -0
vn 0.910269141 -0.414017111 -0
vn 0.910269141 -0.414017111 -0
vn 0.910269141 -0.414017111 -0
vn 0.910269141 -0.414017111 -0
vn 0.921360016 -0.388710439 -0
vn 0.921360016 -0.388710439 -0
vn 0.921360016 -0.388710439 -0
vn 0.921360016 -0.388710439 -0
vn 0.944359839 -0.328914136 -0
vn 0.944359839 -0.328914136 -0
vn 0.944359839 -0.328914136 -0
vn 0.944359839 -0.328914136 -0
vn 0.923502982 -0.383591294 -0
vn 0.923502982 -0.383591294 -0
vn 0.923502982 -0.383591294 -0
vn 0.923502982 -0.383591294 -0
vn 0.923449159 -0.383720785 -0
vn 0.923449159 -0.383720785 -0
vn 0.923449159 -0.383720785 -0
vn 0.923449159 -0.383720785 -0
vn 0.961454928 -0.274962515 -0
vn 0.961454928 -0.274962515 -0
vn 0.961454928 -0.274962515 -0
vn 0.961454928 -0.274962515 -0
vn 0.947745264 -0.31902802 -0
vn 0.947745264 -0.31902802 -0
vn 0.947745264 -0.31902802 -0
vn 0.947745264 -0.31902802 -0
vn 0.872889876 -0.487917185 -0
vn 0.872889876 -0.487917185 -0
vn 0.872889876 -0.487917185 -0
vn 0.872889876 -0.487917185 -0
vn 0.910207033 -0.414153576 -0
vn 0.910207033 -0.414153576 -0
vn 0.910207033 -0.414153576 -0
vn 0.910207033 -0.414153576 -0
vn 0.965156674 -0.261672884 -0
vn 0.965156674 -0.261672884 -0
vn 0.965156674 -0.261672884 -0
vn 0.965156674 -0.261672884 -0
vn 0.965232074 -0.261394411 -0
vn 0.965232074 -0.261394411 -0
vn 0.965232074 -0.261394411 -0
vn 0.965232074 -0.261394411 -0
vn 0.990582347 -0.136918247 0
vn 0.990582347 -0.136918247 0
vn 0.990582347 -0.136918247 0
vn 0.990582347 -0.136918247 0
vn 0.999978006 -0.0066348142 -0
vn 0.999978006 -0.0066348142 -0
vn 0.999978006 -0.0066348142 -0
vn 0.999978006 -0.0066348142 -0
vn 0.999987185 -0.00507248053 0
vn 0.999987185 -0.00507248053 0
vn 0.999987185 -0.00507248053 0
vn 0.999987185 -0.00507248053 0
vn 0.999996543 0.00261620269 -0
vn 0.999996543 0.00261620269 -0
vn 0.999996543 0.00261620269 -0
vn 0.999996543 0.00261620269 -0
vn 1 -1.1610322e-05 -0
vn 1 -1.1610322e-05 -0
vn 0.897781551 -0.440440983 0
vn 0.897781551 -0.440440983 0
vn 0.897781551 -0.440440983 0
vn 0.897781551 -0.440440983 0
vn 0.430848956 -0.902424097 -0
vn 0.430848956 -0.902424097 -0
vn 0.430848956 -0.902424097 -0
vn 0.430848956 -0.902424097 -0
vn -0.00321073108 -0.999994874 -0
vn -0.00321073108 -0.999994874 -0
vn -0.00564750703 -0.999984086 0
vn -0.00564750703 -0.999984086 0
vn -0.00564750703 -0.999984086 0
vn -0.00564750703 -0.999984086 0
vn -0.00424803235 -0.999991 0
vn -0.00424803235 -0.999991 0
vn -0.00424803235 -0.999991 0
vn -0.00424803235 -0.999991 0
vn 0.00366768544 -0.999993265 0
vn 0.00366768544 -0.999993265 0
vn 0.00366768544 -0.999993265 0
vn 0.00366768544 -0.999993265 0
vn 0.00387753057 -0.99999249 -0
vn 0.00387753057 -0.99999249 -0
vn 0.00387753057 -0.99999249 -0
vn 0.00387753057 -0.99999249 -0
vn -0.108476616 -0.994099021 -0
vn -0.108476616 -0.994099021 -0
vn -0.108476616 -0.994099021 -0
vn -0.108476616 -0.994099021 -0
vn -0.215680733 -0.976463914 0
vn -0.215680733 -0.976463914 0
vn -0.850958884 -0.525232375 -0
vn -0.850958884 -0.525232375 -0
vn -0.850958884 -0.525232375 0
vn -0.850958884 -0.525232375 0
vn 0 0 0
vn 0 0 0
vn 0 0 0
vn 0 0 0
vn -0.999999762 0.000667043438 -0
vn -0.999999762 0.000667043438 -0
vn -0.99999994 0.000333521777 -0
vn -0.99999994 0.000333521777 -0
vn -0.99999994 0.000333521777 -0
vn -0.99999994 0.000333521777 -0
vn -0.997335792 0.0729483739 0
vn -0.997335792 0.0729483739 -0
vn -0.997335792 0.0729483739 -0
vn -0.997335792 0.0729483739 0
vn -0.96350193 0.267701387 -0
vn -0.96350193 0.267701387 -0
vn -0.96350193 0.267701387 -0
vn -0.96350193 0.267701387 -0
vn -0.922616482 0.385718673 -0
vn -0.922616482 0.385718673 -0
vn -0.0754407272 0.997150302 -0
vn -0.0754407272 0.997150302 -0
vn -0.0377252996 0.999288201 0
vn -0.0377252996 0.999288201 0
vn -0.0377252996 0.999288201 0
vn -0.0377252996 0.999288201 0
vn 0.00136403367 0.999999106 0
vn 0.00136403367 0.999999106 0
vn 0.00136403367 0.999999106 0
vn 0.00136403367 0.999999106 0
vn -0.00394070335 0.999992251 -0
vn -0.00394070335 0.999992251 -0
vn -0.00394070335 0.999992251 -0
vn -0.00394070335 0.999992251 -0
vn -0.00456925156 0.99998951 0
vn -0.00456925156 0.99998951 0
vn -0.00456925156 0.99998951 0
vn -0.00456925156 0.99998951 0
vn 0.00912114978 0.999958396 0
vn 0.00912114978 0.999958396 0
vn 0.00912114978 0.999958396 0
vn 0.00912114978 0.999958396 0
vn -0.000426198996 0.99999994 -0
vn -0.000426198996 0.99999994 -0
vn -0.000426198996 0.99999994 -0
vn -0.000426198996 0.99999994 -0
vn -0.006183472 0.999980927 0
vn -0.006183472 0.999980927 0
vn -0.006183472 0.999980927 0
vn -0.006183472 0.999980927 0
vn 0.0391484834 0.999233365 0
vn 0.0391484834 0.999233365 0
vn 0.0391484834 0.999233365 0
vn 0.0391484834 0.999233365 0
vn 0.0553827584 0.99846524 0
vn 0.0553827584 0.99846524 0
vn 0.0553827584 0.99846524 0
vn 0.0553827584 0.99846524 0
vn 0.058332976 0.998297215 0
vn 0.058332976 0.998297215 0
vn 0.058332976 0.998297215 0
vn 0.058332976 0.998297215 0
vn 0.0724296793 0.997373462 0
vn 0.0724296793 0.997373462 0
vn 0.0724296793 0.997373462 0
vn 0.0724296793 0.997373462 0
vn 0.0625561476 0.998041451 0
vn 0.0625561476 0.998041451 0
vn 0.0625561476 0.998041451 0
vn 0.0625561476 0.998041451 0
vn 0.0573440306 0.998354435 0
vn 0.0573440306 0.998354435 0
vn 0.0573440306 0.998354435 0
vn 0.0573440306 0.998354435 0
vn 0.0521116368 0.998641253 0
vn 0.0521116368 0.998641253 0
vn 0.0521116368 0.998641253 0
vn 0.0521116368 0.998641253 0
vn 0.0443888381 0.999014378 0
vn 0.0443888381 0.999014378 0
vn 0.0443888381 0.999014378 0
vn 0.0443888381 0.999014378 0
vn 0.0433888361 0.999058247 0
vn 0.0433888361 0.999058247 0
vn 0.0433888361 0.999058247 0
vn 0.0433888361 0.999058247 0
vn 0.0736992136 0.997280538 0
vn 0.0736992136 0.997280538 0
vn 0.0736992136 0.997280538 0
vn 0.0736992136 0.997280538 0
vn 0.143218398 0.989691079 0
vn 0.143218398 0.989691079 0
vn 0.143218398 0.989691079 0
vn 0.143218398 0.989691079 0
vn 0.202429861 0.979296803 0
vn 0.202429861 0.979296803 0
vn 0.202429861 0.979296803 0
vn 0.202429861 0.979296803 0
vn 0.226088807 0.974106729 0
vn 0.226088807 0.974106729 0
vn 0.226088807 0.974106729 0
vn 0.226088807 0.974106729 0
vn 0.182098255 0.983280301 0
vn 0.182098255 0.983280301 0
vn 0.182098255 0.983280301 0
vn 0.182098255 0.983280301 0
vn 0.118521169 0.992951572 0
vn 0.118521169 0.992951572 0
vn 0.118521169 0.992951572 0
vn 0.118521169 0.992951572 0
vn 0.1045902 0.994515359 0
vn 0.1045902 0.994515359 0
vn 0.1045902 0.994515359 0
vn 0.1045902 0.994515359 0
vn 0.160238758 0.987078309 0
vn 0.160238758 0.987078309 0
vn 0.160238758 0.987078309 0
vn 0.160238758 0.987078309 0
vn 0.25214082 0.967690527 0
vn 0.25214082 0.967690527 0
vn 0.25214082 0.967690527 0
vn 0.25214082 0.967690527 0
vn 0.304028362 0.952663004 0
vn 0.304028362 0.952663004 0
vn 0.304028362 0.952663004 0
vn 0.304028362 0.952663004 0
vn 0.254698277 0.967020631 0
vn 0.254698277 0.967020631 0
vn 0.254698277 0.967020631 0
vn 0.254698277 0.967020631 0
vn 0.203274131 0.979121804 0
vn 0.203274131 0.979121804 0
vn 0.203274131 0.979121804 0
vn 0.203274131 0.979121804 0
vn 0.276116759 0.961124182 0
vn 0.276116759 0.961124182 0
vn 0.276116759 0.961124182 0
vn 0.276116759 0.961124182 0
vn 0.363274992 0.931681931 0
vn 0.363274992 0.931681931 0
vn 0.363274992 0.931681931 0
vn 0.363274992 0.931681931 0
vn 0.303341478 0.952881932 0
vn 0.303341478 0.952881932 0
vn 0.303341478 0.952881932 0
vn 0.303341478 0.952881932 0
vn 0.30265677 0.953099608 0
vn 0.30265677 0.953099608 0
vn 0.30265677 0.953099608 0
vn 0.30265677 0.953099608 0
vn 0.392956614 0.919557035 0
vn 0.392956614 0.919557035 0
vn 0.392956614 0.919557035 0
vn 0.392956614 0.919557035 0
vn 0.379305512 0.925271571 0
vn 0.379305512 0.925271571 0
vn 0.379305512 0.925271571 0
vn 0.379305512 0.925271571 0
vn 0.406395316 0.913697422 0
vn 0.406395316 0.913697422 0
vn 0.406395316 0.913697422 0
vn 0.406395316 0.913697422 0
vn 0.460583091 0.887616575 0
vn 0.460583091 0.887616575 0
vn 0.460583091 0.887616575 0
vn 0.460583091 0.887616575 0
vn 0.448730379 0.893667161 0
vn 0.448730379 0.893667161 0
vn 0.448730379 0.893667161 0
vn 0.448730379 0.893667161 0
vn 0.492663175 0.870220065 0
vn 0.492663175 0.870220065 0
vn 0.492663175 0.870220065 0
vn 0.492663175 0.870220065 0
vn 0.585578561 0.810615659 0
vn 0.585578561 0.810615659 0
vn 0.585578561 0.810615659 0
vn 0.585578561 0.810615659 0
vn 0.629972339 0.776617527 0
vn 0.629972339 0.776617527 0
vn 0.629972339 0.776617527 0
vn 0.629972339 0.776617527 0
vn 0.650644422 0.759382546 0
vn 0.650644422 0.759382546 0
vn 0.650644422 0.759382546 0
vn 0.650644422 0.759382546 0
vn 0.680781066 0.732487023 0
vn 0.680781066 0.732487023 0
vn 0.680781066 0.732487023 0
vn 0.680781066 0.732487023 0
vn 0.715623975 0.698485851 0
vn 0.715623975 0.698485851 0
vn 0.715623975 0.698485851 0
vn 0.715623975 0.698485851 0
vn 0.742477417 0.669871032 0
vn 0.742477417 0.669871032 0
vn 0.742477417 0.669871032 0
vn 0.742477417 0.669871032 0
vn 0.776923776 0.629594803 0
vn 0.776923776 0.629594803 0
vn 0.776923776 0.629594803 0
vn 0.776923776 0.629594803 0
vn 0.818206668 0.574924409 0
vn 0.818206668 0.574924409 0
vn 0.818206668 0.574924409 0
vn 0.818206668 0.574924409 0
vn 0.871927321 0.489635378 0
vn 0.871927321 0.489635378 0
vn 0.871927321 0.489635378 0
vn 0.871927321 0.489635378 0
vn 0.885753393 0.464156359 0
vn 0.885753393 0.464156359 0
vn 0.885753393 0.464156359 0
vn 0.885753393 0.464156359 0
vn 0.865500748 0.50090766 0
vn 0.865500748 0.50090766 0
vn 0.865500748 0.50090766 0
vn 0.865500748 0.50090766 0
vn 0.904039323 0.427449405 0
vn 0.904039323 0.427449405 0
vn 0.904039323 0.427449405 0
vn 0.904039323 0.427449405 0
vn 0.9450652 0.326881766 0
vn 0.9450652 0.326881766 0
vn 0.9450652 0.326881766 0
vn 0.9450652 0.326881766 0
vn 0.919660926 0.392713249 0
vn 0.919660926 0.392713249 0
vn 0.919660926 0.392713249 0
vn 0.919660926 0.392713249 0
vn 0.941262364 0.337675899 0
vn 0.941262364 0.337675899 0
vn 0.941262364 0.337675899 0
vn 0.941262364 0.337675899 0
vn 0.985014677 0.172470525 0
vn 0.985014677 0.172470525 0
vn 0.985014677 0.172470525 0
vn 0.985014677 0.172470525 0
vn 0.986192346 0.165604308 0
vn 0.986192346 0.165604308 0
vn 0.986192346 0.165604308 0
vn 0.986192346 0.165604308 0
vn 0.967513978 0.252817631 0
vn 0.967513978 0.252817631 0
vn 0.967513978 0.252817631 0
vn 0.967513978 0.252817631 0
vn 0.965717912 0.259593695 0
vn 0.965717912 0.259593695 0
vn 0.965717912 0.259593695 0
vn 0.965717912 0.259593695 0
vn 0.983578384 0.18048133 0
vn 0.983578384 0.18048133 0
vn 0.983578384 0.18048133 0
vn 0.983578384 0.18048133 0
vn 0.995061219 0.0992628932 0
vn 0.995061219 0.0992628932 0
vn 0.995061219 0.0992628932 0
vn 0.995061219 0.0992628932 0
vn 0.999275625 0.0380566865 0
vn 0.999275625 0.0380566865 0
vn 0.999275625 0.0380566865 0
vn 0.999275625 0.0380566865 0
vn 0.999819994 0.0189729109 0
vn 0.999819994 0.0189729109 0
vn 0.999819994 0.0189729109 0
vn 0.999819994 0.0189729109 0
vn 0.999845326 0.0175858159 0
vn 0.999845326 0.0175858159 0
vn 0.999845326 0.0175858159 0
vn 0.999845326 0.0175858159 0
vn 0.999877274 0.0156620573 0
vn 0.999877274 0.0156620573 0
vn 0.999877274 0.0156620573 0
vn 0.999877274 0.0156620573 0
vn 0.999982893 0.00585751887 -0
vn 0.999982893 0.00585751887 -0
vn 0.999982893 0.00585751887 -0
vn 0.999982893 0.00585751887 -0
vn 0.999999821 -0.00059018028 -0
vn 0.999999821 -0.00059018028 -0
vn 0.999999821 -0.00059018028 -0
vn 0.999999821 -0.00059018028 -0
vn 0.999999762 0.000581867236 0
vn 0.999999762 0.000581867236 0
vn 0.999999762 0.000581867236 0
vn 0.999999762 0.000581867236 0
vn 0.999999702 -0.000777049689 -0
vn 0.999999702 -0.000777049689 -0
vn 0.999999702 -0.000777049689 -0
vn 0.999999702 -0.000777049689 -0
vn 0.999970078 -0.00773723796 -0
vn 0.999970078 -0.00773723796 -0
vn 0.999970078 -0.00773723796 -0
vn 0.999970078 -0.00773723796 -0
vn 0.999908447 -0.0135299014 -0
vn 0.999908447 -0.0135299014 -0
vn 0.999908447 -0.0135299014 -0
vn 0.999908447 -0.0135299014 -0
vn 0.999920666 -0.0125961248 -0
vn 0.999920666 -0.0125961248 -0
vn 0.999920666 -0.0125961248 -0
vn 0.999920666 -0.0125961248 -0
vn 0.999797404 -0.0201243795 -0
vn 0.999797404 -0.0201243795 -0
vn 0.999797404 -0.0201243795 -0
vn 0.999797404 -0.0201243795 -0
vn 0.998057544 -0.0622984208 -0
vn 0.998057544 -0.0622984208 -0
vn 0.998057544 -0.0622984208 -0
vn 0.998057544 -0.0622984208 -0
vn 0.993145466 -0.116884984 -0
vn 0.993145466 -0.116884984 -0
vn 0.993145466 -0.116884984 -0
vn 0.993145466 -0.116884984 -0
vn 0.986843169 -0.161680713 -0
vn 0.986843169 -0.161680713 -0
vn 0.986843169 -0.161680713 -0
vn 0.986843169 -0.161680713 -0
vn 0.981804788 -0.189893261 -0
vn 0.981804788 -0.189893261 -0
vn 0.981804788 -0.189893261 -0
vn 0.981804788 -0.189893261 -0
vn 0.97577256 -0.218786851 -0
vn 0.97577256 -0.218786851 -0
vn 0.97577256 -0.218786851 -0
vn 0.97577256 -0.218786851 -0
vn 0.983363688 -0.18164745 -0
vn 0.983363688 -0.18164745 -0
vn 0.983363688 -0.18164745 -0
vn 0.983363688 -0.18164745 -0
vn 0.986795425 -0.161971524 -0
vn 0.986795425 -0.161971524 -0
vn 0.986795425 -0.161971524 -0
vn 0.986795425 -0.161971524 -0
vn 0.961611569 -0.27441442 -0
vn 0.961611569 -0.27441442 -0
vn 0.961611569 -0.27441442 -0
vn 0.961611569 -0.27441442 -0
vn 0.925156474 -0.379586101 -0
vn 0.925156474 -0.379586101 -0
vn 0.925156474 -0.379586101 -0
vn 0.925156474 -0.379586101 -0
vn 0.951947093 -0.306262314 -0
vn 0.951947093 -0.306262314 -0
vn 0.951947093 -0.306262314 -0
vn 0.951947093 -0.306262314 -0
vn 0.948875785 -0.315649748 -0
vn 0.948875785 -0.315649748 -0
vn 0.948875785 -0.315649748 -0
vn 0.948875785 -0.315649748 -0
vn 0.9019382 -0.431865335 0
vn 0.9019382 -0.431865335 0
vn 0.9019382 -0.431865335 0
vn 0.9019382 -0.431865335 0
vn 0.898529887 -0.438912451 0
vn 0.898529887 -0.438912451 0
vn 0.898529887 -0.438912451 0
vn 0.898529887 -0.438912451 0
vn 0.880917013 -0.473270863 -0
vn 0.880917013 -0.473270863 -0
vn 0.880917013 -0.473270863 -0
vn 0.880917013 -0.473270863 -0
vn 0.825250983 -0.564766169 -0
vn 0.825250983 -0.564766169 -0
vn 0.825250983 -0.564766169 -0
vn 0.825250983 -0.564766169 -0
vn 0.763432443 -0.645887613 -0
vn 0.763432443 -0.645887613 -0
vn 0.763432443 -0.645887613 -0
vn 0.763432443 -0.645887613 -0
vn 0.739217937 -0.673466265 -0
vn 0.739217937 -0.673466265 -0
vn 0.739217937 -0.673466265 -0
vn 0.739217937 -0.673466265 -0
vn 0.702465236 -0.711718082 -0
vn 0.702465236 -0.711718082 -0
vn 0.702465236 -0.711718082 -0
vn 0.702465236 -0.711718082 -0
vn 0.686793387 -0.726852715 -0
vn 0.686793387 -0.726852715 -0
vn 0.686793387 -0.726852715 -0
vn 0.686793387 -0.726852715 -0
vn 0.660968721 -0.750413418 -0
vn 0.660968721 -0.750413418 -0
vn 0.660968721 -0.750413418 -0
vn 0.660968721 -0.750413418 -0
vn 0.615915954 -0.787811816 -0
vn 0.615915954 -0.787811816 -0
vn 0.615915954 -0.787811816 -0
vn 0.615915954 -0.787811816 -0
vn 0.53245008 -0.846461356 -0
vn 0.53245008 -0.846461356 -0
vn 0.53245008 -0.846461356 -0
vn 0.53245008 -0.846461356 -0
vn 0.539457917 -0.842012584 -0
vn 0.539457917 -0.842012584 -0
vn 0.539457917 -0.842012584 -0
vn 0.539457917 -0.842012584 -0
vn 0.515509665 -0.856883764 -0
vn 0.515509665 -0.856883764 -0
vn 0.515509665 -0.856883764 -0
vn 0.515509665 -0.856883764 -0
vn 0.41434288 -0.910120845 -0
vn 0.41434288 -0.910120845 -0
vn 0.41434288 -0.910120845 -0
vn 0.41434288 -0.910120845 -0
vn 0.434749216 -0.900551558 -0
vn 0.434749216 -0.900551558 -0
vn 0.434749216 -0.900551558 -0
vn 0.434749216 -0.900551558 -0
vn 0.33040908 -0.943837881 -0
vn 0.33040908 -0.943837881 -0
vn 0.33040908 -0.943837881 -0
vn 0.33040908 -0.943837881 -0
vn 0.255786866 -0.966733217 -0
vn 0.255786866 -0.966733217 -0
vn 0.255786866 -0.966733217 -0
vn 0.255786866 -0.966733217 -0
vn 0.355816424 -0.934555948 -0
vn 0.355816424 -0.934555948 -0
vn 0.355816424 -0.934555948 -0
vn 0.355816424 -0.934555948 -0
vn 0.340635926 -0.940195262 -0
vn 0.340635926 -0.940195262 -0
vn 0.340635926 -0.940195262 -0
vn 0.340635926 -0.940195262 -0
vn 0.174907744 -0.984584868 -0
vn 0.174907744 -0.984584868 -0
vn 0.174907744 -0.984584868 -0
vn 0.174907744 -0.984584868 -0
vn 0.126775786 -0.991931379 -0
vn 0.126775786 -0.991931379 -0
vn 0.126775786 -0.991931379 -0
vn 0.126775786 -0.991931379 -0
vn 0.226209119 -0.974078715 -0
vn 0.226209119 -0.974078715 -0
vn 0.226209119 -0.974078715 -0
vn 0.226209119 -0.974078715 -0
vn 0.301555693 -0.953448474 -0
vn 0.301555693 -0.953448474 -0
vn 0.301555693 -0.953448474 -0
vn 0.301555693 -0.953448474 -0
vn 0.263525277 -0.964652419 -0
vn 0.263525277 -0.964652419 -0
vn 0.263525277 -0.964652419 -0
vn 0.263525277 -0.964652419 -0
vn 0.146382242 -0.989228129 -0
vn 0.146382242 -0.989228129 -0
vn 0.146382242 -0.989228129 -0
vn 0.146382242 -0.989228129 -0
vn 0.0678404495 -0.997696161 -0
vn 0.0678404495 -0.997696161 -0
vn 0.0678404495 -0.997696161 -0
vn 0.0678404495 -0.997696161 -0
vn 0.070353657 -0.997522116 -0
vn 0.070353657 -0.997522116 -0
vn 0.070353657 -0.997522116 -0
vn 0.070353657 -0.997522116 -0
vn 0.0994384065 -0.995043635 -0
vn 0.0994384065 -0.995043635 -0
vn 0.0994384065 -0.995043635 -0
vn 0.0994384065 -0.995043635 -0
vn 0.138312295 -0.990388691 -0
vn 0.138312295 -0.990388691 -0
vn 0.138312295 -0.990388691 -0
vn 0.138312295 -0.990388691 -0
vn 0.161623821 -0.986852407 -0
vn 0.161623821 -0.986852407 -0
vn 0.161623821 -0.986852407 -0
vn 0.161623821 -0.986852407 -0
vn 0.150710389 -0.988577962 -0
vn 0.150710389 -0.988577962 -0
vn 0.150710389 -0.988577962 -0
vn 0.150710389 -0.988577962 -0
vn 0.119788937 -0.992799342 -0
vn 0.119788937 -0.992799342 -0
vn 0.119788937 -0.992799342 -0
vn 0.119788937 -0.992799342 -0
vn 0.100209877 -0.994966328 -0
vn 0.100209877 -0.994966328 -0
vn 0.100209877 -0.994966328 -0
vn 0.100209877 -0.994966328 -0
vn 0.0897379741 -0.995965362 -0
vn 0.0897379741 -0.995965362 -0
vn 0.0897379741 -0.995965362 -0
vn 0.0897379741 -0.995965362 -0
vn 0.058403749 -0.998292983 -0
vn 0.058403749 -0.998292983 -0
vn 0.058403749 -0.998292983 -0
vn 0.058403749 -0.998292983 -0
vn 0.0206813142 -0.999786079 -0
vn 0.0206813142 -0.999786079 -0
vn 0.0206813142 -0.999786079 -0
vn 0.0206813142 -0.999786079 -0
vn 0.0117486576 -0.999930978 -0
vn 0.0117486576 -0.999930978 -0
vn 0.0117486576 -0.999930978 -0
vn 0.0117486576 -0.999930978 -0
vn 0.0119167278 -0.999929011 -0
vn 0.0119167278 -0.999929011 -0
vn 0.0119167278 -0.999929011 -0
vn 0.0119167278 -0.999929011 -0
vn 0.0151005583 -0.999886036 -0
vn 0.0151005583 -0.999886036 -0
vn 0.0151005583 -0.999886036 -0
vn 0.0151005583 -0.999886036 -0
vn 0.0145401927 -0.999894261 -0
vn 0.0145401927 -0.999894261 -0
vn 0.0145401927 -0.999894261 -0
vn 0.0145401927 -0.999894261 -0
vn 0.00391354598 -0.999992371 -0
vn 0.00391354598 -0.999992371 -0
vn 0.00391354598 -0.999992371 -0
vn 0.00391354598 -0.999992371 -0
vn 0.100952722 -0.994891286 -0
vn 0.100952722 -0.994891286 -0
vn 0.100952722 -0.994891286 -0
vn 0.100952722 -0.994891286 -0
vn 0.200463444 -0.979701221 -0
vn 0.200463444 -0.979701221 -0
vn 0.795779526 -0.60558641 -0
vn 0.795779526 -0.60558641 -0
vn 0.795779526 -0.60558641 -0
vn 0.795779526 -0.60558641 -0
vn 0.99516201 -0.0982472971 -0
vn 0.99516201 -0.0982472971 -0
vn 0.998813748 -0.0486953631 0
vn 0.998813748 -0.0486953631 0
vn 0.998813748 -0.0486953631 0
vn 0.998813748 -0.0486953631 0
vn 0.999998748 -0.00154155528 -0
vn 0.999998748 -0.00154155528 -0
vn 0.999998748 -0.00154155528 -0
vn 0.999998748 -0.00154155528 -0
vn 0.999997973 -0.00203049346 -0
vn 0.999997973 -0.00203049346 -0
vn 0.999997973 -0.00203049346 -0
vn 0.999997973 -0.00203049346 -0
vn 0.999999285 0.00112489471 0
vn 0.999999285 0.00112489471 0
vn 0.999999285 0.00112489471 0
vn 0.999999285 0.00112489471 0
vn 0.999753475 -0.022201838 -0
vn 0.999753475 -0.022201838 -0
vn 0.999753475 -0.022201838 -0
vn 0.999753475 -0.022201838 -0
vn 0.998911738 -0.0466412716 -0
vn 0.998911738 -0.0466412716 -0
vn 0.556076646 -0.831131101 -0
vn 0.556076646 -0.831131101 -0
vn 0.556076646 -0.831131101 -0
vn 0.556076646 -0.831131101 -0
vn 0.0487914346 -0.99880898 -0
vn 0.0487914346 -0.99880898 -0
vn 0.0244029853 -0.999702215 -0
vn 0.0244029853 -0.999702215 -0
vn 0.0244029853 -0.999702215 -0
vn 0.0244029853 -0.999702215 -0
vn -0.0209669825 -0.999780178 -0
vn -0.0209669825 -0.999780178 0
vn -0.0209669825 -0.999780178 0
vn -0.0209669825 -0.999780178 -0
vn -0.0419247486 -0.999120831 0
vn -0.0419247486 -0.999120831 0
vn -0.83912015 -0.543946266 -0
vn -0.83912015 -0.543946266 -0
vn -0.839120865 -0.543944955 0
vn -0.839120865 -0.543944955 0
vn -0.839120865 -0.543944955 0
vn -0.839120865 -0.543944955 0
vn -0.839858115 -0.542806029 0
vn -0.839858115 -0.542806029 0
vn -0.000651647686 0.999999881 -0
vn -0.000651647686 0.999999881 -0
vn -0.202140003 0.979356647 -0
vn -0.202140003 0.979356647 -0
vn -0.202140003 0.979356647 -0
vn -0.202140003 0.979356647 -0
vn -0.247417286 0.968908966 -0
vn -0.247417286 0.968908966 -0
vn -0.247417286 0.968908966 -0
vn -0.247417286 0.968908966 -0
vn -0.203205884 0.97913599 -0
vn -0.203205884 0.97913599 -0
vn -0.203205884 0.97913599 -0
vn -0.203205884 0.97913599 -0
vn -0.199052021 0.979988873 -0
vn -0.199052021 0.979988873 -0
vn -0.199052021 0.979988873 -0
vn -0.199052021 0.979988873 -0
vn -0.218075678 0.975931883 -0
vn -0.218075678 0.975931883 -0
vn -0.584976077 0.811050534 -0
vn -0.584976077 0.811050534 -0
vn -0.534777105 0.844993234 -0
vn -0.534777105 0.844993234 -0
vn -0.534777105 0.844993234 -0
vn -0.534777105 0.844993234 -0
vn -0.486780405 0.873524427 -0
vn -0.486780405 0.873524427 -0
vn -0.486780405 0.873524427 -0
vn -0.486780405 0.873524427 -0
vn -0.581828117 0.813311756 -0
vn -0.581828117 0.813311756 -0
vn -0.581828117 0.813311756 -0
vn -0.581828117 0.813311756 -0
vn -0.68681848 0.726828933 -0
vn -0.68681848 0.726828933 -0
vn -0.68681848 0.726828933 -0
vn -0.68681848 0.726828933 -0
vn -0.785470068 0.618899703 -0
vn -0.785470068 0.618899703 -0
vn -0.785470068 0.618899703 -0
vn -0.785470068 0.618899703 -0
vn -0.866200864 0.499695927 -0
vn -0.866200864 0.499695927 -0
vn -0.866200864 0.499695927 -0
vn -0.866200864 0.499695927 -0
vn -0.944499612 0.328512371 -0
vn -0.944499612 0.328512371 -0
vn -0.944499612 0.328512371 -0
vn -0.944499612 0.328512371 -0
vn -0.982123375 0.188238412 -0
vn -0.982123375 0.188238412 -0
vn -0.982123375 0.188238412 -0
vn -0.982123375 0.188238412 -0
vn -0.986198783 0.165565923 -0
vn -0.986198783 0.165565923 -0
vn -0.986198783 0.165565923 -0
vn -0.986198783 0.165565923 -0
vn -0.996679187 0.0814288929 -0
vn -0.996679187 0.0814288929 -0
vn -0.996679187 0.0814288929 -0
vn -0.996679187 0.0814288929 -0
vn -0.999730289 0.0232254062 -0
vn -0.999730289 0.0232254062 -0
vn -0.999730289 0.0232254062 -0
vn -0.999730289 0.0232254062 -0
vn -0.999988377 0.00481969165 -0
vn -0.999988377 0.00481969165 -0
vn -0.999988377 0.00481969165 -0
vn -0.999988377 0.00481969165 -0
vn -0.999993682 -0.00358395535 -0
vn -0.999993682 -0.00358395535 -0
vn -0.999993682 -0.00358395535 -0
vn -0.999993682 -0.00358395535 -0
vn -0.999991715 -0.0040516397 0
vn -0.999991715 -0.0040516397 0
vn -0.999991715 -0.0040516397 0
vn -0.999991715 -0.0040516397 0
vn -0.999996483 0.0026583334 0
vn -0.999996483 0.0026583334 0
vn -0.999996483 0.0026583334 0
vn -0.999996483 0.0026583334 0
vn -0.999993503 0.00358151528 -0
vn -0.999993503 0.00358151528 -0
vn -0.999993503 0.00358151528 -0
vn -0.999993503 0.00358151528 -0
vn -0.999426603 -0.0338605531 -0
vn -0.999426603 -0.0338605531 -0
vn -0.999426603 -0.0338605531 -0
vn -0.999426603 -0.0338605531 -0
vn -0.994608343 -0.103703052 0
vn -0.994608343 -0.103703052 0
vn -0.994608343 -0.103703052 0
vn -0.994608343 -0.103703052 0
vn -0.987308323 -0.158815131 0
vn -0.987308323 -0.158815131 0
vn -0.987308323 -0.158815131 0
vn -0.987308323 -0.158815131 0
vn -0.980627358 -0.195882767 0
vn -0.980627358 -0.195882767 0
vn -0.980627358 -0.195882767 0
vn -0.980627358 -0.195882767 0
vn -0.964821935 -0.262904227 0
vn -0.964821935 -0.262904227 0
vn -0.964821935 -0.262904227 0
vn -0.964821935 -0.262904227 0
vn -0.889077365 -0.457756937 0
vn -0.889077365 -0.457756937 0
vn -0.889077365 -0.457756937 0
vn -0.889077365 -0.457756937 0
vn -0.799192905 -0.601074696 0
vn -0.799192905 -0.601074696 0
vn -0.799192905 -0.601074696 0
vn -0.799192905 -0.601074696 0
vn -0.755145907 -0.655556738 0
vn -0.755145907 -0.655556738 0
vn -0.755145907 -0.655556738 0
vn -0.755145907 -0.655556738 0
vn -0.669210076 -0.743073285 0
vn -0.669210076 -0.743073285 0
vn -0.669210076 -0.743073285 0
vn -0.669210076 -0.743073285 0
vn -0.621479988 -0.78343004 0
vn -0.621479988 -0.78343004 0
vn -0.621479988 -0.78343004 0
vn -0.621479988 -0.78343004 0
vn -0.483315229 -0.875446379 0
vn -0.483315229 -0.875446379 0
vn -0.483315229 -0.875446379 0
vn -0.483315229 -0.875446379 0
vn -0.371853352 -0.928291559 0
vn -0.371853352 -0.928291559 0
vn -0.371853352 -0.928291559 0
vn -0.371853352 -0.928291559 0
vn -0.371188045 -0.928557754 0
vn -0.371188045 -0.928557754 0
vn -0.371188045 -0.928557754 0
vn -0.371188045 -0.928557754 0
vn -0.234821409 -0.972038507 0
vn -0.234821409 -0.972038507 0
vn -0.234821409 -0.972038507 0
vn -0.234821409 -0.972038507 0
vn -0.104553692 -0.994519353 0
vn -0.104553692 -0.994519353 0
vn -0.104553692 -0.994519353 0
vn -0.104553692 -0.994519353 0
vn -0.0505619086 -0.998720884 0
vn -0.0505619086 -0.998720884 0
vn -0.0505619086 -0.998720884 0
vn -0.0505619086 -0.998720884 0
vn -0.0427232645 -0.999086916 0
vn -0.0427232645 -0.999086916 0
vn -0.0427232645 -0.999086916 0
vn -0.0427232645 -0.999086916 0
vn -0.0548417158 -0.998495102 0
vn -0.0548417158 -0.998495102 0
vn 0.38585341 -0.922560155 -0
vn 0.38585341 -0.922560155 -0
vn 0.38585341 -0.922560155 -0
vn 0.38585341 -0.922560155 -0
vn 0.911348641 -0.411635399 -0
vn 0.911348641 -0.411635399 -0
vn 0.911348641 -0.411635399 -0
vn 0.911348641 -0.411635399 -0
vn 0.999999762 -0.000659088953 -0
vn 0.999999762 -0.000659088953 -0
vn 0.999998331 -0.00185101049 -0
vn 0.999998331 -0.00185101049 -0
vn 0.999998331 -0.00185101049 -0
vn 0.999998331 -0.00185101049 -0
vn 0.999999583 0.000974580005 0
vn 0.999999583 0.000974580005 0
vn 0.999999583 0.000974580005 0
vn 0.999999583 0.000974580005 0
vn 0.999996901 0.00249604438 -0
vn 0.999996901 0.00249604438 0
vn 0.999996901 0.00249604438 0
vn 0.999996901 0.00249604438 -0
vn 0.999272525 0.0381371304 0
vn 0.999272525 0.0381371304 0
vn 0.999272525 0.0381371304 0
vn 0.999272525 0.0381371304 0
vn 0.97570008 0.219110221 0
vn 0.97570008 0.219110221 0
vn 0.97570008 0.219110221 0
vn 0.97570008 0.219110221 0
vn 0.933940828 0.357427657 -0
vn 0.933940828 0.357427657 -0
vn 0.133676216 0.991025031 0
vn 0.133676216 0.991025031 0
vn -0.000651647686 0.999999881 -0
vn -0.000651647686 0.999999881 -0
vn -0.999999881 0.000650375849 -0
vn -0.999999881 0.000650375849 -0
vn -0.99999994 0.000325187924 -0
vn -0.99999994 0.000325187924 -0
vn -0.99999994 0.000325187924 -0
vn -0.99999994 0.000325187924 -0
vn -0.99999994 -0.000279706437 0
vn -0.99999994 -0.000279706437 -0
vn -0.99999994 -0.000279706437 -0
vn -0.99999994 -0.000279706437 0
vn -1 0.000279706321 0
vn -1 0.000279706321 0
vn -1 0.000279706321 0
vn -1 0.000279706321 0
vn -0.995012462 0.099750571 -0
vn -0.995012462 0.099750571 -0
vn -0.995012462 0.099750571 -0
vn -0.995012462 0.099750571 -0
vn -0.951164961 0.308682859 -0
vn -0.951164961 0.308682859 -0
vn -0.951164961 0.308682859 -0
vn -0.951164961 0.308682859 -0
vn -0.909423292 0.415871888 -0
vn -0.909423292 0.415871888 -0
vn -0.0499566384 0.998751342 -0
vn -0.0499566384 0.998751342 -0
vn -0.0249861181 0.999687791 0
vn -0.0249861181 0.999687791 -0
vn -0.0249861181 0.999687791 -0
vn -0.0249861181 0.999687791 0
vn 0.124377638 0.992234945 0
vn 0.124377638 0.992234945 0
vn 0.124377638 0.992234945 0
vn 0.124377638 0.992234945 0
vn 0.246823683 0.969060481 -0
vn 0.246823683 0.969060481 -0
vn 0.945547521 0.325484157 0
vn 0.945547521 0.325484157 0
vn 0.986408591 0.16431047 -0
vn 0.986408591 0.16431047 -0
vn 0.986408591 0.16431047 -0
vn 0.986408591 0.16431047 -0
vn 0.999999702 0.000695627823 0
vn 0.999999702 0.000695627823 0
vn 0.999999702 0.000695627823 0
vn 0.999999702 0.000695627823 0
vn 0.999999046 0.0013961778 -0
vn 0.999999046 0.0013961778 -0
vn 0.999999046 0.0013961778 -0
vn 0.999999046 0.0013961778 -0
vn 0.999964774 -0.00839293469 -0
vn 0.999964774 -0.00839293469 -0
vn 0.999964774 -0.00839293469 -0
vn 0.999964774 -0.00839293469 -0
vn 0.999859214 -0.0167805776 -0
vn 0.999859214 -0.0167805776 -0
vn 0.833697736 -0.552221179 -0
vn 0.833697736 -0.552221179 -0
vn 0.833697736 -0.552221179 -0
vn 0.833697736 -0.552221179 -0
vn 0 0 0
vn 0 0 0
vn 0 0 0
vn 0 0 0
vn 0.00440806383 -0.999990284 -0
vn 0.00440806383 -0.999990284 -0
vn 0.00220403727 -0.999997556 -0
vn 0.00220403727 -0.999997556 -0
vn 0.00220403727 -0.999997556 -0
vn 0.00220403727 -0.999997556 -0
vn -0.000937869074 -0.999999642 -0
vn -0.000937869074 -0.999999642 0
vn -0.000937869074 -0.999999642 0
vn -0.000937869074 -0.999999642 -0
vn -0.00480543217 -0.999988437 0
vn -0.00480543217 -0.999988437 0
vn -0.00480543217 -0.999988437 0
vn -0.00480543217 -0.999988437 0
vn 0.00197172537 -0.999998093 0
vn 0.00197172537 -0.999998093 0
vn 0.00197172537 -0.999998093 0
vn 0.00197172537 -0.999998093 0
vn 0.00199719681 -0.999998033 -0
vn 0.00199719681 -0.999998033 -0
vn 0.00199719681 -0.999998033 -0
vn 0.00199719681 -0.999998033 -0
vn 0.00256797601 -0.999996781 0
vn 0.00256797601 -0.999996781 0
vn 0.00256797601 -0.999996781 0
vn 0.00256797601 -0.999996781 0
vn 0.054973945 -0.998487711 -0
vn 0.054973945 -0.998487711 -0
vn 0.054973945 -0.998487711 -0
vn 0.054973945 -0.998487711 -0
vn 0.0970302671 -0.995281398 -0
vn 0.0970302671 -0.995281398 -0
vn 0.7288993 -0.684620857 -0
vn 0.7288993 -0.684620857 -0
vn 0.7288993 -0.684620857 -0
vn 0.7288993 -0.684620857 -0
vn 1 0 0
vn 1 -0 -0
vn 0.999995112 -0.00310783251 -0
vn 0.999995112 -0.00310783251 -0
vn 0.999995112 -0.00310783251 -0
vn 0.999995112 -0.00310783251 -0
vn 0.999998569 0.00173045835 0
vn 0.999998569 0.00173045835 0
vn 0.999998569 0.00173045835 0
vn 0.999998569 0.00173045835 0
vn 0.999995887 0.00290086051 -0
vn 0.999995887 0.00290086051 -0
vn 0.999995887 0.00290086051 -0
vn 0.999995887 0.00290086051 -0
vn 0.999998093 -0.00193834549 -0
vn 0.999998093 -0.00193834549 -0
vn 0.999998093 -0.00193834549 -0
vn 0.999998093 -0.00193834549 -0
vn 1 -1.82815359e-06 -0
vn 1 -1.82815359e-06 -0
vn 0.856371999 0.516359389 0
vn 0.856371999 0.516359389 0
vn 0.791763067 0.61082828 0
vn 0.791763067 0.61082828 0
vn 0.791763067 0.61082828 0
vn 0.791763067 0.61082828 0
vn 0.716783166 0.697296143 -0
vn 0.716783166 0.697296143 -0
vn 0.035307765 0.999376476 0
vn 0.035307765 0.999376476 0
vn 0.0230518132 0.999734282 0
vn 0.0230518132 0.999734282 0
vn 0.0230518132 0.999734282 0
vn 0.0230518132 0.999734282 0
vn 0.00223714835 0.999997497 -0
vn 0.00223714835 0.999997497 -0
vn 0.00223714835 0.999997497 -0
vn 0.00223714835 0.999997497 -0
vn 0.000329240167 0.99999994 0
vn 0.000329240167 0.99999994 0
vn 0.000329240167 0.99999994 0
vn 0.000329240167 0.99999994 0
vn 0.00346806063 0.99999404 -0
vn 0.00346806063 0.99999404 -0
vn 0.00346806063 0.99999404 -0
vn 0.00346806063 0.99999404 -0
vn -0.00229094038 0.999997437 -0
vn -0.00229094038 0.999997437 -0
vn -0.00229094038 0.999997437 -0
vn -0.00229094038 0.999997437 -0
vn -0.000674598152 0.999999762 0
vn -0.000674598152 0.999999762 0
vn -0.000674598152 0.999999762 0
vn -0.000674598152 0.999999762 0
vn 0.000707569998 0.999999762 -0
vn 0.000707569998 0.999999762 -0
vn 0.000707569998 0.999999762 -0
vn 0.000707569998 0.999999762 -0
vn -0.00454136636 0.999989629 -0
vn -0.00454136636 0.999989629 -0
vn -0.00454136636 0.999989629 -0
vn -0.00454136636 0.999989629 -0
vn -0.00730580185 0.999973357 -0
vn -0.00730580185 0.999973357 -0
vn 0.582498014 0.812832177 0
vn 0.582498014 0.812832177 0
vn 0.582498014 0.812832177 -0
vn 0.582498014 0.812832177 -0
vn 0.969472408 0.245200515 0
vn 0.969472408 0.245200515 0
vn 0.992423177 0.122866839 -0
vn 0.992423177 0.122866839 -0
vn 0.992423177 0.122866839 -0
vn 0.992423177 0.122866839 -0
vn 0.999999762 -0.000646088854 0
vn 0.999999762 -0.000646088854 0
vn 0.999999762 -0.000646088854 0
vn 0.999999762 -0.000646088854 0
vn 0.999999762 -0.000635508855 -0
vn 0.999999762 -0.000635508855 -0
vn 0.999999762 -0.000635508855 -0
vn 0.999999762 -0.000635508855 -0
vn 0.99999994 2.19377052e-05 0
vn 0.99999994 2.19377052e-05 0
vn 0.99999994 2.19377052e-05 0
vn 0.99999994 2.19377052e-05 0
vn 0.999999881 -0.000340034225 -0
vn 0.999999881 -0.000340034225 -0
vn 0.999999881 -0.000340034225 -0
vn 0.999999881 -0.000340034225 -0
vn 0.999240339 -0.038971141 -0
vn 0.999240339 -0.038971141 -0
vn 0.999240339 -0.038971141 -0
vn 0.999240339 -0.038971141 -0
vn 0.997121811 -0.0758160949 -0
vn 0.997121811 -0.0758160949 -0
vn 0.797291577 -0.603594363 -0
vn 0.797291577 -0.603594363 -0
vn 0.797291577 -0.603594363 -0
vn 0.797291577 -0.603594363 -0
vn 0.0139590623 -0.999902546 -0
vn 0.0139590623 -0.999902546 -0
vn 0.00278356578 -0.999996126 -0
vn 0.00278356578 -0.999996126 -0
vn 0.00278356578 -0.999996126 -0
vn 0.00278356578 -0.999996126 -0
vn -0.00319249905 -0.999994874 0
vn -0.00319249905 -0.999994874 0
vn -0.00319249905 -0.999994874 0
vn -0.00319249905 -0.999994874 0
vn 0.00393233169 -0.999992251 -0
vn 0.00393233169 -0.999992251 -0
vn 0.00393233169 -0.999992251 -0
vn 0.00393233169 -0.999992251 -0
vn -0.00371786603 -0.999993145 -0
vn -0.00371786603 -0.999993145 -0
vn -0.00371786603 -0.999993145 -0
vn -0.00371786603 -0.999993145 -0
vn -0.00363530568 -0.999993324 0
vn -0.00363530568 -0.999993324 0
vn -0.00363530568 -0.999993324 0
vn -0.00363530568 -0.999993324 0
vn 0.00302186026 -0.99999541 -0
vn 0.00302186026 -0.99999541 -0
vn 0.00302186026 -0.99999541 -0
vn 0.00302186026 -0.99999541 -0
vn 0.00195206341 -0.999998093 -0
vn 0.00195206341 -0.999998093 -0
vn 0.00195206341 -0.999998093 -0
vn 0.00195206341 -0.999998093 -0
vn 0.0016123188 -0.999998689 -0
vn 0.0016123188 -0.999998689 -0
vn 0.0016123188 -0.999998689 -0
vn 0.0016123188 -0.999998689 -0
vn -0.00209788023 -0.999997735 0
vn -0.00209788023 -0.999997735 0
vn -0.00209788023 -0.999997735 0
vn -0.00209788023 -0.999997735 0
vn -0.00163716881 -0.999998569 0
vn -0.00163716881 -0.999998569 0
vn -0.00163716881 -0.999998569 0
vn -0.00163716881 -0.999998569 0
vn 0.0437975712 -0.999040425 -0
vn 0.0437975712 -0.999040425 -0
vn 0.0437975712 -0.999040425 -0
vn 0.0437975712 -0.999040425 -0
vn 0.0872488692 -0.996186554 -0
vn 0.0872488692 -0.996186554 -0
vn 0.804966271 -0.593320549 -0
vn 0.804966271 -0.593320549 -0
vn 0.804966271 -0.593320549 -0
vn 0.804966271 -0.593320549 -0
vn 0.999970317 -0.00770823611 -0
vn 0.999970317 -0.00770823611 -0
vn 0.999992549 -0.00385958119 -0
vn 0.999992549 -0.00385958119 -0
vn 0.999992549 -0.00385958119 -0
vn 0.999992549 -0.00385958119 -0
vn 0.999995947 -0.00286827795 -0
vn 0.999995947 -0.00286827795 -0
vn 0.999995947 -0.00286827795 -0
vn 0.999995947 -0.00286827795 -0
vn 0.999977469 -0.00672002928 -0
vn 0.999977469 -0.00672002928 -0
vn 0.999977469 -0.00672002928 -0
vn 0.999977469 -0.00672002928 -0
vn 0.999970257 -0.00771438843 -0
vn 0.999970257 -0.00771438843 -0
vn 0.458427876 0.888731658 0
vn 0.458427876 0.888731658 0
vn 0.458427876 0.888731658 -0
vn 0.458427876 0.888731658 -0
vn -0.00102470617 0.999999464 -0
vn -0.00102470617 0.999999464 -0
vn 0.00167599577 0.999998569 0
vn 0.00167599577 0.999998569 0
vn 0.00167599577 0.999998569 0
vn 0.00167599577 0.999998569 0
vn -0.000230508434 0.99999994 -0
vn -0.000230508434 0.99999994 -0
vn -0.000230508434 0.99999994 -0
vn -0.000230508434 0.99999994 -0
vn -0.00330730155 0.999994516 -0
vn -0.00330730155 0.999994516 -0
vn -0.00330730155 0.999994516 -0
vn -0.00330730155 0.999994516 -0
vn 0.000822633214 0.999999642 0
vn 0.000822633214 0.999999642 0
vn 0.000822633214 0.999999642 0
vn 0.000822633214 0.999999642 0
vn 0.00171108148 0.99999851 0
vn 0.00171108148 0.99999851 -0
vn 0.00171108148 0.99999851 -0
vn 0.00171108148 0.99999851 0
vn -0.00179334462 0.99999845 -0
vn -0.00179334462 0.99999845 -0
vn -0.00179334462 0.99999845 -0
vn -0.00179334462 0.99999845 -0
vn 0.0580739789 0.998312354 0
vn 0.0580739789 0.998312354 0
vn 0.0580739789 0.998312354 0
vn 0.0580739789 0.998312354 0
vn 0.179229081 0.983807385 0
vn 0.179229081 0.983807385 0
vn 0.179229081 0.983807385 0
vn 0.179229081 0.983807385 0
vn 0.238290787 0.97119385 -0
vn 0.238290787 0.97119385 -0
vn 0.986223042 0.165420964 0
vn 0.986223042 0.165420964 0
vn 0.996564329 0.0828225464 -0
vn 0.996564329 0.0828225464 -0
vn 0.996564329 0.0828225464 -0
vn 0.996564329 0.0828225464 -0
vn 1 -0.000146099861 0
vn 1 -0.000146099861 0
vn 1 -0.000146099861 0
vn 1 -0.000146099861 0
vn 0.999729037 -0.0232770555 -0
vn 0.999729037 -0.0232770555 -0
vn 0.999729037 -0.0232770555 -0
vn 0.999729037 -0.0232770555 -0
vn 0.998913586 -0.0465990156 -0
vn 0.998913586 -0.0465990156 -0
vn 0.751908779 -0.659267247 -0
vn 0.751908779 -0.659267247 -0
vn 0.751908779 -0.659267247 -0
vn 0.751908779 -0.659267247 -0
vn 0.142647639 -0.989773571 -0
vn 0.142647639 -0.989773571 -0
vn 0.0715068653 -0.99744004 -0
vn 0.0715068653 -0.99744004 -0
vn 0.0715068653 -0.99744004 -0
vn 0.0715068653 -0.99744004 -0
vn 0 -1 -0
vn -0 -1 0
vn -0 -1 0
vn 0 -1 -0
vn -0 -1 -0
vn -0 -1 0
vn -0.83104831 -0.556200385 -0
vn -0.83104831 -0.556200385 -0
vn -0.83105731 -0.556186914 0
vn -0.83105731 -0.556186914 0
vn -0.83105731 -0.556186914 0
vn -0.83105731 -0.556186914 0
vn -0.839061439 -0.544036627 0
vn -0.839061439 -0.544036627 0
g group3
f 1/1/1 2/2/2 3/3/3 4/4/4 5/5/5 6/6/6 7/7/7 8/8/8 9/9/9 10/10/10 11/11/11 12/12/12 13/13/13 14/14/14 15/15/15 16/16/16 17/17/17 18/18/18 19/19/19 20/20/20 21/21/21 22/22/22 23/23/23 24/24/24 25/25/25 26/26/26 27/27/27 28/28/28 29/29/29 30/30/30 31/31/31 32/32/32 33/33/33 34/34/34 35/35/35 36/36/36 37/37/37 38/38/38 39/39/39 40/40/40 41/41/41 42/42/42
f 43/43/43 44/44/44 45/45/45 46/46/46 47/47/47 48/48/48 49/49/49 50/50/50 51/51/51 52/52/52 53/53/53 54/54/54 55/55/55 56/56/56 57/57/57 58/58/58 59/59/59 60/60/60 61/61/61 62/62/62 63/63/63 64/64/64 65/65/65 66/66/66 67/67/67 68/68/68 69/69/69 70/70/70 71/71/71 72/72/72 73/73/73 74/74/74 75/75/75 76/76/76 77/77/77 78/78/78 79/79/79 80/80/80 81/81/81 82/82/82 83/83/83 84/84/84 85/85/85 86/86/86 87/87/87 88/88/88 89/89/89 90/90/90 91/91/91 92/92/92 93/93/93 94/94/94 95/95/95 96/96/96 97/97/97 98/98/98 99/99/99 100/100/100 101/101/101 102/102/102 103/103/103 104/104/104 105/105/105 106/106/106 107/107/107 108/108/108 109/109/109 110/110/110 111/111/111 112/112/112 113/113/113 114/114/114 115/115/115 116/116/116 117/117/117 118/118/118 119/119/119 120/120/120 121/121/121 122/122/122 123/123/123 124/124/124 125/125/125 126/126/126 127/127/127 128/128/128 129/129/129 130/130/130 131/131/131 132/132/132 133/133/133 134/134/134 135/135/135 136/136/136 137/137/137 138/138/138 139/139/139 140/140/140 141/141/141 142/142/142 143/143/143 144/144/144 145/145/145 146/146/146 147/147/147 148/148/148 149/149/149 150/150/150 151/151/151 152/152/152 153/153/153 154/154/154 155/155/155 156/156/156 157/157/157 158/158/158 159/159/159 160/160/160 161/161/161 162/162/162 163/163/163 164/164/164 165/165/165 166/166/166 167/167/167 168/168/168 169/169/169 170/170/170 171/171/171 172/172/172 173/173/173 174/174/174 175/175/175 176/176/176 177/177/177 178/178/178 179/179/179 180/180/180 181/181/181 182/182/182 183/183/183 184/184/184 185/185/185 186/186/186 187/187/187 188/188/188 189/189/189 190/190/190 191/191/191 192/192/192 193/193/193 194/194/194 195/195/195 196/196/196 197/197/197 198/198/198 199/199/199 200/200/200 201/201/201 202/202/202 203/203/203 204/204/204 205/205/205 206/206/206 207/207/207 208/208/208 209/209/209 210/210/210 211/211/211 212/212/212 213/213/213 214/214/214 215/215/215 216/216/216 217/217/217 218/218/218 219/219/219 220/220/220 221/221/221 222/222/222 223/223/223 224/224/224 225/225/225 226/226/226 227/227/227 228/228/228 229/229/229 230/230/230 231/231/231 232/232/232 233/233/233 234/234/234 235/235/235 236/236/236 237/237/237 238/238/238 239/239/239 240/240/240 241/241/241 242/242/242 243/243/243 244/244/244 245/245/245 246/246/246 247/247/247 248/248/248 249/249/249 250/250/250 251/251/251 252/252/252 253/253/253 254/254/254 255/255/255 256/256/256 257/257/257 258/258/258 259/259/259 260/260/260 261/261/261 262/262/262 263/263/263 264/264/264 265/265/265 266/266/266 267/267/267 268/268/268 269/269/269 270/270/270 271/271/271 272/272/272 273/273/273 274/274/274 275/275/275 276/276/276 277/277/277 278/278/278 279/279/279 280/280/280 281/281/281 282/282/282 283/283/283 284/284/284 285/285/285 286/286/286 287/287/287 288/288/288 289/289/289 290/290/290 291/291/291 292/292/292 293/293/293 294/294/294 295/295/295 296/296/296 297/297/297 298/298/298 299/299/299 300/300/300 301/301/301 302/302/302 303/303/303 304/304/304 305/305/305 306/306/306 307/307/307 308/308/308 309/309/309 310/310/310 311/311/311 312/312/312 313/313/313 314/314/314 315/315/315 316/316/316 317/317/317 318/318/318 319/319/319 320/320/320 321/321/321 322/322/322 323/323/323 324/324/324 325/325/325 326/326/326 327/327/327 328/328/328 329/329/329 330/330/330 331/331/331 332/332/332 333/333/333 334/334/334 335/335/335 336/336/336 337/337/337 338/338/338 339/339/339 340/340/340 341/341/341 342/342/342 343/343/343 344/344/344 345/345/345 346/346/346 347/347/347 348/348/348 349/349/349 350/350/350 351/351/351 352/352/352 353/353/353 354/354/354 355/355/355 356/356/356 357/357/357 358/358/358 359/359/359 360/360/360 361/361/361 362/362/362 363/363/363 364/364/364 365/365/365 366/366/366 367/367/367 368/368/368 369/369/369 370/370/370 371/371/371 372/372/372 373/373/373 374/374/374 375/375/375 376/376/376 377/377/377 378/378/378 379/379/379 380/380/380 381/381/381 382/382/382 383/383/383 384/384/384 385/385/385 386/386/386 387/387/387 388/388/388 389/389/389 390/390/390 391/391/391 392/392/392 393/393/393 394/394/394 395/395/395 396/396/396 397/397/397 398/398/398 399/399/399 400/400/400 401/401/401 402/402/402 403/403/403 404/404/404 405/405/405 406/406/406 407/407/407 408/408/408 409/409/409 410/410/410 411/411/411 412/412/412 413/413/413 414/414/414 415/415/415 416/416/416 417/417/417 418/418/418 419/419/419 420/420/420 421/421/421 422/422/422 423/423/423 424/424/424 425/425/425 426/426/426 427/427/427 428/428/428 429/429/429 430/430/430 431/431/431 432/432/432 433/433/433 434/434/434 435/435/435 436/436/436 437/437/437 438/438/438 439/439/439 440/440/440 441/441/441 442/442/442 443/443/443 444/444/444 445/445/445 446/446/446 447/447/447 448/448/448 449/449/449 450/450/450 451/451/451 452/452/452 453/43/453
f 454/453/454 455/454/455 456/455/456 457/456/457 458/457/458 459/458/459 460/459/460 461/460/461 462/461/462 463/462/463 464/463/464 465/464/465 466/465/466 467/466/467 468/467/468 469/468/469 470/469/470 471/470/471 472/471/472 473/472/473 474/473/474 475/474/475 476/475/476 477/476/477 478/477/478 479/478/479 480/479/480 481/480/481 482/481/482 483/482/483 484/483/484 485/484/485 486/485/486 487/486/487 488/487/488 489/488/489 490/489/490 491/490/491 492/491/492 493/492/493 494/493/494 495/494/495 496/495/496 497/496/497 498/497/498 499/498/499 500/499/500 501/500/501 502/501/502 503/502/503 504/503/504 505/504/505 506/505/506 507/506/507 508/507/508 509/508/509 510/509/510 511/510/511 512/511/512 513/512/513 514/513/514 515/514/515 516/515/516 517/516/517 518/517/518 519/518/519 520/519/520 521/520/521 522/521/522 523/522/523 524/523/524 525/524/525 526/525/526 527/526/527 528/527/528 529/528/529 530/529/530 531/530/531 532/531/532 533/532/533 534/533/534 535/534/535 536/535/536 537/536/537 538/537/538 539/538/539 540/539/540 541/540/541 542/541/542 543/542/543 544/543/544 545/544/545 546/545/546 547/546/547 548/547/548 549/548/549 550/549/550 551/550/551 552/551/552 553/552/553 554/553/554 555/554/555 556/555/556 557/556/557 558/557/558 559/558/559 560/559/560 561/560/561 562/561/562 563/562/563 564/563/564 565/564/565 566/565/566 567/566/567 568/567/568 569/568/569 570/569/570 571/570/571 572/571/572 573/572/573 574/573/574 575/574/575 576/575/576 577/576/577 578/577/578 579/578/579 580/579/580 581/580/581 582/581/582 684/582/583 685/583/584 686/584/585 687/585/586 688/586/587 689/587/588 690/588/589 691/589/590 692/590/591 693/591/592 694/592/593 695/593/594 696/594/595 697/595/596 698/596/597 699/597/598 700/598/599 701/599/600 702/600/601 703/601/602 704/602/603 705/603/604 706/604/605 707/605/606 708/606/607 709/607/608 710/608/609 711/609/610 712/610/611 713/611/612 714/612/613 715/613/614 716/614/615 717/615/616 718/616/617 719/617/618 720/618/619 721/619/620 722/620/621 723/621/622 724/622/623 725/623/624 726/624/625 727/625/626 728/626/627 729/627/628 730/628/629 683/629/630 684/582/631 582/581/632 583/630/633 584/631/634 585/632/635 586/633/636 587/634/637 588/635/638 589/636/639 590/637/640 591/638/641 592/639/642 593/640/643 594/641/644 595/642/645
f 596/643/646 597/644/647 598/645/648 599/646/649 600/647/650 601/648/651 602/649/652 603/650/653 604/651/654 605/652/655 606/653/656 607/654/657 608/655/658 609/656/659 610/657/660 611/658/661 612/658/662 613/659/663 614/660/664 615/661/665 616/662/666 617/663/667 618/664/668 619/665/669 620/666/670 621/667/671 622/668/672 623/669/673 624/670/674 625/671/675 626/672/676 627/673/677 628/674/678 629/675/679 630/676/680 631/677/681 632/678/682 633/679/683 634/680/684 635/681/685 636/682/686 637/683/687 638/684/688 639/685/689 640/686/690 641/687/691 642/688/692 643/689/693 644/690/694 645/691/695 646/692/696 647/693/697 648/694/698 649/695/699 650/696/700 651/697/701 652/698/702 653/699/703 654/700/704 655/701/705 656/702/706 657/703/707 658/704/708 659/705/709 660/706/710 661/707/711 662/708/712 663/709/713 664/710/714 665/711/715 666/712/716 667/713/717 668/714/718 669/715/719 670/716/720 671/717/721 672/718/722 673/719/723 674/720/724 675/721/725 676/722/726 677/723/727 678/724/728 679/725/729 680/726/730 681/727/731 682/728/732
f 731/729/733 772/730/734 771/731/735 770/732/736 769/733/737 768/734/738 767/735/739 766/736/740 765/737/741 764/738/742 763/739/743 762/740/744 761/741/745 760/742/746 759/743/747 758/744/748 757/745/749 756/746/750 755/747/751 754/748/752 753/749/753 752/750/754 751/751/755 750/752/756 749/753/757 748/754/758 747/755/759 746/756/760 745/757/761 744/758/762 743/759/763 742/760/764 741/761/765 740/762/766 739/763/767 738/764/768 737/765/769 736/766/770 735/767/771 734/768/772 733/769/773 732/770/774
f 773/771/775 1183/771/776 1182/772/777 1181/773/778 1180/774/779 1179/775/780 1178/776/781 1177/777/782 1176/778/783 1175/779/784 1174/780/785 1173/781/786 1172/782/787 1171/783/788 1170/784/789 1169/785/790 1168/786/791 1167/787/792 1166/788/793 1165/789/794 1164/790/795 1163/791/796 1162/792/797 1161/793/798 1160/794/799 1159/795/800 1158/796/801 1157/797/802 1156/798/803 1155/799/804 1154/800/805 1153/801/806 1152/802/807 1151/803/808 1150/804/809 1149/805/810 1148/806/811 1147/807/812 1146/808/813 1145/809/814 1144/810/815 1143/811/816 1142/812/817 1141/813/818 1140/814/819 1139/815/820 1138/816/821 1137/817/822 1136/818/823 1135/819/824 1134/820/825 1133/821/826 1132/822/827 1131/823/828 1130/824/829 1129/825/830 1128/826/831 1127/827/832 1126/828/833 1125/829/834 1124/830/835 1123/831/836 1122/832/837 1121/833/838 1120/834/839 1119/835/840 1118/836/841 1117/837/842 1116/838/843 1115/839/844 1114/840/845 1113/841/846 1112/842/847 1111/843/848 1110/844/849 1109/845/850 1108/846/851 1107/847/852 1106/848/853 1105/849/854 1104/850/855 1103/851/856 1102/852/857 1101/853/858 1100/854/859 1099/855/860 1098/856/861 1097/857/862 1096/858/863 1095/859/864 1094/860/865 1093/861/866 1092/862/867 1091/863/868 1090/864/869 1089/865/870 1088/866/871 1087/867/872 1086/868/873 1085/869/874 1084/870/875 1083/871/876 1082/872/877 1081/873/878 1080/874/879 1079/875/880 1078/876/881 1077/877/882 1076/878/883 1075/879/884 1074/880/885 1073/881/886 1072/882/887 1071/883/888 1070/884/889 1069/885/890 1068/886/891 1067/887/892 1066/888/893 1065/889/894 1064/890/895 1063/891/896 1062/892/897 1061/893/898 1060/894/899 1059/895/900 1058/896/901 1057/897/902 1056/898/903 1055/899/904 1054/900/905 1053/901/906 1052/902/907 1051/903/908 1050/904/909 1049/905/910 1048/906/911 1047/907/912 1046/908/913 1045/909/914 1044/910/915 1043/911/916 1042/912/917 1041/913/918 1040/914/919 1039/915/920 1038/916/921 1037/917/922 1036/918/923 1035/919/924 1034/920/925 1033/921/926 1032/922/927 1031/923/928 1030/924/929 1029/925/930 1028/926/931 1027/927/932 1026/928/933 1025/929/934 1024/930/935 1023/931/936 1022/932/937 1021/933/938 1020/934/939 1019/935/940 1018/936/941 1017/937/942 1016/938/943 1015/939/944 1014/940/945 1013/941/946 1012/942/947 1011/943/948 1010/944/949 1009/945/950 1008/946/951 1007/947/952 1006/948/953 1005/949/954 1004/950/955 1003/951/956 1002/952/957 1001/953/958 1000/954/959 999/955/960 998/956/961 997/957/962 996/958/963 995/959/964 994/960/965 993/961/966 992/962/967 991/963/968 990/964/969 989/965/970 988/966/971 987/967/972 986/968/973 985/969/974 984/970/975 983/971/976 982/972/977 981/973/978 980/974/979 979/975/980 978/976/981 977/977/982 976/978/983 975/979/984 974/980/985 973/981/986 972/982/987 971/983/988 970/984/989 969/985/990 968/986/991 967/987/992 966/988/993 965/989/994 964/990/995 963/991/996 962/992/997 961/993/998 960/994/999 959/995/1000 958/996/1001 957/997/1002 956/998/1003 955/999/1004 954/1000/1005 953/1001/1006 952/1002/1007 951/1003/1008 950/1004/1009 949/1005/1010 948/1006/1011 947/1007/1012 946/1008/1013 945/1009/1014 944/1010/1015 943/1011/1016 942/1012/1017 941/1013/1018 940/1014/1019 939/1015/1020 938/1016/1021 937/1017/1022 936/1018/1023 935/1019/1024 934/1020/1025 933/1021/1026 932/1022/1027 931/1023/1028 930/1024/1029 929/1025/1030 928/1026/1031 927/1027/1032 926/1028/1033 925/1029/1034 924/1030/1035 923/1031/1036 922/1032/1037 921/1033/1038 920/1034/1039 919/1035/1040 918/1036/1041 917/1037/1042 916/1038/1043 915/1039/1044 914/1040/1045 913/1041/1046 912/1042/1047 911/1043/1048 910/1044/1049 909/1045/1050 908/1046/1051 907/1047/1052 906/1048/1053 905/1049/1054 904/1050/1055 903/1051/1056 902/1052/1057 901/1053/1058 900/1054/1059 899/1055/1060 898/1056/1061 897/1057/1062 896/1058/1063 895/1059/1064 894/1060/1065 893/1061/1066 892/1062/1067 891/1063/1068 890/1064/1069 889/1065/1070 888/1066/1071 887/1067/1072 886/1068/1073 885/1069/1074 884/1070/1075 883/1071/1076 882/1072/1077 881/1073/1078 880/1074/1079 879/1075/1080 878/1076/1081 877/1077/1082 876/1078/1083 875/1079/1084 874/1080/1085 873/1081/1086 872/1082/1087 871/1083/1088 870/1084/1089 869/1085/1090 868/1086/1091 867/1087/1092 866/1088/1093 865/1089/1094 864/1090/1095 863/1091/1096 862/1092/1097 861/1093/1098 860/1094/1099 859/1095/1100 858/1096/1101 857/1097/1102 856/1098/1103 855/1099/1104 854/1100/1105 853/1101/1106 852/1102/1107 851/1103/1108 850/1104/1109 849/1105/1110 848/1106/1111 847/1107/1112 846/1108/1113 845/1109/1114 844/1110/1115 843/1111/1116 842/1112/1117 841/1113/1118 840/1114/1119 839/1115/1120 838/1116/1121 837/1117/1122 836/1118/1123 835/1119/1124 834/1120/1125 833/1121/1126 832/1122/1127 831/1123/1128 830/1124/1129 829/1125/1130 828/1126/1131 827/1127/1132 826/1128/1133 825/1129/1134 824/1130/1135 823/1131/1136 822/1132/1137 821/1133/1138 820/1134/1139 819/1135/1140 818/1136/1141 817/1137/1142 816/1138/1143 815/1139/1144 814/1140/1145 813/1141/1146 812/1142/1147 811/1143/1148 810/1144/1149 809/1145/1150 808/1146/1151 807/1147/1152 806/1148/1153 805/1149/1154 804/1150/1155 803/1151/1156 802/1152/1157 801/1153/1158 800/1154/1159 799/1155/1160 798/1156/1161 797/1157/1162 796/1158/1163 795/1159/1164 794/1160/1165 793/1161/1166 792/1162/1167 791/1163/1168 790/1164/1169 789/1165/1170 788/1166/1171 787/1167/1172 786/1168/1173 785/1169/1174 784/1170/1175 783/1171/1176 782/1172/1177 781/1173/1178 780/1174/1179 779/1175/1180 778/1176/1181 777/1177/1182 776/1178/1183 775/1179/1184 774/1180/1185
f 1184/1181/1186 1373/1182/1187 1372/1183/1188 1371/1184/1189 1370/1185/1190 1369/1186/1191 1368/1187/1192 1367/1188/1193 1366/1189/1194 1365/1190/1195 1364/1191/1196 1363/1192/1197 1362/1193/1198 1361/1194/1199 1312/1195/1200 1313/1196/1201 1360/1197/1202 1359/1198/1203 1358/1199/1204 1357/1200/1205 1356/1201/1206 1355/1202/1207 1354/1203/1208 1353/1204/1209 1352/1205/1210 1351/1206/1211 1350/1207/1212 1349/1208/1213 1348/1209/1214 1347/1210/1215 1346/1211/1216 1345/1212/1217 1344/1213/1218 1343/1214/1219 1342/1215/1220 1341/1216/1221 1340/1217/1222 1339/1218/1223 1338/1219/1224 1337/1220/1225 1336/1221/1226 1335/1222/1227 1334/1223/1228 1333/1224/1229 1332/1225/1230 1331/1226/1231 1330/1227/1232 1329/1228/1233 1328/1229/1234 1327/1230/1235 1326/1231/1236 1325/1232/1237 1324/1233/1238 1323/1234/1239 1322/1235/1240 1321/1236/1241 1320/1237/1242 1319/1238/1243 1318/1239/1244 1317/1240/1245 1316/1241/1246 1315/1242/1247 1314/1243/1248 1313/1196/1249 1312/1195/1250 1311/1244/1251 1310/1245/1252 1309/1246/1253 1308/1247/1254 1307/1248/1255 1306/1249/1256 1305/1250/1257 1304/1251/1258 1303/1252/1259 1302/1253/1260 1301/1254/1261 1300/1255/1262 1299/1256/1263 1298/1257/1264 1297/1258/1265 1296/1259/1266 1295/1260/1267 1294/1261/1268 1293/1262/1269 1292/1263/1270 1291/1264/1271 1290/1265/1272 1289/1266/1273 1288/1267/1274 1287/1268/1275 1286/1269/1276 1285/1270/1277 1284/1271/1278 1283/1272/1279 1282/1273/1280 1281/1274/1281 1280/1275/1282 1279/1276/1283 1278/1277/1284 1277/1278/1285 1276/1279/1286 1275/1280/1287 1274/1281/1288 1273/1282/1289 1272/1283/1290 1271/1284/1291 1270/1285/1292 1269/1286/1293 1268/1287/1294 1267/1288/1295 1266/1289/1296 1265/1290/1297 1264/1291/1298 1263/1292/1299 1262/1293/1300 1261/1294/1301 1260/1295/1302 1259/1296/1303 1258/1297/1304 1257/1298/1305 1256/1299/1306 1255/1300/1307 1254/1301/1308 1253/1302/1309 1252/1303/1310 1251/1304/1311 1250/1305/1312 1249/1306/1313 1248/1307/1314 1247/1308/1315 1246/1309/1316 1245/1310/1317 1244/1311/1318 1243/1312/1319 1242/1313/1320 1241/1314/1321 1240/1315/1322 1239/1316/1323 1238/1317/1324 1237/1318/1325 1236/1319/1326 1235/1320/1327 1234/1321/1328 1233/1322/1329 1232/1323/1330 1231/1324/1331 1230/1325/1332 1229/1326/1333 1228/1327/1334 1227/1328/1335 1226/1329/1336 1225/1330/1337 1224/1331/1338 1223/1332/1339 1222/1333/1340 1221/1334/1341 1220/1335/1342 1219/1336/1343 1218/1337/1344 1217/1338/1345 1216/1339/1346 1215/1340/1347 1214/1341/1348 1213/1342/1349 1212/1343/1350 1211/1344/1351 1210/1345/1352 1209/1346/1353 1208/1347/1354 1207/1348/1355 1206/1349/1356 1205/1350/1357 1204/1351/1358 1203/1352/1359 1202/1353/1360 1201/1354/1361 1200/1355/1362 1199/1356/1363 1198/1357/1364 1197/1358/1365 1196/1359/1366 1195/1360/1367 1194/1361/1368 1193/1362/1369 1192/1363/1370 1191/1364/1371 1190/1365/1372 1189/1366/1373 1188/1367/1374 1187/1368/1375 1186/1369/1376 1185/1370/1377
f 1374/1371/1378 1460/1372/1379 1459/1373/1380 1458/1374/1381 1457/1375/1382 1456/1376/1383 1455/1377/1384 1454/1378/1385 1453/1379/1386 1452/1380/1387 1451/1381/1388 1450/1382/1389 1449/1383/1390 1448/1384/1391 1447/1385/1392 1446/1386/1393 1445/1387/1394 1444/1388/1395 1443/1389/1396 1442/1390/1397 1441/1391/1398 1440/1392/1399 1439/1393/1400 1438/1394/1401 1437/1395/1402 1436/1396/1403 1435/1397/1404 1434/1398/1405 1433/1399/1406 1432/1400/1407 1431/1401/1408 1430/1402/1409 1429/1403/1410 1428/1404/1411 1427/1405/1412 1426/1406/1413 1425/1407/1414 1424/1408/1415 1423/1409/1416 1422/1410/1417 1421/1411/1418 1420/1412/1419 1419/1413/1420 1418/1414/1421 1417/1415/1422 1416/1416/1423 1415/1417/1424 1414/1418/1425 1413/1419/1426 1412/1420/1427 1411/1421/1428 1410/1422/1429 1409/1423/1430 1408/1424/1431 1407/1425/1432 1406/1426/1433 1405/1427/1434 1404/1428/1435 1403/1429/1436 1402/1430/1437 1401/1431/1438 1400/1432/1439 1399/1433/1440 1398/1434/1441 1397/1435/1442 1396/1436/1443 1395/1437/1444 1394/1438/1445 1393/1439/1446 1392/1440/1447 1391/1441/1448 1390/1442/1449 1389/1442/1450 1388/1443/1451 1387/1444/1452 1386/1445/1453 1385/1446/1454 1384/1447/1455 1383/1448/1456 1382/1449/1457 1381/1450/1458 1380/1451/1459 1379/1452/1460 1378/1453/1461 1377/1454/1462 1376/1455/1463 1375/1456/1464
g 
f 1/1457/1465 731/1458/1466 732/1459/1467 2/1460/1468
f 2/1461/1469 732/1462/1470 733/1463/1471 3/1464/1472
f 3/1464/1473 733/1463/1474 734/1465/1475 4/1466/1476
f 4/1466/1477 734/1465/1478 735/1467/1479 5/1468/1480
f 5/1468/1481 735/1467/1482 736/1469/1483 6/1470/1484
f 6/1470/1485 736/1469/1486 737/1471/1487 7/1472/1488
f 7/1472/1489 737/1471/1490 738/1473/1491 8/1474/1492
f 8/1474/1493 738/1473/1494 739/1475/1495 9/1476/1496
f 9/1476/1497 739/1475/1498 740/1477/1499 10/1478/1500
f 10/1478/1501 740/1477/1502 741/1479/1503 11/1480/1504
f 11/1480/1505 741/1479/1506 742/1481/1507 12/1482/1508
f 12/1482/1509 742/1481/1510 743/1483/1511 13/1484/1512
f 13/1484/1513 743/1483/1514 744/1485/1515 14/1486/1516
f 14/1486/1517 744/1485/1518 745/1487/1519 15/1488/1520
f 15/1488/1521 745/1487/1522 746/1489/1523 16/1490/1524
f 16/1490/1525 746/1489/1526 747/1491/1527 17/1492/1528
f 17/1492/1529 747/1491/1530 748/1493/1531 18/1494/1532
f 18/1494/1533 748/1493/1534 749/1495/1535 19/1496/1536
f 19/1496/1537 749/1495/1538 750/1497/1539 20/1498/1540
f 20/1498/1541 750/1497/1542 751/1499/1543 21/1500/1544
f 21/1500/1545 751/1499/1546 752/1501/1547 22/1502/1548
f 22/1502/1549 752/1501/1550 753/1503/1551 23/1504/1552
f 23/1504/1553 753/1503/1554 754/1505/1555 24/1506/1556
f 24/1506/1557 754/1505/1558 755/1507/1559 25/1508/1560
f 25/1508/1561 755/1507/1562 756/1509/1563 26/1510/1564
f 26/1510/1565 756/1509/1566 757/1511/1567 27/1512/1568
f 27/1512/1569 757/1511/1570 758/1513/1571 28/1514/1572
f 28/1514/1573 758/1513/1574 759/1515/1575 29/1516/1576
f 29/1516/1577 759/1515/1578 760/1517/1579 30/1518/1580
f 30/1518/1581 760/1517/1582 761/741/1583 31/31/1584
f 31/31/1585 761/741/1586 762/740/1587 32/32/1588
f 32/32/1589 762/740/1590 763/739/1591 33/33/1592
f 33/33/1593 763/739/1594 764/738/1595 34/34/1596
f 34/34/1597 764/738/1598 765/1519/1599 35/1520/1600
f 35/1520/1601 765/1519/1602 766/1521/1603 36/1522/1604
f 36/1522/1605 766/1521/1606 767/1523/1607 37/1524/1608
f 37/1524/1609 767/1523/1610 768/1525/1611 38/1526/1612
f 38/1526/1613 768/1525/1614 769/1527/1615 39/1528/1616
f 39/1528/1617 769/1527/1618 770/1529/1619 40/1530/1620
f 40/1530/1621 770/1529/1622 771/1531/1623 41/1532/1624
f 41/1532/1625 771/1531/1626 772/1533/1627 42/1534/1628
f 42/1534/1629 772/1533/1630 731/1458/1631 1/1457/1632
f 43/1535/1633 773/1536/1634 774/1537/1635 44/1538/1636
f 44/1538/1637 774/1537/1638 775/1539/1639 45/1540/1640
f 45/1540/1641 775/1539/1642 776/1541/1643 46/1542/1644
f 46/1542/1645 776/1541/1646 777/1543/1647 47/1544/1648
f 47/1544/1649 777/1543/1650 778/1545/1651 48/1546/1652
f 48/1546/1653 778/1545/1654 779/1547/1655 49/1548/1656
f 49/1548/1657 779/1547/1658 780/1549/1659 50/1550/1660
f 50/1550/1661 780/1549/1662 781/1551/1663 51/1552/1664
f 51/1552/1665 781/1551/1666 782/1553/1667 52/1554/1668
f 52/1554/1669 782/1553/1670 783/1555/1671 53/1556/1672
f 53/1556/1673 783/1555/1674 784/1557/1675 54/1558/1676
f 54/1558/1677 784/1557/1678 785/1559/1679 55/1560/1680
f 55/1560/1681 785/1559/1682 786/1561/1683 56/1562/1684
f 56/1562/1685 786/1561/1686 787/1563/1687 57/1564/1688
f 57/1564/1689 787/1563/1690 788/1565/1691 58/1566/1692
f 58/1566/1693 788/1565/1694 789/1567/1695 59/1568/1696
f 59/1568/1697 789/1567/1698 790/1569/1699 60/1570/1700
f 60/1570/1701 790/1569/1702 791/1571/1703 61/1572/1704
f 61/1572/1705 791/1571/1706 792/1573/1707 62/1574/1708
f 62/1574/1709 792/1573/1710 793/1575/1711 63/1576/1712
f 63/1576/1713 793/1575/1714 794/1577/1715 64/1578/1716
f 64/1578/1717 794/1577/1718 795/1579/1719 65/1580/1720
f 65/1580/1721 795/1579/1722 796/1581/1723 66/1582/1724
f 66/1582/1725 796/1581/1726 797/1583/1727 67/1584/1728
f 67/1584/1729 797/1583/1730 798/1585/1731 68/1586/1732
f 68/1586/1733 798/1585/1734 799/1587/1735 69/1588/1736
f 69/1588/1737 799/1587/1738 800/1589/1739 70/1590/1740
f 70/1590/1741 800/1589/1742 801/1591/1743 71/1592/1744
f 71/1592/1745 801/1591/1746 802/1593/1747 72/1594/1748
f 72/1594/1749 802/1593/1750 803/1595/1751 73/1596/1752
f 73/1596/1753 803/1595/1754 804/1597/1755 74/1598/1756
f 74/1598/1757 804/1597/1758 805/1599/1759 75/1600/1760
f 75/1600/1761 805/1599/1762 806/1601/1763 76/1602/1764
f 76/1602/1765 806/1601/1766 807/1603/1767 77/1604/1768
f 77/1604/1769 807/1603/1770 808/1605/1771 78/1606/1772
f 78/1606/1773 808/1605/1774 809/1607/1775 79/1608/1776
f 79/1608/1777 809/1607/1778 810/1609/1779 80/1610/1780
f 80/1610/1781 810/1609/1782 811/1611/1783 81/1612/1784
f 81/1612/1785 811/1611/1786 812/1613/1787 82/1614/1788
f 82/1614/1789 812/1613/1790 813/1615/1791 83/1616/1792
f 83/1616/1793 813/1615/1794 814/1617/1795 84/1618/1796
f 84/1618/1797 814/1617/1798 815/1619/1799 85/1620/1800
f 85/1620/1801 815/1619/1802 816/1621/1803 86/1622/1804
f 86/1622/1805 816/1621/1806 817/1623/1807 87/1624/1808
f 87/1624/1809 817/1623/1810 818/1625/1811 88/1626/1812
f 88/1626/1813 818/1625/1814 819/1627/1815 89/1628/1816
f 89/1628/1817 819/1627/1818 820/1629/1819 90/1630/1820
f 90/1630/1821 820/1629/1822 821/1631/1823 91/1632/1824
f 91/1632/1825 821/1631/1826 822/1633/1827 92/1634/1828
f 92/1634/1829 822/1633/1830 823/1635/1831 93/1636/1832
f 93/1636/1833 823/1635/1834 824/1637/1835 94/1638/1836
f 94/1638/1837 824/1637/1838 825/1639/1839 95/1640/1840
f 95/1640/1841 825/1639/1842 826/1641/1843 96/1642/1844
f 96/1642/1845 826/1641/1846 827/1643/1847 97/1644/1848
f 97/1644/1849 827/1643/1850 828/1645/1851 98/1646/1852
f 98/1646/1853 828/1645/1854 829/1647/1855 99/1648/1856
f 99/1648/1857 829/1647/1858 830/1649/1859 100/1650/1860
f 100/1650/1861 830/1649/1862 831/1651/1863 101/1652/1864
f 101/1652/1865 831/1651/1866 832/1653/1867 102/1654/1868
f 102/1654/1869 832/1653/1870 833/1655/1871 103/1656/1872
f 103/1656/1873 833/1655/1874 834/1657/1875 104/1658/1876
f 104/1658/1877 834/1657/1878 835/1659/1879 105/1660/1880
f 105/1660/1881 835/1659/1882 836/1661/1883 106/1662/1884
f 106/1662/1885 836/1661/1886 837/1663/1887 107/1664/1888
f 107/1664/1889 837/1663/1890 838/1665/1891 108/1666/1892
f 108/1666/1893 838/1665/1894 839/1667/1895 109/1668/1896
f 109/1668/1897 839/1667/1898 840/1669/1899 110/1670/1900
f 110/1670/1901 840/1669/1902 841/1671/1903 111/1672/1904
f 111/1672/1905 841/1671/1906 842/1673/1907 112/1674/1908
f 112/1674/1909 842/1673/1910 843/1675/1911 113/1676/1912
f 113/1676/1913 843/1675/1914 844/1677/1915 114/1678/1916
f 114/1678/1917 844/1677/1918 845/1679/1919 115/1680/1920
f 115/1680/1921 845/1679/1922 846/1681/1923 116/1682/1924
f 116/1682/1925 846/1681/1926 847/1683/1927 117/1684/1928
f 117/1684/1929 847/1683/1930 848/1685/1931 118/1686/1932
f 118/1686/1933 848/1685/1934 849/1687/1935 119/1688/1936
f 119/1688/1937 849/1687/1938 850/1689/1939 120/1690/1940
f 120/1690/1941 850/1689/1942 851/1691/1943 121/1692/1944
f 121/1692/1945 851/1691/1946 852/1693/1947 122/1694/1948
f 122/1694/1949 852/1693/1950 853/1695/1951 123/1696/1952
f 123/1696/1953 853/1695/1954 854/1697/1955 124/1698/1956
f 124/1698/1957 854/1697/1958 855/1699/1959 125/1700/1960
f 125/1700/1961 855/1699/1962 856/1701/1963 126/1702/1964
f 126/1702/1965 856/1701/1966 857/1703/1967 127/1704/1968
f 127/1704/1969 857/1703/1970 858/1705/1971 128/1706/1972
f 128/1706/1973 858/1705/1974 859/1707/1975 129/1708/1976
f 129/1708/1977 859/1707/1978 860/1709/1979 130/1710/1980
f 130/1710/1981 860/1709/1982 861/1711/1983 131/1712/1984
f 131/1712/1985 861/1711/1986 862/1713/1987 132/1714/1988
f 132/1714/1989 862/1713/1990 863/1715/1991 133/1716/1992
f 133/1716/1993 863/1715/1994 864/1717/1995 134/1718/1996
f 134/1718/1997 864/1717/1998 865/1719/1999 135/1720/2000
f 135/1720/2001 865/1719/2002 866/1721/2003 136/1722/2004
f 136/1722/2005 866/1721/2006 867/1723/2007 137/1724/2008
f 137/1724/2009 867/1723/2010 868/1725/2011 138/1726/2012
f 138/1726/2013 868/1725/2014 869/1727/2015 139/1728/2016
f 139/1728/2017 869/1727/2018 870/1729/2019 140/1730/2020
f 140/1730/2021 870/1729/2022 871/1731/2023 141/1732/2024
f 141/1732/2025 871/1731/2026 872/1733/2027 142/1734/2028
f 142/1734/2029 872/1733/2030 873/1735/2031 143/1736/2032
f 143/1736/2033 873/1735/2034 874/1737/2035 144/1738/2036
f 144/1738/2037 874/1737/2038 875/1739/2039 145/1740/2040
f 145/1740/2041 875/1739/2042 876/1741/2043 146/1742/2044
f 146/1742/2045 876/1741/2046 877/1743/2047 147/1744/2048
f 147/1744/2049 877/1743/2050 878/1745/2051 148/1746/2052
f 148/1746/2053 878/1745/2054 879/1747/2055 149/1748/2056
f 149/1748/2057 879/1747/2058 880/1749/2059 150/1750/2060
f 150/1750/2061 880/1749/2062 881/1751/2063 151/1752/2064
f 151/1752/2065 881/1751/2066 882/1753/2067 152/1754/2068
f 152/1754/2069 882/1753/2070 883/1755/2071 153/1756/2072
f 153/1756/2073 883/1755/2074 884/1757/2075 154/1758/2076
f 154/1758/2077 884/1757/2078 885/1759/2079 155/1760/2080
f 155/1760/2081 885/1759/2082 886/1761/2083 156/1762/2084
f 156/1762/2085 886/1761/2086 887/1763/2087 157/1764/2088
f 157/1764/2089 887/1763/2090 888/1765/2091 158/1766/2092
f 158/1766/2093 888/1765/2094 889/1767/2095 159/1768/2096
f 159/1768/2097 889/1767/2098 890/1769/2099 160/1770/2100
f 160/1770/2101 890/1769/2102 891/1771/2103 161/1772/2104
f 161/1772/2105 891/1771/2106 892/1773/2107 162/1774/2108
f 162/1774/2109 892/1773/2110 893/1775/2111 163/1776/2112
f 163/1776/2113 893/1775/2114 894/1777/2115 164/1778/2116
f 164/1778/2117 894/1777/2118 895/1779/2119 165/1780/2120
f 165/1780/2121 895/1779/2122 896/1781/2123 166/1782/2124
f 166/1782/2125 896/1781/2126 897/1783/2127 167/1784/2128
f 167/1784/2129 897/1783/2130 898/1785/2131 168/1786/2132
f 168/1786/2133 898/1785/2134 899/1787/2135 169/1788/2136
f 169/1788/2137 899/1787/2138 900/1789/2139 170/1790/2140
f 170/1790/2141 900/1789/2142 901/1791/2143 171/1792/2144
f 171/1792/2145 901/1791/2146 902/1793/2147 172/1794/2148
f 172/1794/2149 902/1793/2150 903/1795/2151 173/1796/2152
f 173/1796/2153 903/1795/2154 904/1797/2155 174/1798/2156
f 174/1798/2157 904/1797/2158 905/1799/2159 175/1800/2160
f 175/1800/2161 905/1799/2162 906/1801/2163 176/1802/2164
f 176/1802/2165 906/1801/2166 907/1803/2167 177/1804/2168
f 177/1804/2169 907/1803/2170 908/1805/2171 178/1806/2172
f 178/1806/2173 908/1805/2174 909/1807/2175 179/1808/2176
f 179/1808/2177 909/1807/2178 910/1809/2179 180/1810/2180
f 180/1810/2181 910/1809/2182 911/1811/2183 181/1812/2184
f 181/1812/2185 911/1811/2186 912/1813/2187 182/1814/2188
f 182/1814/2189 912/1813/2190 913/1815/2191 183/1816/2192
f 183/1816/2193 913/1815/2194 914/1817/2195 184/1818/2196
f 184/1818/2197 914/1817/2198 915/1819/2199 185/1820/2200
f 185/1820/2201 915/1819/2202 916/1821/2203 186/1822/2204
f 186/1822/2205 916/1821/2206 917/1823/2207 187/1824/2208
f 187/1824/2209 917/1823/2210 918/1825/2211 188/1826/2212
f 188/1826/2213 918/1825/2214 919/1827/2215 189/1828/2216
f 189/1828/2217 919/1827/2218 920/1829/2219 190/1830/2220
f 190/1830/2221 920/1829/2222 921/1831/2223 191/1832/2224
f 191/1832/2225 921/1831/2226 922/1833/2227 192/1834/2228
f 192/1834/2229 922/1833/2230 923/1835/2231 193/1836/2232
f 193/1836/2233 923/1835/2234 924/1837/2235 194/1838/2236
f 194/1838/2237 924/1837/2238 925/1839/2239 195/1840/2240
f 195/1840/2241 925/1839/2242 926/1841/2243 196/1842/2244
f 196/1842/2245 926/1841/2246 927/1843/2247 197/1844/2248
f 197/1844/2249 927/1843/2250 928/1845/2251 198/1846/2252
f 198/1846/2253 928/1845/2254 929/1847/2255 199/1848/2256
f 199/1848/2257 929/1847/2258 930/1849/2259 200/1850/2260
f 200/1850/2261 930/1849/2262 931/1851/2263 201/1852/2264
f 201/1852/2265 931/1851/2266 932/1853/2267 202/1854/2268
f 202/1854/2269 932/1853/2270 933/1855/2271 203/1856/2272
f 203/1856/2273 933/1855/2274 934/1857/2275 204/1858/2276
f 204/1858/2277 934/1857/2278 935/1859/2279 205/1860/2280
f 205/1860/2281 935/1859/2282 936/1861/2283 206/1862/2284
f 206/1862/2285 936/1861/2286 937/1863/2287 207/1864/2288
f 207/1864/2289 937/1863/2290 938/1865/2291 208/1866/2292
f 208/1866/2293 938/1865/2294 939/1867/2295 209/1868/2296
f 209/1868/2297 939/1867/2298 940/1869/2299 210/1870/2300
f 210/1870/2301 940/1869/2302 941/1871/2303 211/1872/2304
f 211/1872/2305 941/1871/2306 942/1873/2307 212/1874/2308
f 212/1874/2309 942/1873/2310 943/1875/2311 213/1876/2312
f 213/1876/2313 943/1875/2314 944/1877/2315 214/1878/2316
f 214/1878/2317 944/1877/2318 945/1879/2319 215/1880/2320
f 215/1880/2321 945/1879/2322 946/1881/2323 216/1882/2324
f 216/1882/2325 946/1881/2326 947/1883/2327 217/1884/2328
f 217/1884/2329 947/1883/2330 948/1885/2331 218/1886/2332
f 218/1886/2333 948/1885/2334 949/1887/2335 219/1888/2336
f 219/1888/2337 949/1887/2338 950/1889/2339 220/1890/2340
f 220/1890/2341 950/1889/2342 951/1891/2343 221/1892/2344
f 221/1892/2345 951/1891/2346 952/1893/2347 222/1894/2348
f 222/1894/2349 952/1893/2350 953/1895/2351 223/1896/2352
f 223/1896/2353 953/1895/2354 954/1897/2355 224/1898/2356
f 224/1898/2357 954/1897/2358 955/1899/2359 225/1900/2360
f 225/1900/2361 955/1899/2362 956/1901/2363 226/1902/2364
f 226/1902/2365 956/1901/2366 957/1903/2367 227/1904/2368
f 227/1904/2369 957/1903/2370 958/1905/2371 228/1906/2372
f 228/1906/2373 958/1905/2374 959/1907/2375 229/1908/2376
f 229/1908/2377 959/1907/2378 960/1909/2379 230/1910/2380
f 230/1910/2381 960/1909/2382 961/1911/2383 231/1912/2384
f 231/1912/2385 961/1911/2386 962/1913/2387 232/1914/2388
f 232/1914/2389 962/1913/2390 963/1915/2391 233/1916/2392
f 233/1916/2393 963/1915/2394 964/1917/2395 234/1918/2396
f 234/1918/2397 964/1917/2398 965/1919/2399 235/1920/2400
f 235/1920/2401 965/1919/2402 966/1921/2403 236/1922/2404
f 236/1922/2405 966/1921/2406 967/1923/2407 237/1924/2408
f 237/1924/2409 967/1923/2410 968/1925/2411 238/1926/2412
f 238/1926/2413 968/1925/2414 969/1927/2415 239/1928/2416
f 239/1928/2417 969/1927/2418 970/1929/2419 240/1930/2420
f 240/1930/2421 970/1929/2422 971/1931/2423 241/1932/2424
f 241/241/2425 971/983/2426 972/982/2427 242/242/2428
f 242/242/2429 972/982/2430 973/981/2431 243/243/2432
f 243/243/2433 973/981/2434 974/980/2435 244/244/2436
f 244/244/2437 974/980/2438 975/979/2439 245/245/2440
f 245/245/2441 975/979/2442 976/978/2443 246/246/2444
f 246/246/2445 976/978/2446 977/977/2447 247/247/2448
f 247/247/2449 977/977/2450 978/976/2451 248/248/2452
f 248/248/2453 978/976/2454 979/975/2455 249/249/2456
f 249/249/2457 979/975/2458 980/974/2459 250/250/2460
f 250/250/2461 980/974/2462 981/973/2463 251/251/2464
f 251/251/2465 981/973/2466 982/972/2467 252/252/2468
f 252/252/2469 982/972/2470 983/971/2471 253/253/2472
f 253/253/2473 983/971/2474 984/970/2475 254/254/2476
f 254/254/2477 984/970/2478 985/969/2479 255/255/2480
f 255/255/2481 985/969/2482 986/968/2483 256/256/2484
f 256/256/2485 986/968/2486 987/967/2487 257/257/2488
f 257/257/2489 987/967/2490 988/966/2491 258/258/2492
f 258/258/2493 988/966/2494 989/965/2495 259/259/2496
f 259/259/2497 989/965/2498 990/964/2499 260/260/2500
f 260/260/2501 990/964/2502 991/963/2503 261/261/2504
f 261/261/2505 991/963/2506 992/962/2507 262/262/2508
f 262/262/2509 992/962/2510 993/961/2511 263/263/2512
f 263/263/2513 993/961/2514 994/960/2515 264/264/2516
f 264/264/2517 994/960/2518 995/959/2519 265/265/2520
f 265/265/2521 995/959/2522 996/958/2523 266/266/2524
f 266/266/2525 996/958/2526 997/957/2527 267/267/2528
f 267/267/2529 997/957/2530 998/956/2531 268/268/2532
f 268/268/2533 998/956/2534 999/955/2535 269/269/2536
f 269/269/2537 999/955/2538 1000/954/2539 270/270/2540
f 270/270/2541 1000/954/2542 1001/953/2543 271/271/2544
f 271/271/2545 1001/953/2546 1002/952/2547 272/272/2548
f 272/272/2549 1002/952/2550 1003/951/2551 273/273/2552
f 273/273/2553 1003/951/2554 1004/950/2555 274/274/2556
f 274/274/2557 1004/950/2558 1005/949/2559 275/275/2560
f 275/275/2561 1005/949/2562 1006/948/2563 276/276/2564
f 276/276/2565 1006/948/2566 1007/947/2567 277/277/2568
f 277/277/2569 1007/947/2570 1008/946/2571 278/278/2572
f 278/278/2573 1008/946/2574 1009/945/2575 279/279/2576
f 279/279/2577 1009/945/2578 1010/944/2579 280/280/2580
f 280/280/2581 1010/944/2582 1011/943/2583 281/281/2584
f 281/281/2585 1011/943/2586 1012/942/2587 282/282/2588
f 282/282/2589 1012/942/2590 1013/941/2591 283/283/2592
f 283/283/2593 1013/941/2594 1014/940/2595 284/284/2596
f 284/284/2597 1014/940/2598 1015/939/2599 285/285/2600
f 285/285/2601 1015/939/2602 1016/938/2603 286/286/2604
f 286/286/2605 1016/938/2606 1017/937/2607 287/287/2608
f 287/287/2609 1017/937/2610 1018/936/2611 288/288/2612
f 288/288/2613 1018/936/2614 1019/935/2615 289/289/2616
f 289/289/2617 1019/935/2618 1020/934/2619 290/290/2620
f 290/290/2621 1020/934/2622 1021/933/2623 291/291/2624
f 291/291/2625 1021/933/2626 1022/932/2627 292/292/2628
f 292/292/2629 1022/932/2630 1023/931/2631 293/293/2632
f 293/293/2633 1023/931/2634 1024/930/2635 294/294/2636
f 294/294/2637 1024/930/2638 1025/929/2639 295/295/2640
f 295/295/2641 1025/929/2642 1026/928/2643 296/296/2644
f 296/296/2645 1026/928/2646 1027/927/2647 297/297/2648
f 297/297/2649 1027/927/2650 1028/926/2651 298/298/2652
f 298/298/2653 1028/926/2654 1029/925/2655 299/299/2656
f 299/299/2657 1029/925/2658 1030/924/2659 300/300/2660
f 300/300/2661 1030/924/2662 1031/923/2663 301/301/2664
f 301/301/2665 1031/923/2666 1032/922/2667 302/302/2668
f 302/302/2669 1032/922/2670 1033/921/2671 303/303/2672
f 303/303/2673 1033/921/2674 1034/920/2675 304/304/2676
f 304/304/2677 1034/920/2678 1035/919/2679 305/305/2680
f 305/305/2681 1035/919/2682 1036/918/2683 306/306/2684
f 306/306/2685 1036/918/2686 1037/917/2687 307/307/2688
f 307/307/2689 1037/917/2690 1038/916/2691 308/308/2692
f 308/308/2693 1038/916/2694 1039/915/2695 309/309/2696
f 309/309/2697 1039/915/2698 1040/914/2699 310/310/2700
f 310/310/2701 1040/914/2702 1041/913/2703 311/311/2704
f 311/311/2705 1041/913/2706 1042/912/2707 312/312/2708
f 312/312/2709 1042/912/2710 1043/911/2711 313/313/2712
f 313/313/2713 1043/911/2714 1044/910/2715 314/314/2716
f 314/314/2717 1044/910/2718 1045/909/2719 315/315/2720
f 315/315/2721 1045/909/2722 1046/908/2723 316/316/2724
f 316/316/2725 1046/908/2726 1047/907/2727 317/317/2728
f 317/317/2729 1047/907/2730 1048/906/2731 318/318/2732
f 318/318/2733 1048/906/2734 1049/905/2735 319/319/2736
f 319/319/2737 1049/905/2738 1050/904/2739 320/320/2740
f 320/320/2741 1050/904/2742 1051/903/2743 321/321/2744
f 321/321/2745 1051/903/2746 1052/902/2747 322/322/2748
f 322/322/2749 1052/902/2750 1053/901/2751 323/323/2752
f 323/323/2753 1053/901/2754 1054/900/2755 324/324/2756
f 324/324/2757 1054/900/2758 1055/899/2759 325/325/2760
f 325/325/2761 1055/899/2762 1056/898/2763 326/326/2764
f 326/326/2765 1056/898/2766 1057/897/2767 327/327/2768
f 327/327/2769 1057/897/2770 1058/896/2771 328/328/2772
f 328/328/2773 1058/896/2774 1059/895/2775 329/329/2776
f 329/329/2777 1059/895/2778 1060/894/2779 330/330/2780
f 330/330/2781 1060/894/2782 1061/893/2783 331/331/2784
f 331/331/2785 1061/893/2786 1062/892/2787 332/332/2788
f 332/332/2789 1062/892/2790 1063/891/2791 333/333/2792
f 333/333/2793 1063/891/2794 1064/890/2795 334/334/2796
f 334/334/2797 1064/890/2798 1065/889/2799 335/335/2800
f 335/335/2801 1065/889/2802 1066/888/2803 336/336/2804
f 336/336/2805 1066/888/2806 1067/887/2807 337/337/2808
f 337/337/2809 1067/887/2810 1068/886/2811 338/338/2812
f 338/338/2813 1068/886/2814 1069/885/2815 339/339/2816
f 339/339/2817 1069/885/2818 1070/884/2819 340/340/2820
f 340/340/2821 1070/884/2822 1071/883/2823 341/341/2824
f 341/341/2825 1071/883/2826 1072/882/2827 342/342/2828
f 342/342/2829 1072/882/2830 1073/881/2831 343/343/2832
f 343/343/2833 1073/881/2834 1074/880/2835 344/344/2836
f 344/344/2837 1074/880/2838 1075/879/2839 345/345/2840
f 345/345/2841 1075/879/2842 1076/878/2843 346/346/2844
f 346/346/2845 1076/878/2846 1077/877/2847 347/347/2848
f 347/347/2849 1077/877/2850 1078/876/2851 348/348/2852
f 348/348/2853 1078/876/2854 1079/875/2855 349/349/2856
f 349/349/2857 1079/875/2858 1080/874/2859 350/350/2860
f 350/350/2861 1080/874/2862 1081/873/2863 351/351/2864
f 351/351/2865 1081/873/2866 1082/872/2867 352/352/2868
f 352/352/2869 1082/872/2870 1083/871/2871 353/353/2872
f 353/353/2873 1083/871/2874 1084/870/2875 354/354/2876
f 354/354/2877 1084/870/2878 1085/869/2879 355/355/2880
f 355/355/2881 1085/869/2882 1086/868/2883 356/356/2884
f 356/356/2885 1086/868/2886 1087/867/2887 357/357/2888
f 357/357/2889 1087/867/2890 1088/866/2891 358/358/2892
f 358/358/2893 1088/866/2894 1089/865/2895 359/359/2896
f 359/359/2897 1089/865/2898 1090/864/2899 360/360/2900
f 360/360/2901 1090/864/2902 1091/863/2903 361/361/2904
f 361/361/2905 1091/863/2906 1092/862/2907 362/362/2908
f 362/362/2909 1092/862/2910 1093/861/2911 363/363/2912
f 363/363/2913 1093/861/2914 1094/860/2915 364/364/2916
f 364/364/2917 1094/860/2918 1095/859/2919 365/365/2920
f 365/365/2921 1095/859/2922 1096/858/2923 366/366/2924
f 366/366/2925 1096/858/2926 1097/857/2927 367/367/2928
f 367/367/2929 1097/857/2930 1098/856/2931 368/368/2932
f 368/368/2933 1098/856/2934 1099/855/2935 369/369/2936
f 369/369/2937 1099/855/2938 1100/854/2939 370/370/2940
f 370/370/2941 1100/854/2942 1101/853/2943 371/371/2944
f 371/371/2945 1101/853/2946 1102/852/2947 372/372/2948
f 372/372/2949 1102/852/2950 1103/851/2951 373/373/2952
f 373/373/2953 1103/851/2954 1104/850/2955 374/374/2956
f 374/374/2957 1104/850/2958 1105/849/2959 375/375/2960
f 375/375/2961 1105/849/2962 1106/848/2963 376/376/2964
f 376/376/2965 1106/848/2966 1107/847/2967 377/377/2968
f 377/377/2969 1107/847/2970 1108/846/2971 378/378/2972
f 378/378/2973 1108/846/2974 1109/845/2975 379/379/2976
f 379/379/2977 1109/845/2978 1110/844/2979 380/380/2980
f 380/380/2981 1110/844/2982 1111/843/2983 381/381/2984
f 381/381/2985 1111/843/2986 1112/842/2987 382/382/2988
f 382/382/2989 1112/842/2990 1113/841/2991 383/383/2992
f 383/383/2993 1113/841/2994 1114/840/2995 384/384/2996
f 384/384/2997 1114/840/2998 1115/839/2999 385/385/3000
f 385/385/3001 1115/839/3002 1116/838/3003 386/386/3004
f 386/386/3005 1116/838/3006 1117/837/3007 387/387/3008
f 387/387/3009 1117/837/3010 1118/836/3011 388/388/3012
f 388/388/3013 1118/836/3014 1119/835/3015 389/389/3016
f 389/389/3017 1119/835/3018 1120/834/3019 390/390/3020
f 390/390/3021 1120/834/3022 1121/833/3023 391/391/3024
f 391/391/3025 1121/833/3026 1122/832/3027 392/392/3028
f 392/392/3029 1122/832/3030 1123/831/3031 393/393/3032
f 393/393/3033 1123/831/3034 1124/830/3035 394/394/3036
f 394/394/3037 1124/830/3038 1125/829/3039 395/395/3040
f 395/395/3041 1125/829/3042 1126/828/3043 396/396/3044
f 396/396/3045 1126/828/3046 1127/827/3047 397/397/3048
f 397/397/3049 1127/827/3050 1128/826/3051 398/398/3052
f 398/398/3053 1128/826/3054 1129/825/3055 399/399/3056
f 399/399/3057 1129/825/3058 1130/824/3059 400/400/3060
f 400/400/3061 1130/824/3062 1131/823/3063 401/401/3064
f 401/401/3065 1131/823/3066 1132/822/3067 402/402/3068
f 402/402/3069 1132/822/3070 1133/821/3071 403/403/3072
f 403/403/3073 1133/821/3074 1134/820/3075 404/404/3076
f 404/404/3077 1134/820/3078 1135/819/3079 405/405/3080
f 405/405/3081 1135/819/3082 1136/818/3083 406/406/3084
f 406/406/3085 1136/818/3086 1137/817/3087 407/407/3088
f 407/407/3089 1137/817/3090 1138/816/3091 408/408/3092
f 408/408/3093 1138/816/3094 1139/815/3095 409/409/3096
f 409/409/3097 1139/815/3098 1140/814/3099 410/410/3100
f 410/410/3101 1140/814/3102 1141/813/3103 411/411/3104
f 411/411/3105 1141/813/3106 1142/812/3107 412/412/3108
f 412/412/3109 1142/812/3110 1143/811/3111 413/413/3112
f 413/413/3113 1143/811/3114 1144/810/3115 414/414/3116
f 414/414/3117 1144/810/3118 1145/809/3119 415/415/3120
f 415/415/3121 1145/809/3122 1146/808/3123 416/416/3124
f 416/416/3125 1146/808/3126 1147/807/3127 417/417/3128
f 417/417/3129 1147/807/3130 1148/806/3131 418/418/3132
f 418/418/3133 1148/806/3134 1149/805/3135 419/419/3136
f 419/419/3137 1149/805/3138 1150/804/3139 420/420/3140
f 420/420/3141 1150/804/3142 1151/803/3143 421/421/3144
f 421/421/3145 1151/803/3146 1152/802/3147 422/422/3148
f 422/422/3149 1152/802/3150 1153/801/3151 423/423/3152
f 423/423/3153 1153/801/3154 1154/800/3155 424/424/3156
f 424/424/3157 1154/800/3158 1155/799/3159 425/425/3160
f 425/425/3161 1155/799/3162 1156/798/3163 426/426/3164
f 426/426/3165 1156/798/3166 1157/797/3167 427/427/3168
f 427/427/3169 1157/797/3170 1158/796/3171 428/428/3172
f 428/428/3173 1158/796/3174 1159/795/3175 429/429/3176
f 429/429/3177 1159/795/3178 1160/794/3179 430/430/3180
f 430/430/3181 1160/794/3182 1161/793/3183 431/431/3184
f 431/431/3185 1161/793/3186 1162/792/3187 432/432/3188
f 432/432/3189 1162/792/3190 1163/791/3191 433/433/3192
f 433/433/3193 1163/791/3194 1164/790/3195 434/434/3196
f 434/434/3197 1164/790/3198 1165/789/3199 435/435/3200
f 435/435/3201 1165/789/3202 1166/788/3203 436/436/3204
f 436/436/3205 1166/788/3206 1167/787/3207 437/437/3208
f 437/437/3209 1167/787/3210 1168/786/3211 438/438/3212
f 438/438/3213 1168/786/3214 1169/785/3215 439/439/3216
f 439/439/3217 1169/785/3218 1170/784/3219 440/440/3220
f 440/440/3221 1170/784/3222 1171/783/3223 441/441/3224
f 441/441/3225 1171/783/3226 1172/782/3227 442/442/3228
f 442/442/3229 1172/782/3230 1173/781/3231 443/443/3232
f 443/443/3233 1173/781/3234 1174/780/3235 444/444/3236
f 444/444/3237 1174/780/3238 1175/779/3239 445/445/3240
f 445/1933/3241 1175/1934/3242 1176/1935/3243 446/1936/3244
f 446/1936/3245 1176/1935/3246 1177/1937/3247 447/1938/3248
f 447/1938/3249 1177/1937/3250 1178/1939/3251 448/1940/3252
f 448/1940/3253 1178/1939/3254 1179/1941/3255 449/1942/3256
f 449/1942/3257 1179/1941/3258 1180/1943/3259 450/1944/3260
f 450/1944/3261 1180/1943/3262 1181/1945/3263 451/1946/3264
f 451/1946/3265 1181/1945/3266 1182/1947/3267 452/1948/3268
f 452/1948/3269 1182/1947/3270 1183/1536/3271 453/1535/3272
f 453/1535/3273 1183/1536/3274 773/1536/3275 43/1535/3276
f 454/453/3277 1184/1181/3278 1185/1370/3279 455/454/3280
f 455/454/3281 1185/1370/3282 1186/1369/3283 456/455/3284
f 456/455/3285 1186/1369/3286 1187/1368/3287 457/456/3288
f 457/456/3289 1187/1368/3290 1188/1367/3291 458/457/3292
f 458/457/3293 1188/1367/3294 1189/1366/3295 459/458/3296
f 459/458/3297 1189/1366/3298 1190/1365/3299 460/459/3300
f 460/459/3301 1190/1365/3302 1191/1364/3303 461/460/3304
f 461/460/3305 1191/1364/3306 1192/1363/3307 462/461/3308
f 462/461/3309 1192/1363/3310 1193/1362/3311 463/462/3312
f 463/462/3313 1193/1362/3314 1194/1361/3315 464/463/3316
f 464/463/3317 1194/1361/3318 1195/1360/3319 465/464/3320
f 465/464/3321 1195/1360/3322 1196/1359/3323 466/465/3324
f 466/465/3325 1196/1359/3326 1197/1358/3327 467/466/3328
f 467/466/3329 1197/1358/3330 1198/1357/3331 468/467/3332
f 468/467/3333 1198/1357/3334 1199/1356/3335 469/468/3336
f 469/468/3337 1199/1356/3338 1200/1355/3339 470/469/3340
f 470/469/3341 1200/1355/3342 1201/1354/3343 471/470/3344
f 471/470/3345 1201/1354/3346 1202/1353/3347 472/471/3348
f 472/471/3349 1202/1353/3350 1203/1352/3351 473/472/3352
f 473/472/3353 1203/1352/3354 1204/1351/3355 474/473/3356
f 474/473/3357 1204/1351/3358 1205/1350/3359 475/474/3360
f 475/474/3361 1205/1350/3362 1206/1349/3363 476/475/3364
f 476/475/3365 1206/1349/3366 1207/1348/3367 477/476/3368
f 477/476/3369 1207/1348/3370 1208/1347/3371 478/477/3372
f 478/477/3373 1208/1347/3374 1209/1346/3375 479/478/3376
f 479/478/3377 1209/1346/3378 1210/1345/3379 480/479/3380
f 480/479/3381 1210/1345/3382 1211/1344/3383 481/480/3384
f 481/480/3385 1211/1344/3386 1212/1343/3387 482/481/3388
f 482/481/3389 1212/1343/3390 1213/1342/3391 483/482/3392
f 483/482/3393 1213/1342/3394 1214/1341/3395 484/483/3396
f 484/483/3397 1214/1341/3398 1215/1340/3399 485/484/3400
f 485/484/3401 1215/1340/3402 1216/1339/3403 486/485/3404
f 486/485/3405 1216/1339/3406 1217/1338/3407 487/486/3408
f 487/486/3409 1217/1338/3410 1218/1337/3411 488/487/3412
f 488/487/3413 1218/1337/3414 1219/1336/3415 489/488/3416
f 489/488/3417 1219/1336/3418 1220/1335/3419 490/489/3420
f 490/489/3421 1220/1335/3422 1221/1334/3423 491/490/3424
f 491/490/3425 1221/1334/3426 1222/1333/3427 492/491/3428
f 492/491/3429 1222/1333/3430 1223/1332/3431 493/492/3432
f 493/492/3433 1223/1332/3434 1224/1331/3435 494/493/3436
f 494/493/3437 1224/1331/3438 1225/1330/3439 495/494/3440
f 495/494/3441 1225/1330/3442 1226/1329/3443 496/495/3444
f 496/495/3445 1226/1329/3446 1227/1328/3447 497/496/3448
f 497/496/3449 1227/1328/3450 1228/1327/3451 498/497/3452
f 498/497/3453 1228/1327/3454 1229/1326/3455 499/498/3456
f 499/498/3457 1229/1326/3458 1230/1325/3459 500/499/3460
f 500/499/3461 1230/1325/3462 1231/1324/3463 501/500/3464
f 501/500/3465 1231/1324/3466 1232/1323/3467 502/501/3468
f 502/501/3469 1232/1323/3470 1233/1322/3471 503/502/3472
f 503/502/3473 1233/1322/3474 1234/1321/3475 504/503/3476
f 504/503/3477 1234/1321/3478 1235/1320/3479 505/504/3480
f 505/504/3481 1235/1320/3482 1236/1319/3483 506/505/3484
f 506/505/3485 1236/1319/3486 1237/1318/3487 507/506/3488
f 507/506/3489 1237/1318/3490 1238/1317/3491 508/507/3492
f 508/507/3493 1238/1317/3494 1239/1316/3495 509/508/3496
f 509/508/3497 1239/1316/3498 1240/1315/3499 510/509/3500
f 510/509/3501 1240/1315/3502 1241/1314/3503 511/510/3504
f 511/510/3505 1241/1314/3506 1242/1313/3507 512/511/3508
f 512/511/3509 1242/1313/3510 1243/1312/3511 513/512/3512
f 513/512/3513 1243/1312/3514 1244/1311/3515 514/513/3516
f 514/513/3517 1244/1311/3518 1245/1310/3519 515/514/3520
f 515/514/3521 1245/1310/3522 1246/1309/3523 516/515/3524
f 516/515/3525 1246/1309/3526 1247/1308/3527 517/516/3528
f 517/516/3529 1247/1308/3530 1248/1307/3531 518/517/3532
f 518/517/3533 1248/1307/3534 1249/1306/3535 519/518/3536
f 519/518/3537 1249/1306/3538 1250/1305/3539 520/519/3540
f 520/519/3541 1250/1305/3542 1251/1304/3543 521/520/3544
f 521/520/3545 1251/1304/3546 1252/1303/3547 522/521/3548
f 522/521/3549 1252/1303/3550 1253/1302/3551 523/522/3552
f 523/522/3553 1253/1302/3554 1254/1301/3555 524/523/3556
f 524/523/3557 1254/1301/3558 1255/1300/3559 525/524/3560
f 525/524/3561 1255/1300/3562 1256/1299/3563 526/525/3564
f 526/525/3565 1256/1299/3566 1257/1298/3567 527/526/3568
f 527/526/3569 1257/1298/3570 1258/1297/3571 528/527/3572
f 528/527/3573 1258/1297/3574 1259/1296/3575 529/528/3576
f 529/528/3577 1259/1296/3578 1260/1295/3579 530/529/3580
f 530/529/3581 1260/1295/3582 1261/1294/3583 531/530/3584
f 531/530/3585 1261/1294/3586 1262/1293/3587 532/531/3588
f 532/531/3589 1262/1293/3590 1263/1292/3591 533/532/3592
f 533/532/3593 1263/1292/3594 1264/1291/3595 534/533/3596
f 534/533/3597 1264/1291/3598 1265/1290/3599 535/534/3600
f 535/534/3601 1265/1290/3602 1266/1289/3603 536/535/3604
f 536/535/3605 1266/1289/3606 1267/1288/3607 537/536/3608
f 537/536/3609 1267/1288/3610 1268/1287/3611 538/537/3612
f 538/537/3613 1268/1287/3614 1269/1286/3615 539/538/3616
f 539/538/3617 1269/1286/3618 1270/1285/3619 540/539/3620
f 540/539/3621 1270/1285/3622 1271/1284/3623 541/540/3624
f 541/540/3625 1271/1284/3626 1272/1283/3627 542/541/3628
f 542/541/3629 1272/1283/3630 1273/1282/3631 543/542/3632
f 543/542/3633 1273/1282/3634 1274/1281/3635 544/543/3636
f 544/543/3637 1274/1281/3638 1275/1280/3639 545/544/3640
f 545/544/3641 1275/1280/3642 1276/1279/3643 546/545/3644
f 546/545/3645 1276/1279/3646 1277/1278/3647 547/546/3648
f 547/546/3649 1277/1278/3650 1278/1277/3651 548/547/3652
f 548/547/3653 1278/1277/3654 1279/1276/3655 549/548/3656
f 549/548/3657 1279/1276/3658 1280/1275/3659 550/549/3660
f 550/549/3661 1280/1275/3662 1281/1274/3663 551/550/3664
f 551/550/3665 1281/1274/3666 1282/1273/3667 552/551/3668
f 552/551/3669 1282/1273/3670 1283/1272/3671 553/552/3672
f 553/552/3673 1283/1272/3674 1284/1271/3675 554/553/3676
f 554/553/3677 1284/1271/3678 1285/1270/3679 555/554/3680
f 555/554/3681 1285/1270/3682 1286/1269/3683 556/555/3684
f 556/555/3685 1286/1269/3686 1287/1268/3687 557/556/3688
f 557/556/3689 1287/1268/3690 1288/1267/3691 558/557/3692
f 558/557/3693 1288/1267/3694 1289/1266/3695 559/558/3696
f 559/558/3697 1289/1266/3698 1290/1265/3699 560/559/3700
f 560/559/3701 1290/1265/3702 1291/1264/3703 561/560/3704
f 561/560/3705 1291/1264/3706 1292/1263/3707 562/561/3708
f 562/561/3709 1292/1263/3710 1293/1262/3711 563/562/3712
f 563/562/3713 1293/1262/3714 1294/1261/3715 564/563/3716
f 564/563/3717 1294/1261/3718 1295/1260/3719 565/564/3720
f 565/564/3721 1295/1260/3722 1296/1259/3723 566/565/3724
f 566/565/3725 1296/1259/3726 1297/1258/3727 567/566/3728
f 567/566/3729 1297/1258/3730 1298/1257/3731 568/567/3732
f 568/567/3733 1298/1257/3734 1299/1256/3735 569/568/3736
f 569/568/3737 1299/1256/3738 1300/1255/3739 570/569/3740
f 570/569/3741 1300/1255/3742 1301/1254/3743 571/570/3744
f 571/570/3745 1301/1254/3746 1302/1253/3747 572/571/3748
f 572/571/3749 1302/1253/3750 1303/1252/3751 573/572/3752
f 573/572/3753 1303/1252/3754 1304/1251/3755 574/573/3756
f 574/573/3757 1304/1251/3758 1305/1250/3759 575/574/3760
f 575/574/3761 1305/1250/3762 1306/1249/3763 576/575/3764
f 576/575/3765 1306/1249/3766 1307/1248/3767 577/576/3768
f 577/576/3769 1307/1248/3770 1308/1247/3771 578/577/3772
f 578/577/3773 1308/1247/3774 1309/1246/3775 579/578/3776
f 579/578/3777 1309/1246/3778 1310/1245/3779 580/579/3780
f 580/579/3781 1310/1245/3782 1311/1244/3783 581/580/3784
f 581/580/3785 1311/1244/3786 1312/1195/3787 582/581/3788
f 582/581/3789 1312/1195/3790 1361/1194/3791 583/630/3792
f 583/630/3793 1361/1194/3794 1362/1193/3795 584/631/3796
f 584/631/3797 1362/1193/3798 1363/1192/3799 585/632/3800
f 585/632/3801 1363/1192/3802 1364/1191/3803 586/633/3804
f 586/633/3805 1364/1191/3806 1365/1190/3807 587/634/3808
f 587/634/3809 1365/1190/3810 1366/1189/3811 588/635/3812
f 588/635/3813 1366/1189/3814 1367/1188/3815 589/636/3816
f 589/636/3817 1367/1188/3818 1368/1187/3819 590/637/3820
f 590/637/3821 1368/1187/3822 1369/1186/3823 591/638/3824
f 591/638/3825 1369/1186/3826 1370/1185/3827 592/639/3828
f 592/639/3829 1370/1185/3830 1371/1184/3831 593/640/3832
f 593/640/3833 1371/1184/3834 1372/1183/3835 594/641/3836
f 594/641/3837 1372/1183/3838 1373/1182/3839 595/642/3840
f 595/642/3841 1373/1182/3842 1184/1181/3843 454/453/3844
f 684/1949/3845 1313/1950/3846 1314/1951/3847 685/1952/3848
f 685/1952/3849 1314/1951/3850 1315/1953/3851 686/1954/3852
f 686/1954/3853 1315/1953/3854 1316/1955/3855 687/1956/3856
f 687/1956/3857 1316/1955/3858 1317/1957/3859 688/1958/3860
f 688/1958/3861 1317/1957/3862 1318/1959/3863 689/1960/3864
f 689/1960/3865 1318/1959/3866 1319/1961/3867 690/1962/3868
f 690/1962/3869 1319/1961/3870 1320/1963/3871 691/1964/3872
f 691/1964/3873 1320/1963/3874 1321/1965/3875 692/1966/3876
f 692/1966/3877 1321/1965/3878 1322/1967/3879 693/1968/3880
f 693/1968/3881 1322/1967/3882 1323/1969/3883 694/1970/3884
f 694/1970/3885 1323/1969/3886 1324/1971/3887 695/1972/3888
f 695/1972/3889 1324/1971/3890 1325/1973/3891 696/1974/3892
f 696/1974/3893 1325/1973/3894 1326/1975/3895 697/1976/3896
f 697/1976/3897 1326/1975/3898 1327/1977/3899 698/1978/3900
f 698/1978/3901 1327/1977/3902 1328/1979/3903 699/1980/3904
f 699/1980/3905 1328/1979/3906 1329/1981/3907 700/1982/3908
f 700/1982/3909 1329/1981/3910 1330/1983/3911 701/1984/3912
f 701/1984/3913 1330/1983/3914 1331/1985/3915 702/1986/3916
f 702/1986/3917 1331/1985/3918 1332/1987/3919 703/1988/3920
f 703/1988/3921 1332/1987/3922 1333/1989/3923 704/1990/3924
f 704/1990/3925 1333/1989/3926 1334/1991/3927 705/1992/3928
f 705/1992/3929 1334/1991/3930 1335/1993/3931 706/1994/3932
f 706/1994/3933 1335/1993/3934 1336/1995/3935 707/1996/3936
f 707/1996/3937 1336/1995/3938 1337/1997/3939 708/1998/3940
f 708/1998/3941 1337/1997/3942 1338/1999/3943 709/2000/3944
f 709/2000/3945 1338/1999/3946 1339/2001/3947 710/2002/3948
f 710/2002/3949 1339/2001/3950 1340/2003/3951 711/2004/3952
f 711/2004/3953 1340/2003/3954 1341/2005/3955 712/2006/3956
f 712/2006/3957 1341/2005/3958 1342/2007/3959 713/2008/3960
f 713/2008/3961 1342/2007/3962 1343/2009/3963 714/2010/3964
f 714/2010/3965 1343/2009/3966 1344/2011/3967 715/2012/3968
f 715/2012/3969 1344/2011/3970 1345/2013/3971 716/2014/3972
f 716/2014/3973 1345/2013/3974 1346/2015/3975 717/2016/3976
f 717/2016/3977 1346/2015/3978 1347/2017/3979 718/2018/3980
f 718/2018/3981 1347/2017/3982 1348/2019/3983 719/2020/3984
f 719/2020/3985 1348/2019/3986 1349/2021/3987 720/2022/3988
f 720/2022/3989 1349/2021/3990 1350/2023/3991 721/2024/3992
f 721/2024/3993 1350/2023/3994 1351/2025/3995 722/2026/3996
f 722/2026/3997 1351/2025/3998 1352/2027/3999 723/2028/4000
f 723/2028/4001 1352/2027/4002 1353/2029/4003 724/2030/4004
f 724/2030/4005 1353/2029/4006 1354/2031/4007 725/2032/4008
f 725/2032/4009 1354/2031/4010 1355/2033/4011 726/2034/4012
f 726/2034/4013 1355/2033/4014 1356/2035/4015 727/2036/4016
f 727/2036/4017 1356/2035/4018 1357/2037/4019 728/2038/4020
f 728/2038/4021 1357/2037/4022 1358/2039/4023 729/2040/4024
f 729/2040/4025 1358/2039/4026 1359/2041/4027 730/2042/4028
f 730/2042/4029 1359/2041/4030 1360/2043/4031 683/2044/4032
f 683/2045/4033 1360/2046/4034 1313/1950/4035 684/1949/4036
f 596/643/4037 1374/1371/4038 1375/1456/4039 597/644/4040
f 597/644/4041 1375/1456/4042 1376/1455/4043 598/645/4044
f 598/645/4045 1376/1455/4046 1377/1454/4047 599/646/4048
f 599/646/4049 1377/1454/4050 1378/1453/4051 600/647/4052
f 600/647/4053 1378/1453/4054 1379/1452/4055 601/648/4056
f 601/648/4057 1379/1452/4058 1380/1451/4059 602/649/4060
f 602/2047/4061 1380/2048/4062 1381/2049/4063 603/2050/4064
f 603/2050/4065 1381/2049/4066 1382/2051/4067 604/2052/4068
f 604/2052/4069 1382/2051/4070 1383/2053/4071 605/2054/4072
f 605/2054/4073 1383/2053/4074 1384/2055/4075 606/2056/4076
f 606/2056/4077 1384/2055/4078 1385/2057/4079 607/2058/4080
f 607/2058/4081 1385/2057/4082 1386/2059/4083 608/2060/4084
f 608/2060/4085 1386/2059/4086 1387/2061/4087 609/2062/4088
f 609/2062/4089 1387/2061/4090 1388/2063/4091 610/2064/4092
f 610/2064/4093 1388/2063/4094 1389/2065/4095 611/2066/4096
f 611/2066/4097 1389/2065/4098 1390/2065/4099 612/2066/4100
f 612/2066/4101 1390/2065/4102 1391/2067/4103 613/2068/4104
f 613/2068/4105 1391/2067/4106 1392/2069/4107 614/2070/4108
f 614/2070/4109 1392/2069/4110 1393/2071/4111 615/2072/4112
f 615/2072/4113 1393/2071/4114 1394/2073/4115 616/2074/4116
f 616/2074/4117 1394/2073/4118 1395/2075/4119 617/2076/4120
f 617/2076/4121 1395/2075/4122 1396/2077/4123 618/2078/4124
f 618/2078/4125 1396/2077/4126 1397/2079/4127 619/2080/4128
f 619/2080/4129 1397/2079/4130 1398/2081/4131 620/2082/4132
f 620/2082/4133 1398/2081/4134 1399/2083/4135 621/2084/4136
f 621/2084/4137 1399/2083/4138 1400/2085/4139 622/2086/4140
f 622/2086/4141 1400/2085/4142 1401/2087/4143 623/2088/4144
f 623/2088/4145 1401/2087/4146 1402/2089/4147 624/2090/4148
f 624/2090/4149 1402/2089/4150 1403/2091/4151 625/2092/4152
f 625/2092/4153 1403/2091/4154 1404/2093/4155 626/2094/4156
f 626/2094/4157 1404/2093/4158 1405/2095/4159 627/2096/4160
f 627/2096/4161 1405/2095/4162 1406/2097/4163 628/2098/4164
f 628/2098/4165 1406/2097/4166 1407/2099/4167 629/2100/4168
f 629/2100/4169 1407/2099/4170 1408/2101/4171 630/2102/4172
f 630/2102/4173 1408/2101/4174 1409/2103/4175 631/2104/4176
f 631/2104/4177 1409/2103/4178 1410/2105/4179 632/2106/4180
f 632/2106/4181 1410/2105/4182 1411/2107/4183 633/2108/4184
f 633/2108/4185 1411/2107/4186 1412/2109/4187 634/2110/4188
f 634/2110/4189 1412/2109/4190 1413/2111/4191 635/2112/4192
f 635/2112/4193 1413/2111/4194 1414/2113/4195 636/2114/4196
f 636/2114/4197 1414/2113/4198 1415/2115/4199 637/2116/4200
f 637/2116/4201 1415/2115/4202 1416/2117/4203 638/2118/4204
f 638/2118/4205 1416/2117/4206 1417/2119/4207 639/2120/4208
f 639/2120/4209 1417/2119/4210 1418/2121/4211 640/2122/4212
f 640/2122/4213 1418/2121/4214 1419/2123/4215 641/2124/4216
f 641/2124/4217 1419/2123/4218 1420/2125/4219 642/2126/4220
f 642/2126/4221 1420/2125/4222 1421/2127/4223 643/2128/4224
f 643/2128/4225 1421/2127/4226 1422/2129/4227 644/2130/4228
f 644/2130/4229 1422/2129/4230 1423/2131/4231 645/2132/4232
f 645/2132/4233 1423/2131/4234 1424/2133/4235 646/2134/4236
f 646/2134/4237 1424/2133/4238 1425/2135/4239 647/2136/4240
f 647/2136/4241 1425/2135/4242 1426/2137/4243 648/2138/4244
f 648/2138/4245 1426/2137/4246 1427/2139/4247 649/2140/4248
f 649/2140/4249 1427/2139/4250 1428/2141/4251 650/2142/4252
f 650/2142/4253 1428/2141/4254 1429/2143/4255 651/2144/4256
f 651/2144/4257 1429/2143/4258 1430/2145/4259 652/2146/4260
f 652/2146/4261 1430/2145/4262 1431/2147/4263 653/2148/4264
f 653/2148/4265 1431/2147/4266 1432/2149/4267 654/2150/4268
f 654/2150/4269 1432/2149/4270 1433/2151/4271 655/2152/4272
f 655/2152/4273 1433/2151/4274 1434/2153/4275 656/2154/4276
f 656/2154/4277 1434/2153/4278 1435/2155/4279 657/2156/4280
f 657/2156/4281 1435/2155/4282 1436/2157/4283 658/2158/4284
f 658/2158/4285 1436/2157/4286 1437/2159/4287 659/2160/4288
f 659/2160/4289 1437/2159/4290 1438/2161/4291 660/2162/4292
f 660/2162/4293 1438/2161/4294 1439/2163/4295 661/2164/4296
f 661/2164/4297 1439/2163/4298 1440/2165/4299 662/2166/4300
f 662/2166/4301 1440/2165/4302 1441/2167/4303 663/2168/4304
f 663/2169/4305 1441/2170/4306 1442/2171/4307 664/2172/4308
f 664/2172/4309 1442/2171/4310 1443/2173/4311 665/2174/4312
f 665/2174/4313 1443/2173/4314 1444/2175/4315 666/2176/4316
f 666/2176/4317 1444/2175/4318 1445/2177/4319 667/2178/4320
f 667/2178/4321 1445/2177/4322 1446/2179/4323 668/2180/4324
f 668/2180/4325 1446/2179/4326 1447/2181/4327 669/2182/4328
f 669/2182/4329 1447/2181/4330 1448/2183/4331 670/2184/4332
f 670/2184/4333 1448/2183/4334 1449/2185/4335 671/2186/4336
f 671/2186/4337 1449/2185/4338 1450/2187/4339 672/2188/4340
f 672/2188/4341 1450/2187/4342 1451/2189/4343 673/2190/4344
f 673/2190/4345 1451/2189/4346 1452/2191/4347 674/2192/4348
f 674/2192/4349 1452/2191/4350 1453/2193/4351 675/2194/4352
f 675/2194/4353 1453/2193/4354 1454/2195/4355 676/2196/4356
f 676/2196/4357 1454/2195/4358 1455/2197/4359 677/2198/4360
f 677/2198/4361 1455/2197/4362 1456/2199/4363 678/2200/4364
f 678/2200/4365 1456/2199/4366 1457/2201/4367 679/2202/4368
f 679/2202/4369 1457/2201/4370 1458/2203/4371 680/2204/4372
f 680/2204/4373 1458/2203/4374 1459/1373/4375 681/727/4376
f 681/727/4377 1459/1373/4378 1460/1372/4379 682/728/4380
f 682/728/4381 1460/1372/4382 1374/1371/4383 596/643/4384
