# File exported by Houdini 22.0.368 (www.sidefx.com)
# 1870 points
# 5610 vertices
# 937 primitives
# Bounds: [-0.300833166, -0.244333595, 0] to [0.0627382025, 0.444174796, 0.25]
g 
v -0.300485283 -0.243981481 0
v -0.300712973 -0.242270827 0
v -0.300715476 -0.241469264 0
v -0.300696254 -0.240663901 0
v -0.300682515 -0.239858776 0
v -0.300682515 0.439888507 0
v -0.300709486 0.440693945 0
v -0.300830334 0.442302108 0
v -0.300833166 0.443104267 0
v -0.300657511 0.443909585 0
v -0.300503403 0.444174796 0
v -0.299650073 0.443959653 0
v -0.298960418 0.442979991 0
v -0.298649073 0.442439318 0
v -0.29849115 0.442154437 0
v -0.297877908 0.44087705 0
v -0.297663808 0.440404654 0
v -0.297198772 0.439344168 0
v -0.296844184 0.438790143 0
v -0.296655446 0.438485473 0
v -0.296090245 0.437286943 0
v -0.295809031 0.436793059 0
v -0.295401573 0.436103761 0
v -0.294996858 0.435364038 0
v -0.294753462 0.434834182 0
v -0.294190764 0.433736444 0
v -0.293995708 0.433460325 0
v -0.293509126 0.432424366 0
v -0.293196887 0.431727886 0
v -0.292897463 0.431235641 0
v -0.292308271 0.430090338 0
v -0.291712761 0.428897023 0
v -0.291300356 0.428158224 0
v -0.291070282 0.427728951 0
v -0.290482044 0.426544905 0
v -0.290321529 0.426273584 0
v -0.289690971 0.42526859 0
v -0.289334804 0.42468521 0
v -0.289107144 0.424169809 0
v -0.288570702 0.423159778 0
v -0.288314939 0.422788829 0
v -0.287849367 0.42161113 0
v -0.287501931 0.420910627 0
v -0.287460625 0.420844972 0
v -0.286726952 0.419566065 0
v -0.286517888 0.41914627 0
v -0.285898149 0.418031305 0
v -0.285696566 0.417722851 0
v -0.285294145 0.41693306 0
v -0.284930199 0.41603145 0
v -0.2846497 0.415586889 0
v -0.284147799 0.414580166 0
v -0.283878058 0.414046228 0
v -0.283556432 0.413467735 0
v -0.28295514 0.412467539 0
v -0.282875776 0.412348479 0
v -0.282168835 0.41098091 0
v -0.281977713 0.41059795 0
v -0.281422526 0.409577042 0
v -0.281020641 0.408778816 0
v -0.280346006 0.407333583 0
v -0.280113399 0.406925321 0
v -0.279630363 0.40594697 0
v -0.27927801 0.405181468 0
v -0.279187918 0.405020744 0
v -0.278486162 0.403906465 0
v -0.278213203 0.403422654 0
v -0.277810663 0.402489841 0
v -0.277420223 0.401875585 0
v -0.2771447 0.401468217 0
v -0.276654571 0.400317192 0
v -0.276376158 0.399818301 0
v -0.275987983 0.399198115 0
v -0.275550872 0.398397267 0
v -0.275283426 0.397836864 0
v -0.274705738 0.396733135 0
v -0.274563313 0.396507651 0
v -0.27402404 0.39543581 0
v -0.273728997 0.394782603 0
v -0.273416013 0.394269019 0
v -0.272776693 0.393163145 0
v -0.272694975 0.393012702 0
v -0.272122741 0.391735554 0
v -0.271799326 0.391183287 0
v -0.271726459 0.39105314 0
v -0.271051049 0.389565855 0
v -0.270884633 0.389251709 0
v -0.27025798 0.388286442 0
v -0.269897461 0.387674183 0
v -0.26912123 0.386277884 0
v -0.26881814 0.385808468 0
v -0.268334895 0.384667516 0
v -0.268089354 0.384096265 0
v -0.267960429 0.383817196 0
v -0.267291486 0.382586896 0
v -0.267081738 0.382149369 0
v -0.266525596 0.381013244 0
v -0.266272187 0.380595446 0
v -0.265995383 0.380116999 0
v -0.265459508 0.379011929 0
v -0.265240699 0.378593326 0
v -0.264649719 0.377585441 0
v -0.264401704 0.377185673 0
v -0.263992697 0.376232237 0
v -0.263550848 0.375436097 0
v -0.263436973 0.37530908 0
v -0.262762219 0.374006033 0
v -0.262555659 0.373542041 0
v -0.261976898 0.372646004 0
v -0.261524916 0.371781528 0
v -0.260881633 0.370495528 0
v -0.260588467 0.370063931 0
v -0.260140866 0.369037151 0
v -0.259804785 0.368317425 0
v -0.259691417 0.368086576 0
v -0.259019673 0.366881639 0
v -0.258780986 0.366393745 0
v -0.258447498 0.365695298 0
v -0.257992446 0.364879072 0
v -0.257725775 0.364460677 0
v -0.257168472 0.363341928 0
v -0.256468117 0.362117618 0
v -0.256100565 0.361436069 0
v -0.255783916 0.360800385 0
v -0.255260289 0.35971725 0
v -0.255126208 0.359521478 0
v -0.254568875 0.358435959 0
v -0.254277885 0.357780963 0
v -0.254001468 0.357319117 0
v -0.253235608 0.356023937 0
v -0.252639413 0.354746282 0
v -0.252307117 0.354210347 0
v -0.25227648 0.354167521 0
v -0.251588434 0.352577925 0
v -0.251430273 0.352248013 0
v -0.250842154 0.351261169 0
v -0.250458062 0.350639403 0
v -0.250362962 0.350468159 0
v -0.249711826 0.349208802 0
v -0.249418974 0.348779857 0
v -0.248855367 0.347663581 0
v -0.248655468 0.347220629 0
v -0.248425126 0.346738279 0
v -0.247798949 0.345707417 0
v -0.247600526 0.34529689 0
v -0.247070506 0.344105572 0
v -0.246834084 0.343730837 0
v -0.246367529 0.342960954 0
v -0.246009544 0.342048854 0
v -0.245820224 0.341712564 0
v -0.245207205 0.340663075 0
v -0.244954705 0.34018153 0
v -0.244491607 0.339246005 0
v -0.244001687 0.338423669 0
v -0.2439854 0.338400155 0
v -0.243252501 0.336978942 0
v -0.243062213 0.336567968 0
v -0.242524013 0.335549235 0
v -0.242080912 0.334749281 0
v -0.241464943 0.333433241 0
v -0.241180077 0.332964003 0
v -0.240683541 0.332054079 0
v -0.240364671 0.331413597 0
v -0.240206316 0.331086457 0
v -0.23951444 0.32998848 0
v -0.239338934 0.329700947 0
v -0.238910466 0.328557104 0
v -0.238572747 0.327933758 0
v -0.238239169 0.327453107 0
v -0.237761006 0.326339096 0
v -0.237527236 0.32591325 0
v -0.237104505 0.325246334 0
v -0.23663719 0.324459165 0
v -0.235790193 0.32276085 0
v -0.235678017 0.322573274 0
v -0.235088065 0.321422249 0
v -0.234818637 0.320780218 0
v -0.234640136 0.320465863 0
v -0.233929887 0.319299072 0
v -0.233750686 0.319026232 0
v -0.233205184 0.317809433 0
v -0.232861713 0.317223549 0
v -0.232796252 0.317133814 0
v -0.232085437 0.315663695 0
v -0.231936306 0.315300047 0
v -0.231268927 0.314244479 0
v -0.231045872 0.313811064 0
v -0.230818287 0.313328713 0
v -0.230282187 0.312237203 0
v -0.229999512 0.311792493 0
v -0.229466617 0.310695261 0
v -0.228959769 0.30973506 0
v -0.228186846 0.308335036 0
v -0.227641463 0.30717659 0
v -0.22739546 0.306746423 0
v -0.226902366 0.305957824 0
v -0.226397276 0.304920554 0
v -0.225689068 0.303610176 0
v -0.225454882 0.303256005 0
v -0.22500734 0.302133471 0
v -0.224637821 0.301387757 0
v -0.224558502 0.301291466 0
v -0.223841965 0.300053298 0
v -0.223608673 0.299549073 0
v -0.223031729 0.298573911 0
v -0.222754359 0.298140466 0
v -0.222526208 0.297726899 0
v -0.222051412 0.29651168 0
v -0.221733481 0.295993835 0
v -0.22140491 0.295383811 0
v -0.220947966 0.294488698 0
v -0.220716685 0.294088066 0
v -0.220066354 0.292999476 0
v -0.219920397 0.292772233 0
v -0.219368488 0.291647792 0
v -0.219097525 0.291038334 0
v -0.218752027 0.290470153 0
v -0.218290508 0.289355308 0
v -0.21809943 0.288975865 0
v -0.217705131 0.288246781 0
v -0.217211351 0.28742364 0
v -0.216974497 0.286974758 0
v -0.216398105 0.285799772 0
v -0.215641662 0.284469306 0
v -0.215313151 0.283784926 0
v -0.215279758 0.283732086 0
v -0.214493617 0.282377005 0
v -0.214275703 0.282031298 0
v -0.213757947 0.280865371 0
v -0.213422105 0.280301869 0
v -0.213276476 0.280092865 0
v -0.21264942 0.278780341 0
v -0.212463453 0.278355926 0
v -0.21188058 0.277260005 0
v -0.211618483 0.276845008 0
v -0.211337194 0.276325375 0
v -0.21084787 0.275247186 0
v -0.210576177 0.274798512 0
v -0.210037872 0.273775727 0
v -0.209791794 0.273266017 0
v -0.209546775 0.272722363 0
v -0.208935663 0.271691561 0
v -0.208781317 0.27147159 0
v -0.208186001 0.270207554 0
v -0.207949147 0.269779354 0
v -0.207357958 0.268917501 0
v -0.206962302 0.268054932 0
v -0.206210941 0.266719669 0
v -0.205967426 0.266317278 0
v -0.205561548 0.265200019 0
v -0.205135629 0.264456332 0
v -0.205078796 0.264360666 0
v -0.204405099 0.263040721 0
v -0.204160362 0.26254192 0
v -0.203662366 0.261610299 0
v -0.203335539 0.261105895 0
v -0.203093067 0.260723025 0
v -0.202595294 0.259541839 0
v -0.20230113 0.259015948 0
v -0.202000558 0.258463353 0
v -0.201509237 0.257548243 0
v -0.201269165 0.257090032 0
v -0.200641409 0.255983412 0
v -0.20048596 0.255783528 0
v -0.199917153 0.254662186 0
v -0.199640006 0.254063934 0
v -0.199253649 0.253472567 0
v -0.198748663 0.252429694 0
v -0.198637381 0.25217092 0
v -0.198095247 0.251061618 0
v -0.197715759 0.250443459 0
v -0.197611406 0.250228524 0
v -0.196949452 0.248808175 0
v -0.196798533 0.248529166 0
v -0.196189567 0.247466475 0
v -0.19584319 0.246757388 0
v -0.195066258 0.245403707 0
v -0.194811732 0.245024607 0
v -0.194288015 0.243896022 0
v -0.1940047 0.243396103 0
v -0.193757966 0.243005306 0
v -0.193178803 0.241887912 0
v -0.192998081 0.241444111 0
v -0.192404628 0.240268901 0
v -0.19218874 0.239924103 0
v -0.191832364 0.239255771 0
v -0.191386238 0.238290623 0
v -0.191132545 0.237884685 0
v -0.190552548 0.236844033 0
v -0.190330729 0.236390799 0
v -0.189958662 0.235557556 0
v -0.189446792 0.234682426 0
v -0.189359993 0.234516397 0
v -0.188763872 0.233216003 0
v -0.188508719 0.232754067 0
v -0.187998846 0.231937766 0
v -0.187478185 0.231028065 0
v -0.186788604 0.229717165 0
v -0.186519966 0.229299814 0
v -0.185716808 0.227518827 0
v -0.185629293 0.227332726 0
v -0.184934705 0.226119488 0
v -0.184703484 0.225650862 0
v -0.184302941 0.224819154 0
v -0.183904514 0.224206433 0
v -0.1835749 0.223684117 0
v -0.183144346 0.222575203 0
v -0.182867989 0.222091451 0
v -0.18248266 0.221462667 0
v -0.182056203 0.220602646 0
v -0.18179521 0.220103174 0
v -0.181135267 0.218970507 0
v -0.18104285 0.218819231 0
v -0.180459201 0.217649728 0
v -0.180176005 0.217057511 0
v -0.179875463 0.216529906 0
v -0.179289728 0.215420082 0
v -0.17918396 0.215216115 0
v -0.178588971 0.214015141 0
v -0.178231642 0.213426322 0
v -0.177463472 0.211826354 0
v -0.177334249 0.211542144 0
v -0.176689625 0.210452035 0
v -0.176386818 0.20983316 0
v -0.176342115 0.20972985 0
v -0.175635219 0.208406791 0
v -0.175376713 0.208007187 0
v -0.174856275 0.206886068 0
v -0.174573854 0.206415355 0
v -0.174297407 0.205991268 0
v -0.173729137 0.204932988 0
v -0.172971651 0.203329802 0
v -0.172750592 0.202960208 0
v -0.172350079 0.202199742 0
v -0.171953037 0.20127134 0
v -0.171717271 0.200879022 0
v -0.171072468 0.199863344 0
v -0.17084384 0.199515551 0
v -0.170325071 0.19837375 0
v -0.169904724 0.197718471 0
v -0.169884145 0.197690263 0
v -0.16925247 0.196200445 0
v -0.169062033 0.195755959 0
v -0.168497324 0.194948152 0
v -0.168042585 0.193991646 0
v -0.167356253 0.192754388 0
v -0.167074978 0.192318782 0
v -0.166647419 0.19134827 0
v -0.166297376 0.190665007 0
v -0.165483832 0.189184964 0
v -0.165261194 0.188754216 0
v -0.164854378 0.187892541 0
v -0.164472565 0.187198952 0
v -0.164157838 0.186697721 0
v -0.163673654 0.185583264 0
v -0.163031623 0.184423149 0
v -0.162592798 0.183655128 0
v -0.162320003 0.183092356 0
v -0.161703467 0.181944445 0
v -0.161605105 0.181807846 0
v -0.160996899 0.180663437 0
v -0.160726503 0.180041835 0
v -0.160498887 0.179646179 0
v -0.159847483 0.178443164 0
v -0.159730241 0.178217396 0
v -0.15915668 0.177025914 0
v -0.158783525 0.176469818 0
v -0.158726469 0.176389903 0
v -0.158012494 0.174945965 0
v -0.157825157 0.174605131 0
v -0.157183886 0.173511535 0
v -0.156961709 0.173119605 0
v -0.156629831 0.172394529 0
v -0.156209081 0.171464816 0
v -0.155926794 0.171019942 0
v -0.155417293 0.169893101 0
v -0.155150741 0.16939804 0
v -0.154923022 0.169012904 0
v -0.154283255 0.167945519 0
v -0.154094011 0.167577103 0
v -0.153512433 0.166386291 0
v -0.153303578 0.166031957 0
v -0.152810976 0.165128797 0
v -0.152462319 0.164301217 0
v -0.152319282 0.164061204 0
v -0.151411325 0.162462592 0
v -0.150900915 0.161420077 0
v -0.150461122 0.160716578 0
v -0.150422975 0.160659671 0
v -0.149759814 0.159220263 0
v -0.149565071 0.158774644 0
v -0.14901188 0.157827646 0
v -0.148668051 0.157225937 0
v -0.148537189 0.156983659 0
v -0.14794831 0.155712321 0
v -0.147654638 0.155232921 0
v -0.147247985 0.154426679 0
v -0.146716192 0.15329963 0
v -0.146052271 0.152189806 0
v -0.145818546 0.151843205 0
v -0.145342559 0.150871441 0
v -0.145013481 0.150303245 0
v -0.144520715 0.149590552 0
v -0.144139126 0.148607552 0
v -0.144009233 0.14833419 0
v -0.14343518 0.147333324 0
v -0.143100768 0.146694377 0
v -0.142854646 0.146073803 0
v -0.142271474 0.144975901 0
v -0.14216046 0.144797489 0
v -0.14154397 0.143667996 0
v -0.141235292 0.143041313 0
v -0.141203836 0.14298971 0
v -0.140395999 0.141543239 0
v -0.14023751 0.141255915 0
v -0.139712632 0.140024826 0
v -0.139346674 0.139412597 0
v -0.139308199 0.139357671 0
v -0.13857989 0.137957081 0
v -0.138382882 0.137584716 0
v -0.137737587 0.136510327 0
v -0.137530342 0.136181295 0
v -0.137122542 0.135368973 0
v -0.136738986 0.134539679 0
v -0.136444151 0.134074688 0
v -0.13596499 0.132974356 0
v -0.135717914 0.132468954 0
v -0.134871081 0.130896956 0
v -0.134687215 0.130535483 0
v -0.134136766 0.129423231 0
v -0.133420214 0.128190726 0
v -0.132992953 0.127286211 0
v -0.132881895 0.127113059 0
v -0.132170722 0.125941858 0
v -0.131904572 0.125534058 0
v -0.131405041 0.124417506 0
v -0.131039709 0.123782121 0
v -0.1309416 0.123633824 0
v -0.13028039 0.1222611 0
v -0.130090103 0.121773273 0
v -0.129483089 0.120798916 0
v -0.129236236 0.120344147 0
v -0.129041761 0.119961888 0
v -0.128485218 0.11879617 0
v -0.128192529 0.118352927 0
v -0.127757937 0.117490523 0
v -0.127422675 0.116737194 0
v -0.127215624 0.116315827 0
v -0.126607433 0.115178481 0
v -0.126398131 0.11479605 0
v -0.125967667 0.113962978 0
v -0.125573874 0.113262825 0
v -0.125193357 0.112661853 0
v -0.124601491 0.111582831 0
v -0.123901762 0.110227793 0
v -0.12360207 0.109750308 0
v -0.123232581 0.108750917 0
v -0.122888237 0.107992209 0
v -0.122139513 0.106714822 0
v -0.121791922 0.106007382 0
v -0.120973483 0.104615048 0
v -0.120750427 0.104259066 0
v -0.120280117 0.103083856 0
v -0.119901016 0.102503739 0
v -0.119765162 0.102320805 0
v -0.119140625 0.101043984 0
v -0.118918583 0.100614756 0
v -0.118265308 0.0995118842 0
v -0.118097484 0.0992254168 0
v -0.11765933 0.0983708128 0
v -0.117285661 0.0975559354 0
v -0.117018744 0.0971276164 0
v -0.116441064 0.0960270613 0
v -0.115792394 0.0947341919 0
v -0.115280293 0.0939155817 0
v -0.114645496 0.0923961475 0
v -0.114435941 0.0919968188 0
v -0.113921888 0.0911660641 0
v -0.11356359 0.0902681723 0
v -0.113447286 0.0900866464 0
v -0.112752952 0.0889805555 0
v -0.112468518 0.0885075331 0
v -0.111950204 0.0874393061 0
v -0.111626118 0.0868837684 0
v -0.111456752 0.0866120532 0
v -0.110844083 0.0853468105 0
v -0.110634699 0.0848419741 0
v -0.110173233 0.083939448 0
v -0.109817617 0.0833062083 0
v -0.109619536 0.0829473957 0
v -0.109056711 0.0817737132 0
v -0.108778097 0.081300579 0
v -0.108369924 0.080591552 0
v -0.107961074 0.0798563659 0
v -0.107715547 0.0792967603 0
v -0.107117683 0.0782055333 0
v -0.106967218 0.0779948458 0
v -0.106463902 0.0768703893 0
v -0.106157996 0.0762468651 0
v -0.105780877 0.0757137164 0
v -0.105122037 0.0744110122 0
v -0.104484417 0.0733409747 0
v -0.104144402 0.0727909803 0
v -0.103809439 0.07201159 0
v -0.103352182 0.0711138695 0
v -0.103212453 0.0708657727 0
v -0.102580063 0.0696760342 0
v -0.10222394 0.0689433366 0
v -0.101540543 0.0676570162 0
v -0.101289138 0.0672573522 0
v -0.100800574 0.0661087558 0
v -0.100483648 0.0655424297 0
v -0.100326821 0.0652912259 0
v -0.0996849313 0.0640899613 0
v -0.0994668454 0.0636494979 0
v -0.0988191962 0.062496949 0
v -0.0986607298 0.0622490756 0
v -0.0982040986 0.0613508411 0
v -0.097856842 0.060533762 0
v -0.0976136103 0.0601390675 0
v -0.0970512629 0.0590598769 0
v -0.0964484885 0.0578185469 0
v -0.0958378538 0.056881655 0
v -0.0951415971 0.0554230846 0
v -0.0949494541 0.055042576 0
v -0.0943698436 0.0540570281 0
v -0.094039686 0.0532742515 0
v -0.0933109969 0.0518862121 0
v -0.0930337682 0.0514503196 0
v -0.0925292969 0.050421197 0
v -0.0921965092 0.049843736 0
v -0.0920360088 0.0495830961 0
v -0.0913753361 0.0484293625 0
v -0.0911692306 0.0480152257 0
v -0.0906743929 0.0470041893 0
v -0.0903698653 0.0464931913 0
v -0.0900188312 0.0458637364 0
v -0.0896049514 0.0448218994 0
v -0.0893495902 0.0444473252 0
v -0.0888219774 0.0435711332 0
v -0.0885072798 0.0428978801 0
v -0.0882021263 0.0422925577 0
v -0.0875193849 0.0410745107 0
v -0.0869325995 0.0398456715 0
v -0.0866586193 0.0392810963 0
v -0.0863344818 0.0387336425 0
v -0.085777618 0.0376461446 0
v -0.0856683478 0.0374242701 0
v -0.0850742161 0.0362478197 0
v -0.0847129226 0.0356484875 0
v -0.0839338526 0.0340372734 0
v -0.0838065818 0.0337801315 0
v -0.0828635618 0.0322795138 0
v -0.0825425908 0.0315876156 0
v -0.0820964128 0.0307525061 0
v -0.0817761421 0.0302677862 0
v -0.0813510716 0.0291354712 0
v -0.0810613856 0.0286209099 0
v -0.0808206871 0.0282524955 0
v -0.0802573264 0.0270914137 0
v -0.0800360516 0.0266447831 0
v -0.0794204399 0.025554629 0
v -0.0792240277 0.0252460614 0
v -0.0787282288 0.0243634246 0
v -0.0783626959 0.0235554446 0
v -0.0782228261 0.023324132 0
v -0.0775418878 0.0220608171 0
v -0.077349171 0.0216840953 0
v -0.0768794864 0.020656839 0
v -0.0763988644 0.0199059378 0
v -0.0763906389 0.0198957659 0
v -0.0756425634 0.0184670333 0
v -0.0754475594 0.0180905946 0
v -0.0748017728 0.0170409027 0
v -0.0744255632 0.0162271 0
v -0.073826991 0.01500668 0
v -0.0735521093 0.0145617444 0
v -0.0731350631 0.0135293463 0
v -0.0727771595 0.0128751397 0
v -0.0725879222 0.0125620523 0
v -0.0719562694 0.0114117656 0
v -0.0717402399 0.0109898886 0
v -0.0713111013 0.0100874724 0
v -0.0709482506 0.00941365585 0
v -0.0706563294 0.00891604926 0
v -0.070129931 0.00780650927 0
v -0.0693886653 0.0065626353 0
v -0.0690197423 0.00596816419 0
v -0.0686225295 0.00503438292 0
v -0.0681514889 0.00418068189 0
v -0.068077676 0.00407997426 0
v -0.0674765706 0.00283943443 0
v -0.0672236085 0.00225479691 0
v -0.0669514388 0.00183094165 0
v -0.0663124323 0.000731009 0
v -0.0661834106 0.000488168211 0
v -0.0655825287 -0.000721119053 0
v -0.0652557388 -0.00122652401 0
v -0.0650192797 -0.00171898736 0
v -0.0645005107 -0.00287373853 0
v -0.0643282831 -0.00320129399 0
v -0.0636994541 -0.00429653563 0
v -0.0634373948 -0.0047584814 0
v -0.0626352355 -0.00621049665 0
v -0.0623058155 -0.00671725813 0
v -0.0617616139 -0.0078296233 0
v -0.0616137758 -0.00815678295 0
v -0.0611829385 -0.00903246831 0
v -0.0607582629 -0.00984553527 0
v -0.0605885237 -0.0102356523 0
v -0.0599981807 -0.0114238597 0
v -0.0597860254 -0.0117783155 0
v -0.0593182035 -0.0126307169 0
v -0.058913365 -0.0134693282 0
v -0.0587996878 -0.0136483088 0
v -0.0580590405 -0.0149140535 0
v -0.0578622892 -0.0152615011 0
v -0.0573452115 -0.0164195877 0
v -0.0569430888 -0.0170895606 0
v -0.0569209345 -0.0171224512 0
v -0.0562169366 -0.0185594913 0
v -0.0560113974 -0.0189609099 0
v -0.0554076582 -0.0199774839 0
v -0.0551419556 -0.0204389784 0
v -0.0549397767 -0.0208088625 0
v -0.0544072464 -0.0220070165 0
v -0.0541068465 -0.0224649496 0
v -0.0536598489 -0.0233803634 0
v -0.0533344671 -0.024077069 0
v -0.053148564 -0.024456108 0
v -0.0524816997 -0.0255620889 0
v -0.0523123853 -0.0258461274 0
v -0.0518236235 -0.0269666314 0
v -0.0515067205 -0.0275210347 0
v -0.0511101596 -0.0281352848 0
v -0.050661467 -0.0291864462 0
v -0.0498522446 -0.0304461438 0
v -0.0495337583 -0.0310084578 0
v -0.0490355305 -0.0320296399 0
v -0.0486653931 -0.0326920114 0
v -0.0485764667 -0.0328468308 0
v -0.0479696207 -0.0341848284 0
v -0.0477432795 -0.0347454473 0
v -0.0476091728 -0.0349622369 0
v -0.0468785018 -0.0362432115 0
v -0.0467219576 -0.0365276188 0
v -0.0461518727 -0.0377123803 0
v -0.0458179042 -0.0382362343 0
v -0.0456005782 -0.0386283025 0
v -0.0450510085 -0.0398292802 0
v -0.0448818058 -0.040210411 0
v -0.0440084375 -0.041680485 0
v -0.043693766 -0.042346444 0
v -0.0432209149 -0.0432466306 0
v -0.0428990684 -0.0437162034 0
v -0.042355489 -0.0447997749 0
v -0.0421786271 -0.0451659597 0
v -0.0417083725 -0.0460116044 0
v -0.0412557535 -0.0467986204 0
v -0.0411785543 -0.0469755381 0
v -0.040519543 -0.0484133102 0
v -0.0403326228 -0.0487398766 0
v -0.0398302972 -0.0496864319 0
v -0.0394761823 -0.0504918396 0
v -0.0393625051 -0.0506733917 0
v -0.0386496633 -0.0518679582 0
v -0.0384019054 -0.0522670895 0
v -0.0379077196 -0.0533774197 0
v -0.0375094078 -0.0540017001 0
v -0.0374060161 -0.0541448221 0
v -0.0367571488 -0.055429697 0
v -0.0365362652 -0.0558786169 0
v -0.0359275825 -0.0569544174 0
v -0.0357115567 -0.0573485196 0
v -0.0354497842 -0.0578540079 0
v -0.0349413827 -0.0589528941 0
v -0.0346656218 -0.0593746305 0
v -0.0341951735 -0.0603470132 0
v -0.0338957049 -0.060952276 0
v -0.0335938632 -0.0614830554 0
v -0.0329855457 -0.0625420138 0
v -0.0328812785 -0.0627310276 0
v -0.0323327519 -0.0639699847 0
v -0.0320571028 -0.0645126328 0
v -0.0316771604 -0.0651303306 0
v -0.0312076993 -0.0662072077 0
v -0.0310538672 -0.0664692894 0
v -0.0304874834 -0.0674604028 0
v -0.0300999954 -0.068061091 0
v -0.0296351388 -0.0690284744 0
v -0.0284667406 -0.0711449534 0
v -0.0282346942 -0.0716771185 0
v -0.0280473493 -0.0720661283 0
v -0.0274374504 -0.0731111839 0
v -0.0271986779 -0.0735097528 0
v -0.02672006 -0.0746762305 0
v -0.0261107255 -0.075622417 0
v -0.0256066211 -0.076699771 0
v -0.0253797732 -0.0771415681 0
v -0.0247080475 -0.0782647878 0
v -0.0245717354 -0.0785318688 0
v -0.0241453946 -0.0794607624 0
v -0.0237617772 -0.0802339911 0
v -0.0234866664 -0.0806732178 0
v -0.022907285 -0.0817706883 0
v -0.0227312446 -0.0821186751 0
v -0.0222309809 -0.0830753148 0
v -0.0217920933 -0.0838119239 0
v -0.0217610113 -0.0838672221 0
v -0.0210453179 -0.0853960961 0
v -0.0208719317 -0.0857059881 0
v -0.0202560984 -0.0867456198 0
v -0.0198999476 -0.087497063 0
v -0.0191565622 -0.0888182446 0
v -0.0189176202 -0.0892153159 0
v -0.0184847787 -0.0903544128 0
v -0.0180932507 -0.091003105 0
v -0.0179830473 -0.0911748484 0
v -0.0173424613 -0.0924460515 0
v -0.0171000157 -0.0929126889 0
v -0.016536966 -0.0938934311 0
v -0.0162788667 -0.0943272859 0
v -0.0159715433 -0.0948843211 0
v -0.0155123109 -0.0959835425 0
v -0.0148023814 -0.097263135 0
v -0.0144438567 -0.0979300588 0
v -0.0141753014 -0.0985044688 0
v -0.0134868482 -0.0995481089 0
v -0.013436324 -0.0996076465 0
v -0.0127905384 -0.100989275 0
v -0.0125676468 -0.101448484 0
v -0.0119897909 -0.102321342 0
v -0.0117202187 -0.103125505 0
v -0.0116056083 -0.103382476 0
v -0.0109723127 -0.10448049 0
v -0.0106459437 -0.105079874 0
v -0.0102168331 -0.106021881 0
v -0.00982343871 -0.106667638 0
v -0.00967627577 -0.106903128 0
v -0.00905111805 -0.108086705 0
v -0.00878623687 -0.108606212 0
v -0.00854085293 -0.109096386 0
v -0.00800600369 -0.110066392 0
v -0.00772970682 -0.110511579 0
v -0.00724329054 -0.111651555 0
v -0.00696467655 -0.112131275 0
v -0.00665723998 -0.112647161 0
v -0.00613295939 -0.11361663 0
v -0.00591441942 -0.114086658 0
v -0.0052744546 -0.115279809 0
v -0.00513565633 -0.115497559 0
v -0.00467704469 -0.116485283 0
v -0.00433711288 -0.117245197 0
v -0.00406652363 -0.117648371 0
v -0.00348324236 -0.11872112 0
v -0.00328838197 -0.119131804 0
v -0.00281824172 -0.120058239 0
v -0.00231701881 -0.120868057 0
v -0.00162749109 -0.122387864 0
v -0.00143432617 -0.122742318 0
v -0.000841267873 -0.123705886 0
v -0.000390568486 -0.124518834 0
v 0.000288786716 -0.125712082 0
v 0.000588311057 -0.126159266 0
v 0.00101103599 -0.127266914 0
v 0.00131711608 -0.127887011 0
v 0.0014923095 -0.128191039 0
v 0.00210808637 -0.129404142 0
v 0.00233708136 -0.129885018 0
v 0.00281383377 -0.13072595 0
v 0.00315585663 -0.13127628 0
v 0.00352851022 -0.131925136 0
v 0.00397304958 -0.132932082 0
v 0.00416016765 -0.133219674 0
v 0.00472270837 -0.134281754 0
v 0.00499928789 -0.134889692 0
v 0.00530666765 -0.135495305 0
v 0.00596669503 -0.136578202 0
v 0.00600682013 -0.136640191 0
v 0.00667577656 -0.137963071 0
v 0.00692251697 -0.138440624 0
v 0.0074787843 -0.139388531 0
v 0.00790167879 -0.140248954 0
v 0.00850507896 -0.141530812 0
v 0.00881257188 -0.142035156 0
v 0.00907276291 -0.142601922 0
v 0.00959958695 -0.143731579 0
v 0.00972222164 -0.143981472 0
v 0.0103921397 -0.145093709 0
v 0.0106520476 -0.145575464 0
v 0.0108823422 -0.146095097 0
v 0.0114156082 -0.147040591 0
v 0.0117363818 -0.147516429 0
v 0.012218277 -0.148638681 0
v 0.0124598751 -0.14903295 0
v 0.012912496 -0.149705723 0
v 0.0133323381 -0.150571838 0
v 0.0135395192 -0.151009515 0
v 0.0141951945 -0.152192518 0
v 0.0143234814 -0.152411699 0
v 0.0148460101 -0.153541565 0
v 0.0151502257 -0.154224873 0
v 0.0153050171 -0.154475287 0
v 0.0160011575 -0.155715123 0
v 0.0161846578 -0.156056777 0
v 0.0167214852 -0.157151148 0
v 0.0171338674 -0.157810301 0
v 0.0171702635 -0.157862857 0
v 0.01783159 -0.159358159 0
v 0.0180247556 -0.159750313 0
v 0.0186120495 -0.160725713 0
v 0.0189448595 -0.161325917 0
v 0.0190689657 -0.161545441 0
v 0.0197160505 -0.162722379 0
v 0.0200084541 -0.163158774 0
v 0.0205066819 -0.164201543 0
v 0.0207596384 -0.164720997 0
v 0.0210418124 -0.165240481 0
v 0.0216115303 -0.166343346 0
v 0.021768922 -0.166752085 0
v 0.0222343151 -0.167735115 0
v 0.0225805212 -0.168320999 0
v 0.022909658 -0.16888538 0
v 0.0233955663 -0.169961795 0
v 0.0235943832 -0.170286134 0
v 0.0241609924 -0.171233222 0
v 0.0245034676 -0.171801329 0
v 0.0249221232 -0.172756106 0
v 0.0254819505 -0.173601612 0
v 0.0261147954 -0.174973607 0
v 0.0263428856 -0.175486863 0
v 0.0267017502 -0.176012561 0
v 0.0272249579 -0.176921412 0
v 0.0279568695 -0.178441271 0
v 0.0282692239 -0.178913653 0
v 0.0285898279 -0.179613456 0
v 0.0290195607 -0.180535853 0
v 0.0292433556 -0.180916995 0
v 0.029860884 -0.182046786 0
v 0.0300726984 -0.182517543 0
v 0.0303007327 -0.183016121 0
v 0.0308599398 -0.184065297 0
v 0.0311178695 -0.18451193 0
v 0.0316713117 -0.185658485 0
v 0.0323248953 -0.186712593 0
v 0.0328099579 -0.187546134 0
v 0.0330000706 -0.187917918 0
v 0.0336216688 -0.189168572 0
v 0.0337644219 -0.189428702 0
v 0.0343157724 -0.190536559 0
v 0.0345836505 -0.191243574 0
v 0.0347176455 -0.191454545 0
v 0.0356556065 -0.19303982 0
v 0.0361820906 -0.194154412 0
v 0.0365776904 -0.194739863 0
v 0.036684107 -0.194893017 0
v 0.0372973979 -0.196295679 0
v 0.0375068933 -0.196736962 0
v 0.0381122716 -0.197745621 0
v 0.0383699201 -0.198226988 0
v 0.0391406566 -0.19973141 0
v 0.0394214764 -0.200162366 0
v 0.0399272777 -0.201144457 0
v 0.0401980914 -0.20168446 0
v 0.0405129306 -0.202271998 0
v 0.041101411 -0.203288272 0
v 0.0411976576 -0.203465641 0
v 0.0417856835 -0.204771653 0
v 0.0420432203 -0.205221787 0
v 0.0425303131 -0.206032529 0
v 0.0428567939 -0.206954673 0
v 0.0430248678 -0.207238168 0
v 0.0436274782 -0.208208516 0
v 0.0439488143 -0.208830208 0
v 0.0443588831 -0.209733382 0
v 0.0449270159 -0.210634917 0
v 0.0455738753 -0.211917624 0
v 0.0458451994 -0.212425798 0
v 0.0468478724 -0.214268431 0
v 0.0473560467 -0.215466052 0
v 0.0476984642 -0.216004714 0
v 0.0479052514 -0.216384262 0
v 0.0484616868 -0.217516184 0
v 0.0486811884 -0.217924953 0
v 0.049357716 -0.219019562 0
v 0.0495083258 -0.21924679 0
v 0.049977392 -0.220294073 0
v 0.0503156856 -0.220962778 0
v 0.0506413206 -0.221463129 0
v 0.0510685667 -0.222564206 0
v 0.0513140075 -0.223043874 0
v 0.0516910106 -0.22359769 0
v 0.0522441156 -0.224577561 0
v 0.0530848727 -0.226127476 0
v 0.0532407388 -0.226388887 0
v 0.0538382642 -0.227576643 0
v 0.0541361496 -0.228243619 0
v 0.0541618615 -0.228284508 0
v 0.0551268384 -0.230010301 0
v 0.0556251816 -0.231121823 0
v 0.0559928045 -0.231702507 0
v 0.0561409816 -0.231918946 0
v 0.0567512214 -0.233208835 0
v 0.0569671057 -0.233682245 0
v 0.0575815812 -0.234730437 0
v 0.0578009151 -0.235126093 0
v 0.0580509305 -0.235612422 0
v 0.05859714 -0.236708269 0
v 0.0588412806 -0.237099841 0
v 0.0593301281 -0.238104165 0
v 0.0596225299 -0.238718405 0
v 0.0599049889 -0.239244804 0
v 0.0605340451 -0.240315348 0
v 0.0606351495 -0.240495354 0
v 0.0613185726 -0.241575301 0
v 0.0619047917 -0.242008805 0
v 0.0623718798 -0.242218584 0
v 0.0627382025 -0.243252844 0
v 0.0626512319 -0.2440155 0
v 0.0623322651 -0.244182527 0
v 0.0609857626 -0.24428694 0
v 0.0601825863 -0.244316161 0
v 0.0593780503 -0.244324297 0
v 0.0577674024 -0.244311824 0
v -0.291776866 -0.244311824 0
v -0.293387681 -0.24431096 0
v -0.294193059 -0.244313806 0
v -0.294998497 -0.244310901 0
v -0.295803875 -0.244314656 0
v -0.296609282 -0.244309798 0
v -0.29741469 -0.244317234 0
v -0.298220038 -0.244333595 0
v -0.299025267 -0.244324341 0
v -0.299830228 -0.244204506 0
v -0.300466895 -0.243993208 0
v -0.300485283 -0.243981481 0.25
v -0.300712973 -0.242270827 0.25
v -0.300715476 -0.241469264 0.25
v -0.300696254 -0.240663901 0.25
v -0.300682515 -0.239858776 0.25
v -0.300682515 0.439888507 0.25
v -0.300709486 0.440693945 0.25
v -0.300830334 0.442302108 0.25
v -0.300833166 0.443104267 0.25
v -0.300657511 0.443909585 0.25
v -0.300503403 0.444174796 0.25
v -0.299650073 0.443959653 0.25
v -0.298960418 0.442979991 0.25
v -0.298649073 0.442439318 0.25
v -0.29849115 0.442154437 0.25
v -0.297877908 0.44087705 0.25
v -0.297663808 0.440404654 0.25
v -0.297198772 0.439344168 0.25
v -0.296844184 0.438790143 0.25
v -0.296655446 0.438485473 0.25
v -0.296090245 0.437286943 0.25
v -0.295809031 0.436793059 0.25
v -0.295401573 0.436103761 0.25
v -0.294996858 0.435364038 0.25
v -0.294753462 0.434834182 0.25
v -0.294190764 0.433736444 0.25
v -0.293995708 0.433460325 0.25
v -0.293509126 0.432424366 0.25
v -0.293196887 0.431727886 0.25
v -0.292897463 0.431235641 0.25
v -0.292308271 0.430090338 0.25
v -0.291712761 0.428897023 0.25
v -0.291300356 0.428158224 0.25
v -0.291070282 0.427728951 0.25
v -0.290482044 0.426544905 0.25
v -0.290321529 0.426273584 0.25
v -0.289690971 0.42526859 0.25
v -0.289334804 0.42468521 0.25
v -0.289107144 0.424169809 0.25
v -0.288570702 0.423159778 0.25
v -0.288314939 0.422788829 0.25
v -0.287849367 0.42161113 0.25
v -0.287501931 0.420910627 0.25
v -0.287460625 0.420844972 0.25
v -0.286726952 0.419566065 0.25
v -0.286517888 0.41914627 0.25
v -0.285898149 0.418031305 0.25
v -0.285696566 0.417722851 0.25
v -0.285294145 0.41693306 0.25
v -0.284930199 0.41603145 0.25
v -0.2846497 0.415586889 0.25
v -0.284147799 0.414580166 0.25
v -0.283878058 0.414046228 0.25
v -0.283556432 0.413467735 0.25
v -0.28295514 0.412467539 0.25
v -0.282875776 0.412348479 0.25
v -0.282168835 0.41098091 0.25
v -0.281977713 0.41059795 0.25
v -0.281422526 0.409577042 0.25
v -0.281020641 0.408778816 0.25
v -0.280346006 0.407333583 0.25
v -0.280113399 0.406925321 0.25
v -0.279630363 0.40594697 0.25
v -0.27927801 0.405181468 0.25
v -0.279187918 0.405020744 0.25
v -0.278486162 0.403906465 0.25
v -0.278213203 0.403422654 0.25
v -0.277810663 0.402489841 0.25
v -0.277420223 0.401875585 0.25
v -0.2771447 0.401468217 0.25
v -0.276654571 0.400317192 0.25
v -0.276376158 0.399818301 0.25
v -0.275987983 0.399198115 0.25
v -0.275550872 0.398397267 0.25
v -0.275283426 0.397836864 0.25
v -0.274705738 0.396733135 0.25
v -0.274563313 0.396507651 0.25
v -0.27402404 0.39543581 0.25
v -0.273728997 0.394782603 0.25
v -0.273416013 0.394269019 0.25
v -0.272776693 0.393163145 0.25
v -0.272694975 0.393012702 0.25
v -0.272122741 0.391735554 0.25
v -0.271799326 0.391183287 0.25
v -0.271726459 0.39105314 0.25
v -0.271051049 0.389565855 0.25
v -0.270884633 0.389251709 0.25
v -0.27025798 0.388286442 0.25
v -0.269897461 0.387674183 0.25
v -0.26912123 0.386277884 0.25
v -0.26881814 0.385808468 0.25
v -0.268334895 0.384667516 0.25
v -0.268089354 0.384096265 0.25
v -0.267960429 0.383817196 0.25
v -0.267291486 0.382586896 0.25
v -0.267081738 0.382149369 0.25
v -0.266525596 0.381013244 0.25
v -0.266272187 0.380595446 0.25
v -0.265995383 0.380116999 0.25
v -0.265459508 0.379011929 0.25
v -0.265240699 0.378593326 0.25
v -0.264649719 0.377585441 0.25
v -0.264401704 0.377185673 0.25
v -0.263992697 0.376232237 0.25
v -0.263550848 0.375436097 0.25
v -0.263436973 0.37530908 0.25
v -0.262762219 0.374006033 0.25
v -0.262555659 0.373542041 0.25
v -0.261976898 0.372646004 0.25
v -0.261524916 0.371781528 0.25
v -0.260881633 0.370495528 0.25
v -0.260588467 0.370063931 0.25
v -0.260140866 0.369037151 0.25
v -0.259804785 0.368317425 0.25
v -0.259691417 0.368086576 0.25
v -0.259019673 0.366881639 0.25
v -0.258780986 0.366393745 0.25
v -0.258447498 0.365695298 0.25
v -0.257992446 0.364879072 0.25
v -0.257725775 0.364460677 0.25
v -0.257168472 0.363341928 0.25
v -0.256468117 0.362117618 0.25
v -0.256100565 0.361436069 0.25
v -0.255783916 0.360800385 0.25
v -0.255260289 0.35971725 0.25
v -0.255126208 0.359521478 0.25
v -0.254568875 0.358435959 0.25
v -0.254277885 0.357780963 0.25
v -0.254001468 0.357319117 0.25
v -0.253235608 0.356023937 0.25
v -0.252639413 0.354746282 0.25
v -0.252307117 0.354210347 0.25
v -0.25227648 0.354167521 0.25
v -0.251588434 0.352577925 0.25
v -0.251430273 0.352248013 0.25
v -0.250842154 0.351261169 0.25
v -0.250458062 0.350639403 0.25
v -0.250362962 0.350468159 0.25
v -0.249711826 0.349208802 0.25
v -0.249418974 0.348779857 0.25
v -0.248855367 0.347663581 0.25
v -0.248655468 0.347220629 0.25
v -0.248425126 0.346738279 0.25
v -0.247798949 0.345707417 0.25
v -0.247600526 0.34529689 0.25
v -0.247070506 0.344105572 0.25
v -0.246834084 0.343730837 0.25
v -0.246367529 0.342960954 0.25
v -0.246009544 0.342048854 0.25
v -0.245820224 0.341712564 0.25
v -0.245207205 0.340663075 0.25
v -0.244954705 0.34018153 0.25
v -0.244491607 0.339246005 0.25
v -0.244001687 0.338423669 0.25
v -0.2439854 0.338400155 0.25
v -0.243252501 0.336978942 0.25
v -0.243062213 0.336567968 0.25
v -0.242524013 0.335549235 0.25
v -0.242080912 0.334749281 0.25
v -0.241464943 0.333433241 0.25
v -0.241180077 0.332964003 0.25
v -0.240683541 0.332054079 0.25
v -0.240364671 0.331413597 0.25
v -0.240206316 0.331086457 0.25
v -0.23951444 0.32998848 0.25
v -0.239338934 0.329700947 0.25
v -0.238910466 0.328557104 0.25
v -0.238572747 0.327933758 0.25
v -0.238239169 0.327453107 0.25
v -0.237761006 0.326339096 0.25
v -0.237527236 0.32591325 0.25
v -0.237104505 0.325246334 0.25
v -0.23663719 0.324459165 0.25
v -0.235790193 0.32276085 0.25
v -0.235678017 0.322573274 0.25
v -0.235088065 0.321422249 0.25
v -0.234818637 0.320780218 0.25
v -0.234640136 0.320465863 0.25
v -0.233929887 0.319299072 0.25
v -0.233750686 0.319026232 0.25
v -0.233205184 0.317809433 0.25
v -0.232861713 0.317223549 0.25
v -0.232796252 0.317133814 0.25
v -0.232085437 0.315663695 0.25
v -0.231936306 0.315300047 0.25
v -0.231268927 0.314244479 0.25
v -0.231045872 0.313811064 0.25
v -0.230818287 0.313328713 0.25
v -0.230282187 0.312237203 0.25
v -0.229999512 0.311792493 0.25
v -0.229466617 0.310695261 0.25
v -0.228959769 0.30973506 0.25
v -0.228186846 0.308335036 0.25
v -0.227641463 0.30717659 0.25
v -0.22739546 0.306746423 0.25
v -0.226902366 0.305957824 0.25
v -0.226397276 0.304920554 0.25
v -0.225689068 0.303610176 0.25
v -0.225454882 0.303256005 0.25
v -0.22500734 0.302133471 0.25
v -0.224637821 0.301387757 0.25
v -0.224558502 0.301291466 0.25
v -0.223841965 0.300053298 0.25
v -0.223608673 0.299549073 0.25
v -0.223031729 0.298573911 0.25
v -0.222754359 0.298140466 0.25
v -0.222526208 0.297726899 0.25
v -0.222051412 0.29651168 0.25
v -0.221733481 0.295993835 0.25
v -0.22140491 0.295383811 0.25
v -0.220947966 0.294488698 0.25
v -0.220716685 0.294088066 0.25
v -0.220066354 0.292999476 0.25
v -0.219920397 0.292772233 0.25
v -0.219368488 0.291647792 0.25
v -0.219097525 0.291038334 0.25
v -0.218752027 0.290470153 0.25
v -0.218290508 0.289355308 0.25
v -0.21809943 0.288975865 0.25
v -0.217705131 0.288246781 0.25
v -0.217211351 0.28742364 0.25
v -0.216974497 0.286974758 0.25
v -0.216398105 0.285799772 0.25
v -0.215641662 0.284469306 0.25
v -0.215313151 0.283784926 0.25
v -0.215279758 0.283732086 0.25
v -0.214493617 0.282377005 0.25
v -0.214275703 0.282031298 0.25
v -0.213757947 0.280865371 0.25
v -0.213422105 0.280301869 0.25
v -0.213276476 0.280092865 0.25
v -0.21264942 0.278780341 0.25
v -0.212463453 0.278355926 0.25
v -0.21188058 0.277260005 0.25
v -0.211618483 0.276845008 0.25
v -0.211337194 0.276325375 0.25
v -0.21084787 0.275247186 0.25
v -0.210576177 0.274798512 0.25
v -0.210037872 0.273775727 0.25
v -0.209791794 0.273266017 0.25
v -0.209546775 0.272722363 0.25
v -0.208935663 0.271691561 0.25
v -0.208781317 0.27147159 0.25
v -0.208186001 0.270207554 0.25
v -0.207949147 0.269779354 0.25
v -0.207357958 0.268917501 0.25
v -0.206962302 0.268054932 0.25
v -0.206210941 0.266719669 0.25
v -0.205967426 0.266317278 0.25
v -0.205561548 0.265200019 0.25
v -0.205135629 0.264456332 0.25
v -0.205078796 0.264360666 0.25
v -0.204405099 0.263040721 0.25
v -0.204160362 0.26254192 0.25
v -0.203662366 0.261610299 0.25
v -0.203335539 0.261105895 0.25
v -0.203093067 0.260723025 0.25
v -0.202595294 0.259541839 0.25
v -0.20230113 0.259015948 0.25
v -0.202000558 0.258463353 0.25
v -0.201509237 0.257548243 0.25
v -0.201269165 0.257090032 0.25
v -0.200641409 0.255983412 0.25
v -0.20048596 0.255783528 0.25
v -0.199917153 0.254662186 0.25
v -0.199640006 0.254063934 0.25
v -0.199253649 0.253472567 0.25
v -0.198748663 0.252429694 0.25
v -0.198637381 0.25217092 0.25
v -0.198095247 0.251061618 0.25
v -0.197715759 0.250443459 0.25
v -0.197611406 0.250228524 0.25
v -0.196949452 0.248808175 0.25
v -0.196798533 0.248529166 0.25
v -0.196189567 0.247466475 0.25
v -0.19584319 0.246757388 0.25
v -0.195066258 0.245403707 0.25
v -0.194811732 0.245024607 0.25
v -0.194288015 0.243896022 0.25
v -0.1940047 0.243396103 0.25
v -0.193757966 0.243005306 0.25
v -0.193178803 0.241887912 0.25
v -0.192998081 0.241444111 0.25
v -0.192404628 0.240268901 0.25
v -0.19218874 0.239924103 0.25
v -0.191832364 0.239255771 0.25
v -0.191386238 0.238290623 0.25
v -0.191132545 0.237884685 0.25
v -0.190552548 0.236844033 0.25
v -0.190330729 0.236390799 0.25
v -0.189958662 0.235557556 0.25
v -0.189446792 0.234682426 0.25
v -0.189359993 0.234516397 0.25
v -0.188763872 0.233216003 0.25
v -0.188508719 0.232754067 0.25
v -0.187998846 0.231937766 0.25
v -0.187478185 0.231028065 0.25
v -0.186788604 0.229717165 0.25
v -0.186519966 0.229299814 0.25
v -0.185716808 0.227518827 0.25
v -0.185629293 0.227332726 0.25
v -0.184934705 0.226119488 0.25
v -0.184703484 0.225650862 0.25
v -0.184302941 0.224819154 0.25
v -0.183904514 0.224206433 0.25
v -0.1835749 0.223684117 0.25
v -0.183144346 0.222575203 0.25
v -0.182867989 0.222091451 0.25
v -0.18248266 0.221462667 0.25
v -0.182056203 0.220602646 0.25
v -0.18179521 0.220103174 0.25
v -0.181135267 0.218970507 0.25
v -0.18104285 0.218819231 0.25
v -0.180459201 0.217649728 0.25
v -0.180176005 0.217057511 0.25
v -0.179875463 0.216529906 0.25
v -0.179289728 0.215420082 0.25
v -0.17918396 0.215216115 0.25
v -0.178588971 0.214015141 0.25
v -0.178231642 0.213426322 0.25
v -0.177463472 0.211826354 0.25
v -0.177334249 0.211542144 0.25
v -0.176689625 0.210452035 0.25
v -0.176386818 0.20983316 0.25
v -0.176342115 0.20972985 0.25
v -0.175635219 0.208406791 0.25
v -0.175376713 0.208007187 0.25
v -0.174856275 0.206886068 0.25
v -0.174573854 0.206415355 0.25
v -0.174297407 0.205991268 0.25
v -0.173729137 0.204932988 0.25
v -0.172971651 0.203329802 0.25
v -0.172750592 0.202960208 0.25
v -0.172350079 0.202199742 0.25
v -0.171953037 0.20127134 0.25
v -0.171717271 0.200879022 0.25
v -0.171072468 0.199863344 0.25
v -0.17084384 0.199515551 0.25
v -0.170325071 0.19837375 0.25
v -0.169904724 0.197718471 0.25
v -0.169884145 0.197690263 0.25
v -0.16925247 0.196200445 0.25
v -0.169062033 0.195755959 0.25
v -0.168497324 0.194948152 0.25
v -0.168042585 0.193991646 0.25
v -0.167356253 0.192754388 0.25
v -0.167074978 0.192318782 0.25
v -0.166647419 0.19134827 0.25
v -0.166297376 0.190665007 0.25
v -0.165483832 0.189184964 0.25
v -0.165261194 0.188754216 0.25
v -0.164854378 0.187892541 0.25
v -0.164472565 0.187198952 0.25
v -0.164157838 0.186697721 0.25
v -0.163673654 0.185583264 0.25
v -0.163031623 0.184423149 0.25
v -0.162592798 0.183655128 0.25
v -0.162320003 0.183092356 0.25
v -0.161703467 0.181944445 0.25
v -0.161605105 0.181807846 0.25
v -0.160996899 0.180663437 0.25
v -0.160726503 0.180041835 0.25
v -0.160498887 0.179646179 0.25
v -0.159847483 0.178443164 0.25
v -0.159730241 0.178217396 0.25
v -0.15915668 0.177025914 0.25
v -0.158783525 0.176469818 0.25
v -0.158726469 0.176389903 0.25
v -0.158012494 0.174945965 0.25
v -0.157825157 0.174605131 0.25
v -0.157183886 0.173511535 0.25
v -0.156961709 0.173119605 0.25
v -0.156629831 0.172394529 0.25
v -0.156209081 0.171464816 0.25
v -0.155926794 0.171019942 0.25
v -0.155417293 0.169893101 0.25
v -0.155150741 0.16939804 0.25
v -0.154923022 0.169012904 0.25
v -0.154283255 0.167945519 0.25
v -0.154094011 0.167577103 0.25
v -0.153512433 0.166386291 0.25
v -0.153303578 0.166031957 0.25
v -0.152810976 0.165128797 0.25
v -0.152462319 0.164301217 0.25
v -0.152319282 0.164061204 0.25
v -0.151411325 0.162462592 0.25
v -0.150900915 0.161420077 0.25
v -0.150461122 0.160716578 0.25
v -0.150422975 0.160659671 0.25
v -0.149759814 0.159220263 0.25
v -0.149565071 0.158774644 0.25
v -0.14901188 0.157827646 0.25
v -0.148668051 0.157225937 0.25
v -0.148537189 0.156983659 0.25
v -0.14794831 0.155712321 0.25
v -0.147654638 0.155232921 0.25
v -0.147247985 0.154426679 0.25
v -0.146716192 0.15329963 0.25
v -0.146052271 0.152189806 0.25
v -0.145818546 0.151843205 0.25
v -0.145342559 0.150871441 0.25
v -0.145013481 0.150303245 0.25
v -0.144520715 0.149590552 0.25
v -0.144139126 0.148607552 0.25
v -0.144009233 0.14833419 0.25
v -0.14343518 0.147333324 0.25
v -0.143100768 0.146694377 0.25
v -0.142854646 0.146073803 0.25
v -0.142271474 0.144975901 0.25
v -0.14216046 0.144797489 0.25
v -0.14154397 0.143667996 0.25
v -0.141235292 0.143041313 0.25
v -0.141203836 0.14298971 0.25
v -0.140395999 0.141543239 0.25
v -0.14023751 0.141255915 0.25
v -0.139712632 0.140024826 0.25
v -0.139346674 0.139412597 0.25
v -0.139308199 0.139357671 0.25
v -0.13857989 0.137957081 0.25
v -0.138382882 0.137584716 0.25
v -0.137737587 0.136510327 0.25
v -0.137530342 0.136181295 0.25
v -0.137122542 0.135368973 0.25
v -0.136738986 0.134539679 0.25
v -0.136444151 0.134074688 0.25
v -0.13596499 0.132974356 0.25
v -0.135717914 0.132468954 0.25
v -0.134871081 0.130896956 0.25
v -0.134687215 0.130535483 0.25
v -0.134136766 0.129423231 0.25
v -0.133420214 0.128190726 0.25
v -0.132992953 0.127286211 0.25
v -0.132881895 0.127113059 0.25
v -0.132170722 0.125941858 0.25
v -0.131904572 0.125534058 0.25
v -0.131405041 0.124417506 0.25
v -0.131039709 0.123782121 0.25
v -0.1309416 0.123633824 0.25
v -0.13028039 0.1222611 0.25
v -0.130090103 0.121773273 0.25
v -0.129483089 0.120798916 0.25
v -0.129236236 0.120344147 0.25
v -0.129041761 0.119961888 0.25
v -0.128485218 0.11879617 0.25
v -0.128192529 0.118352927 0.25
v -0.127757937 0.117490523 0.25
v -0.127422675 0.116737194 0.25
v -0.127215624 0.116315827 0.25
v -0.126607433 0.115178481 0.25
v -0.126398131 0.11479605 0.25
v -0.125967667 0.113962978 0.25
v -0.125573874 0.113262825 0.25
v -0.125193357 0.112661853 0.25
v -0.124601491 0.111582831 0.25
v -0.123901762 0.110227793 0.25
v -0.12360207 0.109750308 0.25
v -0.123232581 0.108750917 0.25
v -0.122888237 0.107992209 0.25
v -0.122139513 0.106714822 0.25
v -0.121791922 0.106007382 0.25
v -0.120973483 0.104615048 0.25
v -0.120750427 0.104259066 0.25
v -0.120280117 0.103083856 0.25
v -0.119901016 0.102503739 0.25
v -0.119765162 0.102320805 0.25
v -0.119140625 0.101043984 0.25
v -0.118918583 0.100614756 0.25
v -0.118265308 0.0995118842 0.25
v -0.118097484 0.0992254168 0.25
v -0.11765933 0.0983708128 0.25
v -0.117285661 0.0975559354 0.25
v -0.117018744 0.0971276164 0.25
v -0.116441064 0.0960270613 0.25
v -0.115792394 0.0947341919 0.25
v -0.115280293 0.0939155817 0.25
v -0.114645496 0.0923961475 0.25
v -0.114435941 0.0919968188 0.25
v -0.113921888 0.0911660641 0.25
v -0.11356359 0.0902681723 0.25
v -0.113447286 0.0900866464 0.25
v -0.112752952 0.0889805555 0.25
v -0.112468518 0.0885075331 0.25
v -0.111950204 0.0874393061 0.25
v -0.111626118 0.0868837684 0.25
v -0.111456752 0.0866120532 0.25
v -0.110844083 0.0853468105 0.25
v -0.110634699 0.0848419741 0.25
v -0.110173233 0.083939448 0.25
v -0.109817617 0.0833062083 0.25
v -0.109619536 0.0829473957 0.25
v -0.109056711 0.0817737132 0.25
v -0.108778097 0.081300579 0.25
v -0.108369924 0.080591552 0.25
v -0.107961074 0.0798563659 0.25
v -0.107715547 0.0792967603 0.25
v -0.107117683 0.0782055333 0.25
v -0.106967218 0.0779948458 0.25
v -0.106463902 0.0768703893 0.25
v -0.106157996 0.0762468651 0.25
v -0.105780877 0.0757137164 0.25
v -0.105122037 0.0744110122 0.25
v -0.104484417 0.0733409747 0.25
v -0.104144402 0.0727909803 0.25
v -0.103809439 0.07201159 0.25
v -0.103352182 0.0711138695 0.25
v -0.103212453 0.0708657727 0.25
v -0.102580063 0.0696760342 0.25
v -0.10222394 0.0689433366 0.25
v -0.101540543 0.0676570162 0.25
v -0.101289138 0.0672573522 0.25
v -0.100800574 0.0661087558 0.25
v -0.100483648 0.0655424297 0.25
v -0.100326821 0.0652912259 0.25
v -0.0996849313 0.0640899613 0.25
v -0.0994668454 0.0636494979 0.25
v -0.0988191962 0.062496949 0.25
v -0.0986607298 0.0622490756 0.25
v -0.0982040986 0.0613508411 0.25
v -0.097856842 0.060533762 0.25
v -0.0976136103 0.0601390675 0.25
v -0.0970512629 0.0590598769 0.25
v -0.0964484885 0.0578185469 0.25
v -0.0958378538 0.056881655 0.25
v -0.0951415971 0.0554230846 0.25
v -0.0949494541 0.055042576 0.25
v -0.0943698436 0.0540570281 0.25
v -0.094039686 0.0532742515 0.25
v -0.0933109969 0.0518862121 0.25
v -0.0930337682 0.0514503196 0.25
v -0.0925292969 0.050421197 0.25
v -0.0921965092 0.049843736 0.25
v -0.0920360088 0.0495830961 0.25
v -0.0913753361 0.0484293625 0.25
v -0.0911692306 0.0480152257 0.25
v -0.0906743929 0.0470041893 0.25
v -0.0903698653 0.0464931913 0.25
v -0.0900188312 0.0458637364 0.25
v -0.0896049514 0.0448218994 0.25
v -0.0893495902 0.0444473252 0.25
v -0.0888219774 0.0435711332 0.25
v -0.0885072798 0.0428978801 0.25
v -0.0882021263 0.0422925577 0.25
v -0.0875193849 0.0410745107 0.25
v -0.0869325995 0.0398456715 0.25
v -0.0866586193 0.0392810963 0.25
v -0.0863344818 0.0387336425 0.25
v -0.085777618 0.0376461446 0.25
v -0.0856683478 0.0374242701 0.25
v -0.0850742161 0.0362478197 0.25
v -0.0847129226 0.0356484875 0.25
v -0.0839338526 0.0340372734 0.25
v -0.0838065818 0.0337801315 0.25
v -0.0828635618 0.0322795138 0.25
v -0.0825425908 0.0315876156 0.25
v -0.0820964128 0.0307525061 0.25
v -0.0817761421 0.0302677862 0.25
v -0.0813510716 0.0291354712 0.25
v -0.0810613856 0.0286209099 0.25
v -0.0808206871 0.0282524955 0.25
v -0.0802573264 0.0270914137 0.25
v -0.0800360516 0.0266447831 0.25
v -0.0794204399 0.025554629 0.25
v -0.0792240277 0.0252460614 0.25
v -0.0787282288 0.0243634246 0.25
v -0.0783626959 0.0235554446 0.25
v -0.0782228261 0.023324132 0.25
v -0.0775418878 0.0220608171 0.25
v -0.077349171 0.0216840953 0.25
v -0.0768794864 0.020656839 0.25
v -0.0763988644 0.0199059378 0.25
v -0.0763906389 0.0198957659 0.25
v -0.0756425634 0.0184670333 0.25
v -0.0754475594 0.0180905946 0.25
v -0.0748017728 0.0170409027 0.25
v -0.0744255632 0.0162271 0.25
v -0.073826991 0.01500668 0.25
v -0.0735521093 0.0145617444 0.25
v -0.0731350631 0.0135293463 0.25
v -0.0727771595 0.0128751397 0.25
v -0.0725879222 0.0125620523 0.25
v -0.0719562694 0.0114117656 0.25
v -0.0717402399 0.0109898886 0.25
v -0.0713111013 0.0100874724 0.25
v -0.0709482506 0.00941365585 0.25
v -0.0706563294 0.00891604926 0.25
v -0.070129931 0.00780650927 0.25
v -0.0693886653 0.0065626353 0.25
v -0.0690197423 0.00596816419 0.25
v -0.0686225295 0.00503438292 0.25
v -0.0681514889 0.00418068189 0.25
v -0.068077676 0.00407997426 0.25
v -0.0674765706 0.00283943443 0.25
v -0.0672236085 0.00225479691 0.25
v -0.0669514388 0.00183094165 0.25
v -0.0663124323 0.000731009 0.25
v -0.0661834106 0.000488168211 0.25
v -0.0655825287 -0.000721119053 0.25
v -0.0652557388 -0.00122652401 0.25
v -0.0650192797 -0.00171898736 0.25
v -0.0645005107 -0.00287373853 0.25
v -0.0643282831 -0.00320129399 0.25
v -0.0636994541 -0.00429653563 0.25
v -0.0634373948 -0.0047584814 0.25
v -0.0626352355 -0.00621049665 0.25
v -0.0623058155 -0.00671725813 0.25
v -0.0617616139 -0.0078296233 0.25
v -0.0616137758 -0.00815678295 0.25
v -0.0611829385 -0.00903246831 0.25
v -0.0607582629 -0.00984553527 0.25
v -0.0605885237 -0.0102356523 0.25
v -0.0599981807 -0.0114238597 0.25
v -0.0597860254 -0.0117783155 0.25
v -0.0593182035 -0.0126307169 0.25
v -0.058913365 -0.0134693282 0.25
v -0.0587996878 -0.0136483088 0.25
v -0.0580590405 -0.0149140535 0.25
v -0.0578622892 -0.0152615011 0.25
v -0.0573452115 -0.0164195877 0.25
v -0.0569430888 -0.0170895606 0.25
v -0.0569209345 -0.0171224512 0.25
v -0.0562169366 -0.0185594913 0.25
v -0.0560113974 -0.0189609099 0.25
v -0.0554076582 -0.0199774839 0.25
v -0.0551419556 -0.0204389784 0.25
v -0.0549397767 -0.0208088625 0.25
v -0.0544072464 -0.0220070165 0.25
v -0.0541068465 -0.0224649496 0.25
v -0.0536598489 -0.0233803634 0.25
v -0.0533344671 -0.024077069 0.25
v -0.053148564 -0.024456108 0.25
v -0.0524816997 -0.0255620889 0.25
v -0.0523123853 -0.0258461274 0.25
v -0.0518236235 -0.0269666314 0.25
v -0.0515067205 -0.0275210347 0.25
v -0.0511101596 -0.0281352848 0.25
v -0.050661467 -0.0291864462 0.25
v -0.0498522446 -0.0304461438 0.25
v -0.0495337583 -0.0310084578 0.25
v -0.0490355305 -0.0320296399 0.25
v -0.0486653931 -0.0326920114 0.25
v -0.0485764667 -0.0328468308 0.25
v -0.0479696207 -0.0341848284 0.25
v -0.0477432795 -0.0347454473 0.25
v -0.0476091728 -0.0349622369 0.25
v -0.0468785018 -0.0362432115 0.25
v -0.0467219576 -0.0365276188 0.25
v -0.0461518727 -0.0377123803 0.25
v -0.0458179042 -0.0382362343 0.25
v -0.0456005782 -0.0386283025 0.25
v -0.0450510085 -0.0398292802 0.25
v -0.0448818058 -0.040210411 0.25
v -0.0440084375 -0.041680485 0.25
v -0.043693766 -0.042346444 0.25
v -0.0432209149 -0.0432466306 0.25
v -0.0428990684 -0.0437162034 0.25
v -0.042355489 -0.0447997749 0.25
v -0.0421786271 -0.0451659597 0.25
v -0.0417083725 -0.0460116044 0.25
v -0.0412557535 -0.0467986204 0.25
v -0.0411785543 -0.0469755381 0.25
v -0.040519543 -0.0484133102 0.25
v -0.0403326228 -0.0487398766 0.25
v -0.0398302972 -0.0496864319 0.25
v -0.0394761823 -0.0504918396 0.25
v -0.0393625051 -0.0506733917 0.25
v -0.0386496633 -0.0518679582 0.25
v -0.0384019054 -0.0522670895 0.25
v -0.0379077196 -0.0533774197 0.25
v -0.0375094078 -0.0540017001 0.25
v -0.0374060161 -0.0541448221 0.25
v -0.0367571488 -0.055429697 0.25
v -0.0365362652 -0.0558786169 0.25
v -0.0359275825 -0.0569544174 0.25
v -0.0357115567 -0.0573485196 0.25
v -0.0354497842 -0.0578540079 0.25
v -0.0349413827 -0.0589528941 0.25
v -0.0346656218 -0.0593746305 0.25
v -0.0341951735 -0.0603470132 0.25
v -0.0338957049 -0.060952276 0.25
v -0.0335938632 -0.0614830554 0.25
v -0.0329855457 -0.0625420138 0.25
v -0.0328812785 -0.0627310276 0.25
v -0.0323327519 -0.0639699847 0.25
v -0.0320571028 -0.0645126328 0.25
v -0.0316771604 -0.0651303306 0.25
v -0.0312076993 -0.0662072077 0.25
v -0.0310538672 -0.0664692894 0.25
v -0.0304874834 -0.0674604028 0.25
v -0.0300999954 -0.068061091 0.25
v -0.0296351388 -0.0690284744 0.25
v -0.0284667406 -0.0711449534 0.25
v -0.0282346942 -0.0716771185 0.25
v -0.0280473493 -0.0720661283 0.25
v -0.0274374504 -0.0731111839 0.25
v -0.0271986779 -0.0735097528 0.25
v -0.02672006 -0.0746762305 0.25
v -0.0261107255 -0.075622417 0.25
v -0.0256066211 -0.076699771 0.25
v -0.0253797732 -0.0771415681 0.25
v -0.0247080475 -0.0782647878 0.25
v -0.0245717354 -0.0785318688 0.25
v -0.0241453946 -0.0794607624 0.25
v -0.0237617772 -0.0802339911 0.25
v -0.0234866664 -0.0806732178 0.25
v -0.022907285 -0.0817706883 0.25
v -0.0227312446 -0.0821186751 0.25
v -0.0222309809 -0.0830753148 0.25
v -0.0217920933 -0.0838119239 0.25
v -0.0217610113 -0.0838672221 0.25
v -0.0210453179 -0.0853960961 0.25
v -0.0208719317 -0.0857059881 0.25
v -0.0202560984 -0.0867456198 0.25
v -0.0198999476 -0.087497063 0.25
v -0.0191565622 -0.0888182446 0.25
v -0.0189176202 -0.0892153159 0.25
v -0.0184847787 -0.0903544128 0.25
v -0.0180932507 -0.091003105 0.25
v -0.0179830473 -0.0911748484 0.25
v -0.0173424613 -0.0924460515 0.25
v -0.0171000157 -0.0929126889 0.25
v -0.016536966 -0.0938934311 0.25
v -0.0162788667 -0.0943272859 0.25
v -0.0159715433 -0.0948843211 0.25
v -0.0155123109 -0.0959835425 0.25
v -0.0148023814 -0.097263135 0.25
v -0.0144438567 -0.0979300588 0.25
v -0.0141753014 -0.0985044688 0.25
v -0.0134868482 -0.0995481089 0.25
v -0.013436324 -0.0996076465 0.25
v -0.0127905384 -0.100989275 0.25
v -0.0125676468 -0.101448484 0.25
v -0.0119897909 -0.102321342 0.25
v -0.0117202187 -0.103125505 0.25
v -0.0116056083 -0.103382476 0.25
v -0.0109723127 -0.10448049 0.25
v -0.0106459437 -0.105079874 0.25
v -0.0102168331 -0.106021881 0.25
v -0.00982343871 -0.106667638 0.25
v -0.00967627577 -0.106903128 0.25
v -0.00905111805 -0.108086705 0.25
v -0.00878623687 -0.108606212 0.25
v -0.00854085293 -0.109096386 0.25
v -0.00800600369 -0.110066392 0.25
v -0.00772970682 -0.110511579 0.25
v -0.00724329054 -0.111651555 0.25
v -0.00696467655 -0.112131275 0.25
v -0.00665723998 -0.112647161 0.25
v -0.00613295939 -0.11361663 0.25
v -0.00591441942 -0.114086658 0.25
v -0.0052744546 -0.115279809 0.25
v -0.00513565633 -0.115497559 0.25
v -0.00467704469 -0.116485283 0.25
v -0.00433711288 -0.117245197 0.25
v -0.00406652363 -0.117648371 0.25
v -0.00348324236 -0.11872112 0.25
v -0.00328838197 -0.119131804 0.25
v -0.00281824172 -0.120058239 0.25
v -0.00231701881 -0.120868057 0.25
v -0.00162749109 -0.122387864 0.25
v -0.00143432617 -0.122742318 0.25
v -0.000841267873 -0.123705886 0.25
v -0.000390568486 -0.124518834 0.25
v 0.000288786716 -0.125712082 0.25
v 0.000588311057 -0.126159266 0.25
v 0.00101103599 -0.127266914 0.25
v 0.00131711608 -0.127887011 0.25
v 0.0014923095 -0.128191039 0.25
v 0.00210808637 -0.129404142 0.25
v 0.00233708136 -0.129885018 0.25
v 0.00281383377 -0.13072595 0.25
v 0.00315585663 -0.13127628 0.25
v 0.00352851022 -0.131925136 0.25
v 0.00397304958 -0.132932082 0.25
v 0.00416016765 -0.133219674 0.25
v 0.00472270837 -0.134281754 0.25
v 0.00499928789 -0.134889692 0.25
v 0.00530666765 -0.135495305 0.25
v 0.00596669503 -0.136578202 0.25
v 0.00600682013 -0.136640191 0.25
v 0.00667577656 -0.137963071 0.25
v 0.00692251697 -0.138440624 0.25
v 0.0074787843 -0.139388531 0.25
v 0.00790167879 -0.140248954 0.25
v 0.00850507896 -0.141530812 0.25
v 0.00881257188 -0.142035156 0.25
v 0.00907276291 -0.142601922 0.25
v 0.00959958695 -0.143731579 0.25
v 0.00972222164 -0.143981472 0.25
v 0.0103921397 -0.145093709 0.25
v 0.0106520476 -0.145575464 0.25
v 0.0108823422 -0.146095097 0.25
v 0.0114156082 -0.147040591 0.25
v 0.0117363818 -0.147516429 0.25
v 0.012218277 -0.148638681 0.25
v 0.0124598751 -0.14903295 0.25
v 0.012912496 -0.149705723 0.25
v 0.0133323381 -0.150571838 0.25
v 0.0135395192 -0.151009515 0.25
v 0.0141951945 -0.152192518 0.25
v 0.0143234814 -0.152411699 0.25
v 0.0148460101 -0.153541565 0.25
v 0.0151502257 -0.154224873 0.25
v 0.0153050171 -0.154475287 0.25
v 0.0160011575 -0.155715123 0.25
v 0.0161846578 -0.156056777 0.25
v 0.0167214852 -0.157151148 0.25
v 0.0171338674 -0.157810301 0.25
v 0.0171702635 -0.157862857 0.25
v 0.01783159 -0.159358159 0.25
v 0.0180247556 -0.159750313 0.25
v 0.0186120495 -0.160725713 0.25
v 0.0189448595 -0.161325917 0.25
v 0.0190689657 -0.161545441 0.25
v 0.0197160505 -0.162722379 0.25
v 0.0200084541 -0.163158774 0.25
v 0.0205066819 -0.164201543 0.25
v 0.0207596384 -0.164720997 0.25
v 0.0210418124 -0.165240481 0.25
v 0.0216115303 -0.166343346 0.25
v 0.021768922 -0.166752085 0.25
v 0.0222343151 -0.167735115 0.25
v 0.0225805212 -0.168320999 0.25
v 0.022909658 -0.16888538 0.25
v 0.0233955663 -0.169961795 0.25
v 0.0235943832 -0.170286134 0.25
v 0.0241609924 -0.171233222 0.25
v 0.0245034676 -0.171801329 0.25
v 0.0249221232 -0.172756106 0.25
v 0.0254819505 -0.173601612 0.25
v 0.0261147954 -0.174973607 0.25
v 0.0263428856 -0.175486863 0.25
v 0.0267017502 -0.176012561 0.25
v 0.0272249579 -0.176921412 0.25
v 0.0279568695 -0.178441271 0.25
v 0.0282692239 -0.178913653 0.25
v 0.0285898279 -0.179613456 0.25
v 0.0290195607 -0.180535853 0.25
v 0.0292433556 -0.180916995 0.25
v 0.029860884 -0.182046786 0.25
v 0.0300726984 -0.182517543 0.25
v 0.0303007327 -0.183016121 0.25
v 0.0308599398 -0.184065297 0.25
v 0.0311178695 -0.18451193 0.25
v 0.0316713117 -0.185658485 0.25
v 0.0323248953 -0.186712593 0.25
v 0.0328099579 -0.187546134 0.25
v 0.0330000706 -0.187917918 0.25
v 0.0336216688 -0.189168572 0.25
v 0.0337644219 -0.189428702 0.25
v 0.0343157724 -0.190536559 0.25
v 0.0345836505 -0.191243574 0.25
v 0.0347176455 -0.191454545 0.25
v 0.0356556065 -0.19303982 0.25
v 0.0361820906 -0.194154412 0.25
v 0.0365776904 -0.194739863 0.25
v 0.036684107 -0.194893017 0.25
v 0.0372973979 -0.196295679 0.25
v 0.0375068933 -0.196736962 0.25
v 0.0381122716 -0.197745621 0.25
v 0.0383699201 -0.198226988 0.25
v 0.0391406566 -0.19973141 0.25
v 0.0394214764 -0.200162366 0.25
v 0.0399272777 -0.201144457 0.25
v 0.0401980914 -0.20168446 0.25
v 0.0405129306 -0.202271998 0.25
v 0.041101411 -0.203288272 0.25
v 0.0411976576 -0.203465641 0.25
v 0.0417856835 -0.204771653 0.25
v 0.0420432203 -0.205221787 0.25
v 0.0425303131 -0.206032529 0.25
v 0.0428567939 -0.206954673 0.25
v 0.0430248678 -0.207238168 0.25
v 0.0436274782 -0.208208516 0.25
v 0.0439488143 -0.208830208 0.25
v 0.0443588831 -0.209733382 0.25
v 0.0449270159 -0.210634917 0.25
v 0.0455738753 -0.211917624 0.25
v 0.0458451994 -0.212425798 0.25
v 0.0468478724 -0.214268431 0.25
v 0.0473560467 -0.215466052 0.25
v 0.0476984642 -0.216004714 0.25
v 0.0479052514 -0.216384262 0.25
v 0.0484616868 -0.217516184 0.25
v 0.0486811884 -0.217924953 0.25
v 0.049357716 -0.219019562 0.25
v 0.0495083258 -0.21924679 0.25
v 0.049977392 -0.220294073 0.25
v 0.0503156856 -0.220962778 0.25
v 0.0506413206 -0.221463129 0.25
v 0.0510685667 -0.222564206 0.25
v 0.0513140075 -0.223043874 0.25
v 0.0516910106 -0.22359769 0.25
v 0.0522441156 -0.224577561 0.25
v 0.0530848727 -0.226127476 0.25
v 0.0532407388 -0.226388887 0.25
v 0.0538382642 -0.227576643 0.25
v 0.0541361496 -0.228243619 0.25
v 0.0541618615 -0.228284508 0.25
v 0.0551268384 -0.230010301 0.25
v 0.0556251816 -0.231121823 0.25
v 0.0559928045 -0.231702507 0.25
v 0.0561409816 -0.231918946 0.25
v 0.0567512214 -0.233208835 0.25
v 0.0569671057 -0.233682245 0.25
v 0.0575815812 -0.234730437 0.25
v 0.0578009151 -0.235126093 0.25
v 0.0580509305 -0.235612422 0.25
v 0.05859714 -0.236708269 0.25
v 0.0588412806 -0.237099841 0.25
v 0.0593301281 -0.238104165 0.25
v 0.0596225299 -0.238718405 0.25
v 0.0599049889 -0.239244804 0.25
v 0.0605340451 -0.240315348 0.25
v 0.0606351495 -0.240495354 0.25
v 0.0613185726 -0.241575301 0.25
v 0.0619047917 -0.242008805 0.25
v 0.0623718798 -0.242218584 0.25
v 0.0627382025 -0.243252844 0.25
v 0.0626512319 -0.2440155 0.25
v 0.0623322651 -0.244182527 0.25
v 0.0609857626 -0.24428694 0.25
v 0.0601825863 -0.244316161 0.25
v 0.0593780503 -0.244324297 0.25
v 0.0577674024 -0.244311824 0.25
v -0.291776866 -0.244311824 0.25
v -0.293387681 -0.24431096 0.25
v -0.294193059 -0.244313806 0.25
v -0.294998497 -0.244310901 0.25
v -0.295803875 -0.244314656 0.25
v -0.296609282 -0.244309798 0.25
v -0.29741469 -0.244317234 0.25
v -0.298220038 -0.244333595 0.25
v -0.299025267 -0.244324341 0.25
v -0.299830228 -0.244204506 0.25
v -0.300466895 -0.243993208 0.25
vt 0.149791136 0.32645309 0
vt 0.151992336 0.32645309 0
vt 0.152981356 0.32645309 0
vt 0.153966233 0.32645309 0
vt 0.154953048 0.32645309 0
vt 0.992816031 0.32645309 0
vt 0.993819773 0.32645309 0
vt 0.995851159 0.32645309 0
vt 0.996841073 0.32645309 0
vt 0.997762203 0.32645309 0
vt 0.998026431 0.32645309 0
vt 0.997414172 0.32645309 0
vt 0.995926082 0.32645309 0
vt 0.995132983 0.32645309 0
vt 0.994717598 0.32645309 0
vt 0.992893636 0.32645309 0
vt 0.992224276 0.32645309 0
vt 0.990727901 0.32645309 0
vt 0.989900768 0.32645309 0
vt 0.989448428 0.32645309 0
vt 0.987741232 0.32645309 0
vt 0.987018049 0.32645309 0
vt 0.986002684 0.32645309 0
vt 0.984926224 0.32645309 0
vt 0.984174132 0.32645309 0
vt 0.982592106 0.32645309 0
vt 0.98217243 0.32645309 0
vt 0.980697572 0.32645309 0
vt 0.979712069 0.32645309 0
vt 0.978983581 0.32645309 0
vt 0.977332175 0.32645309 0
vt 0.975619018 0.32645309 0
vt 0.974540591 0.32645309 0
vt 0.973917902 0.32645309 0
vt 0.97221911 0.32645309 0
vt 0.97181946 0.32645309 0
vt 0.970324159 0.32645309 0
vt 0.96946013 0.32645309 0
vt 0.968732238 0.32645309 0
vt 0.967269063 0.32645309 0
vt 0.966707766 0.32645309 0
vt 0.965066731 0.32645309 0
vt 0.964062035 0.32645309 0
vt 0.963964224 0.32645309 0
vt 0.962089419 0.32645309 0
vt 0.961486876 0.32645309 0
vt 0.959860504 0.32645309 0
vt 0.95939827 0.32645309 0
vt 0.958261132 0.32645309 0
vt 0.957001686 0.32645309 0
vt 0.956339657 0.32645309 0
vt 0.954894543 0.32645309 0
vt 0.954126716 0.32645309 0
vt 0.953282833 0.32645309 0
vt 0.951805353 0.32645309 0
vt 0.95162636 0.32645309 0
vt 0.949653089 0.32645309 0
vt 0.949103296 0.32645309 0
vt 0.947619081 0.32645309 0
vt 0.946471632 0.32645309 0
vt 0.944415867 0.32645309 0
vt 0.943817973 0.32645309 0
vt 0.942415535 0.32645309 0
vt 0.941328645 0.32645309 0
vt 0.941093862 0.32645309 0
vt 0.939434946 0.32645309 0
vt 0.938727617 0.32645309 0
vt 0.93741405 0.32645309 0
vt 0.936498106 0.32645309 0
vt 0.93588388 0.32645309 0
vt 0.934265733 0.32645309 0
vt 0.933537543 0.32645309 0
vt 0.932615161 0.32645309 0
vt 0.931450248 0.32645309 0
vt 0.930650651 0.32645309 0
vt 0.929055214 0.32645309 0
vt 0.928719401 0.32645309 0
vt 0.92717886 0.32645309 0
vt 0.926253617 0.32645309 0
vt 0.9254933 0.32645309 0
vt 0.923870087 0.32645309 0
vt 0.923651457 0.32645309 0
vt 0.921844423 0.32645309 0
vt 0.921032131 0.32645309 0
vt 0.920842052 0.32645309 0
vt 0.918734074 0.32645309 0
vt 0.918279171 0.32645309 0
vt 0.916834474 0.32645309 0
vt 0.915933073 0.32645309 0
vt 0.913896263 0.32645309 0
vt 0.913194299 0.32645309 0
vt 0.91159147 0.32645309 0
vt 0.910787404 0.32645309 0
vt 0.910391033 0.32645309 0
vt 0.908602417 0.32645309 0
vt 0.90797776 0.32645309 0
vt 0.906351149 0.32645309 0
vt 0.905733049 0.32645309 0
vt 0.905030727 0.32645309 0
vt 0.903450608 0.32645309 0
vt 0.902845621 0.32645309 0
vt 0.901362956 0.32645309 0
vt 0.900769293 0.32645309 0
vt 0.899427652 0.32645309 0
vt 0.898266613 0.32645309 0
vt 0.898063719 0.32645309 0
vt 0.896183074 0.32645309 0
vt 0.895527124 0.32645309 0
vt 0.894187212 0.32645309 0
vt 0.892937839 0.32645309 0
vt 0.891091049 0.32645309 0
vt 0.890439749 0.32645309 0
vt 0.888992071 0.32645309 0
vt 0.887968183 0.32645309 0
vt 0.887637556 0.32645309 0
vt 0.885879099 0.32645309 0
vt 0.885180593 0.32645309 0
vt 0.884184003 0.32645309 0
vt 0.882992864 0.32645309 0
vt 0.882368624 0.32645309 0
vt 0.880762935 0.32645309 0
vt 0.878968894 0.32645309 0
vt 0.877979338 0.32645309 0
vt 0.87706697 0.32645309 0
vt 0.875518858 0.32645309 0
vt 0.875222981 0.32645309 0
vt 0.873658299 0.32645309 0
vt 0.87273258 0.32645309 0
vt 0.872050881 0.32645309 0
vt 0.870142817 0.32645309 0
vt 0.868325472 0.32645309 0
vt 0.86752969 0.32645309 0
vt 0.867464483 0.32645309 0
vt 0.865225255 0.32645309 0
vt 0.8647542 0.32645309 0
vt 0.863298595 0.32645309 0
vt 0.862375975 0.32645309 0
vt 0.862126172 0.32645309 0
vt 0.860309005 0.32645309 0
vt 0.859661162 0.32645309 0
vt 0.858056009 0.32645309 0
vt 0.85742861 0.32645309 0
vt 0.856740415 0.32645309 0
vt 0.855215073 0.32645309 0
vt 0.854628325 0.32645309 0
vt 0.852944314 0.32645309 0
vt 0.852386236 0.32645309 0
vt 0.85124743 0.32645309 0
vt 0.849977553 0.32645309 0
vt 0.849485993 0.32645309 0
vt 0.847943068 0.32645309 0
vt 0.847246706 0.32645309 0
vt 0.845905244 0.32645309 0
vt 0.844692349 0.32645309 0
vt 0.844656765 0.32645309 0
vt 0.842606783 0.32645309 0
vt 0.842022836 0.32645309 0
vt 0.840548158 0.32645309 0
vt 0.839381874 0.32645309 0
vt 0.837509155 0.32645309 0
vt 0.83681494 0.32645309 0
vt 0.835491359 0.32645309 0
vt 0.834572196 0.32645309 0
vt 0.834104478 0.32645309 0
vt 0.832469702 0.32645309 0
vt 0.832043886 0.32645309 0
vt 0.830459714 0.32645309 0
vt 0.829553962 0.32645309 0
vt 0.828825831 0.32645309 0
vt 0.82725817 0.32645309 0
vt 0.826638103 0.32645309 0
vt 0.825644135 0.32645309 0
vt 0.824483752 0.32645309 0
vt 0.822045863 0.32645309 0
vt 0.821769059 0.32645309 0
vt 0.820110261 0.32645309 0
vt 0.819209278 0.32645309 0
vt 0.818749189 0.32645309 0
vt 0.817022085 0.32645309 0
vt 0.81661284 0.32645309 0
vt 0.81489116 0.32645309 0
vt 0.814029276 0.32645309 0
vt 0.813892007 0.32645309 0
vt 0.811790824 0.32645309 0
vt 0.81128186 0.32645309 0
vt 0.809709311 0.32645309 0
vt 0.809084356 0.32645309 0
vt 0.808397233 0.32645309 0
vt 0.806833744 0.32645309 0
vt 0.806170583 0.32645309 0
vt 0.804601312 0.32645309 0
vt 0.803211629 0.32645309 0
vt 0.801171482 0.32645309 0
vt 0.799521744 0.32645309 0
vt 0.798891485 0.32645309 0
vt 0.797718823 0.32645309 0
vt 0.796234846 0.32645309 0
vt 0.794331551 0.32645309 0
vt 0.793799698 0.32645309 0
vt 0.792234004 0.32645309 0
vt 0.791164517 0.32645309 0
vt 0.791013539 0.32645309 0
vt 0.789195895 0.32645309 0
vt 0.788479507 0.32645309 0
vt 0.787042797 0.32645309 0
vt 0.786395729 0.32645309 0
vt 0.785793126 0.32645309 0
vt 0.784102082 0.32645309 0
vt 0.783334494 0.32645309 0
vt 0.782448888 0.32645309 0
vt 0.781159639 0.32645309 0
vt 0.780571759 0.32645309 0
vt 0.778965473 0.32645309 0
vt 0.778625906 0.32645309 0
vt 0.777015448 0.32645309 0
vt 0.776154041 0.32645309 0
vt 0.775313139 0.32645309 0
vt 0.773751199 0.32645309 0
vt 0.773205757 0.32645309 0
vt 0.772146642 0.32645309 0
vt 0.770931244 0.32645309 0
vt 0.770281553 0.32645309 0
vt 0.768598795 0.32645309 0
vt 0.766651154 0.32645309 0
vt 0.765673935 0.32645309 0
vt 0.765595198 0.32645309 0
vt 0.763605177 0.32645309 0
vt 0.763090372 0.32645309 0
vt 0.761442602 0.32645309 0
vt 0.760611475 0.32645309 0
vt 0.760294557 0.32645309 0
vt 0.7584216 0.32645309 0
vt 0.757822871 0.32645309 0
vt 0.756234884 0.32645309 0
vt 0.755616784 0.32645309 0
vt 0.754861832 0.32645309 0
vt 0.753333807 0.32645309 0
vt 0.752670228 0.32645309 0
vt 0.751190603 0.32645309 0
vt 0.750462174 0.32645309 0
vt 0.74969244 0.32645309 0
vt 0.748173237 0.32645309 0
vt 0.747839272 0.32645309 0
vt 0.746039093 0.32645309 0
vt 0.745414913 0.32645309 0
vt 0.744112134 0.32645309 0
vt 0.742887974 0.32645309 0
vt 0.740936458 0.32645309 0
vt 0.740341425 0.32645309 0
vt 0.738799155 0.32645309 0
vt 0.737709224 0.32645309 0
vt 0.7375682 0.32645309 0
vt 0.735667109 0.32645309 0
vt 0.734952748 0.32645309 0
vt 0.733601868 0.32645309 0
vt 0.732847214 0.32645309 0
vt 0.732276618 0.32645309 0
vt 0.730618179 0.32645309 0
vt 0.729850292 0.32645309 0
vt 0.729046881 0.32645309 0
vt 0.727719069 0.32645309 0
vt 0.727056623 0.32645309 0
vt 0.725437224 0.32645309 0
vt 0.725127637 0.32645309 0
vt 0.72351402 0.32645309 0
vt 0.722663879 0.32645309 0
vt 0.721777797 0.32645309 0
vt 0.720286906 0.32645309 0
vt 0.719922662 0.32645309 0
vt 0.718334854 0.32645309 0
vt 0.717418551 0.32645309 0
vt 0.717111111 0.32645309 0
vt 0.715091109 0.32645309 0
vt 0.714685798 0.32645309 0
vt 0.713128209 0.32645309 0
vt 0.712113261 0.32645309 0
vt 0.710128665 0.32645309 0
vt 0.709557831 0.32645309 0
vt 0.707953632 0.32645309 0
vt 0.707222283 0.32645309 0
vt 0.706640184 0.32645309 0
vt 0.705027282 0.32645309 0
vt 0.704406738 0.32645309 0
vt 0.702716708 0.32645309 0
vt 0.70220387 0.32645309 0
vt 0.701235175 0.32645309 0
vt 0.69986403 0.32645309 0
vt 0.699260473 0.32645309 0
vt 0.697741747 0.32645309 0
vt 0.697092891 0.32645309 0
vt 0.695914507 0.32645309 0
vt 0.694627583 0.32645309 0
vt 0.694387615 0.32645309 0
vt 0.692542255 0.32645309 0
vt 0.69186902 0.32645309 0
vt 0.69065547 0.32645309 0
vt 0.689322352 0.32645309 0
vt 0.687426031 0.32645309 0
vt 0.686802268 0.32645309 0
vt 0.684280336 0.32645309 0
vt 0.684015393 0.32645309 0
vt 0.682237327 0.32645309 0
vt 0.681565642 0.32645309 0
vt 0.680377543 0.32645309 0
vt 0.679460227 0.32645309 0
vt 0.678682327 0.32645309 0
vt 0.677140296 0.32645309 0
vt 0.676431656 0.32645309 0
vt 0.675499856 0.32645309 0
vt 0.674266279 0.32645309 0
vt 0.673544466 0.32645309 0
vt 0.671879828 0.32645309 0
vt 0.671655834 0.32645309 0
vt 0.66997683 0.32645309 0
vt 0.669131637 0.32645309 0
vt 0.668359101 0.32645309 0
vt 0.666752815 0.32645309 0
vt 0.666458368 0.32645309 0
vt 0.664736032 0.32645309 0
vt 0.663864911 0.32645309 0
vt 0.661580265 0.32645309 0
vt 0.661177397 0.32645309 0
vt 0.659571469 0.32645309 0
vt 0.658685446 0.32645309 0
vt 0.658539951 0.32645309 0
vt 0.656621575 0.32645309 0
vt 0.65602386 0.32645309 0
vt 0.65443027 0.32645309 0
vt 0.653735161 0.32645309 0
vt 0.653100014 0.32645309 0
vt 0.65156436 0.32645309 0
vt 0.649280071 0.32645309 0
vt 0.648734629 0.32645309 0
vt 0.647634327 0.32645309 0
vt 0.646328449 0.32645309 0
vt 0.645749032 0.32645309 0
vt 0.644234776 0.32645309 0
vt 0.643713057 0.32645309 0
vt 0.642094672 0.32645309 0
vt 0.641115963 0.32645309 0
vt 0.64107281 0.32645309 0
vt 0.638979495 0.32645309 0
vt 0.638354123 0.32645309 0
vt 0.637128711 0.32645309 0
vt 0.635764718 0.32645309 0
vt 0.633960485 0.32645309 0
vt 0.633309126 0.32645309 0
vt 0.631938934 0.32645309 0
vt 0.630954385 0.32645309 0
vt 0.628799081 0.32645309 0
vt 0.628177583 0.32645309 0
vt 0.626949966 0.32645309 0
vt 0.625939727 0.32645309 0
vt 0.625193894 0.32645309 0
vt 0.623623252 0.32645309 0
vt 0.621932089 0.32645309 0
vt 0.620806932 0.32645309 0
vt 0.62000227 0.32645309 0
vt 0.618336558 0.32645309 0
vt 0.618128181 0.32645309 0
vt 0.616470098 0.32645309 0
vt 0.61559397 0.32645309 0
vt 0.615013659 0.32645309 0
vt 0.613265872 0.32645309 0
vt 0.612939894 0.32645309 0
vt 0.611237884 0.32645309 0
vt 0.610400677 0.32645309 0
vt 0.610278964 0.32645309 0
vt 0.608208716 0.32645309 0
vt 0.607712388 0.32645309 0
vt 0.606103539 0.32645309 0
vt 0.605530083 0.32645309 0
vt 0.604501367 0.32645309 0
vt 0.603184164 0.32645309 0
vt 0.602521002 0.32645309 0
vt 0.60092485 0.32645309 0
vt 0.600206196 0.32645309 0
vt 0.59963876 0.32645309 0
vt 0.598062873 0.32645309 0
vt 0.597531796 0.32645309 0
vt 0.59582746 0.32645309 0
vt 0.595305681 0.32645309 0
vt 0.593992054 0.32645309 0
vt 0.592830122 0.32645309 0
vt 0.59247607 0.32645309 0
vt 0.590136349 0.32645309 0
vt 0.58864367 0.32645309 0
vt 0.587597609 0.32645309 0
vt 0.587512016 0.32645309 0
vt 0.585467935 0.32645309 0
vt 0.584839463 0.32645309 0
vt 0.583447158 0.32645309 0
vt 0.582565606 0.32645309 0
vt 0.5822137 0.32645309 0
vt 0.580407143 0.32645309 0
vt 0.579696715 0.32645309 0
vt 0.578537583 0.32645309 0
vt 0.576932013 0.32645309 0
vt 0.575293958 0.32645309 0
vt 0.574771643 0.32645309 0
vt 0.573380232 0.32645309 0
vt 0.572545946 0.32645309 0
vt 0.571467102 0.32645309 0
vt 0.570100188 0.32645309 0
vt 0.569710433 0.32645309 0
vt 0.568243206 0.32645309 0
vt 0.567319632 0.32645309 0
vt 0.56645453 0.32645309 0
vt 0.564864039 0.32645309 0
vt 0.564598978 0.32645309 0
vt 0.562955976 0.32645309 0
vt 0.562057912 0.32645309 0
vt 0.561981559 0.32645309 0
vt 0.559870005 0.32645309 0
vt 0.559451342 0.32645309 0
vt 0.557720363 0.32645309 0
vt 0.556816876 0.32645309 0
vt 0.556733549 0.32645309 0
vt 0.554710865 0.32645309 0
vt 0.554171801 0.32645309 0
vt 0.552585006 0.32645309 0
vt 0.552095056 0.32645309 0
vt 0.550927937 0.32645309 0
vt 0.549749672 0.32645309 0
vt 0.549056649 0.32645309 0
vt 0.547505438 0.32645309 0
vt 0.546781957 0.32645309 0
vt 0.544499815 0.32645309 0
vt 0.543979466 0.32645309 0
vt 0.542384565 0.32645309 0
vt 0.540573895 0.32645309 0
vt 0.539285123 0.32645309 0
vt 0.539026558 0.32645309 0
vt 0.537293673 0.32645309 0
vt 0.536682725 0.32645309 0
vt 0.535103261 0.32645309 0
vt 0.534171402 0.32645309 0
vt 0.53394872 0.32645309 0
vt 0.531987727 0.32645309 0
vt 0.531309068 0.32645309 0
vt 0.529861093 0.32645309 0
vt 0.529200077 0.32645309 0
vt 0.528649867 0.32645309 0
vt 0.526986599 0.32645309 0
vt 0.526321173 0.32645309 0
vt 0.525081336 0.32645309 0
vt 0.52401644 0.32645309 0
vt 0.523412824 0.32645309 0
vt 0.521763504 0.32645309 0
vt 0.521206975 0.32645309 0
vt 0.520005047 0.32645309 0
vt 0.518981814 0.32645309 0
vt 0.518086255 0.32645309 0
vt 0.516515434 0.32645309 0
vt 0.51456058 0.32645309 0
vt 0.513850152 0.32645309 0
vt 0.51246798 0.32645309 0
vt 0.511392713 0.32645309 0
vt 0.509513617 0.32645309 0
vt 0.508500218 0.32645309 0
vt 0.50645107 0.32645309 0
vt 0.505921543 0.32645309 0
vt 0.5042817 0.32645309 0
vt 0.503412366 0.32645309 0
vt 0.503131688 0.32645309 0
vt 0.501303792 0.32645309 0
vt 0.500684381 0.32645309 0
vt 0.49905923 0.32645309 0
vt 0.498637855 0.32645309 0
vt 0.497406244 0.32645309 0
vt 0.496249795 0.32645309 0
vt 0.495613277 0.32645309 0
vt 0.494021714 0.32645309 0
vt 0.492164224 0.32645309 0
vt 0.490946889 0.32645309 0
vt 0.488815784 0.32645309 0
vt 0.488238364 0.32645309 0
vt 0.487005234 0.32645309 0
vt 0.485752702 0.32645309 0
vt 0.48548165 0.32645309 0
vt 0.483835846 0.32645309 0
vt 0.483137101 0.32645309 0
vt 0.481609553 0.32645309 0
vt 0.48079294 0.32645309 0
vt 0.480389148 0.32645309 0
vt 0.478580326 0.32645309 0
vt 0.477872908 0.32645309 0
vt 0.476572752 0.32645309 0
vt 0.475647539 0.32645309 0
vt 0.475124657 0.32645309 0
vt 0.473449051 0.32645309 0
vt 0.472752512 0.32645309 0
vt 0.4717125 0.32645309 0
vt 0.470640004 0.32645309 0
vt 0.469850361 0.32645309 0
vt 0.468262076 0.32645309 0
vt 0.467941165 0.32645309 0
vt 0.466350436 0.32645309 0
vt 0.46545741 0.32645309 0
vt 0.464646846 0.32645309 0
vt 0.462773114 0.32645309 0
vt 0.461194783 0.32645309 0
vt 0.460378557 0.32645309 0
vt 0.459281623 0.32645309 0
vt 0.457989067 0.32645309 0
vt 0.457626432 0.32645309 0
vt 0.455902666 0.32645309 0
vt 0.454854697 0.32645309 0
vt 0.452991158 0.32645309 0
vt 0.452396274 0.32645309 0
vt 0.450781733 0.32645309 0
vt 0.449954778 0.32645309 0
vt 0.449581355 0.32645309 0
vt 0.447839528 0.32645309 0
vt 0.447207898 0.32645309 0
vt 0.445523798 0.32645309 0
vt 0.445153832 0.32645309 0
vt 0.443860888 0.32645309 0
vt 0.442712486 0.32645309 0
vt 0.442127049 0.32645309 0
vt 0.44056806 0.32645309 0
vt 0.438792765 0.32645309 0
vt 0.437389553 0.32645309 0
vt 0.435308456 0.32645309 0
vt 0.434761316 0.32645309 0
vt 0.433310747 0.32645309 0
vt 0.432211548 0.32645309 0
vt 0.430204213 0.32645309 0
vt 0.429554164 0.32645309 0
vt 0.428080469 0.32645309 0
vt 0.427233309 0.32645309 0
vt 0.426846713 0.32645309 0
vt 0.425155878 0.32645309 0
vt 0.42456156 0.32645309 0
vt 0.423114061 0.32645309 0
vt 0.422360331 0.32645309 0
vt 0.421441674 0.32645309 0
vt 0.419989109 0.32645309 0
vt 0.41942355 0.32645309 0
vt 0.418128908 0.32645309 0
vt 0.417171001 0.32645309 0
vt 0.416300744 0.32645309 0
vt 0.414521635 0.32645309 0
vt 0.412768275 0.32645309 0
vt 0.41196093 0.32645309 0
vt 0.4111543 0.32645309 0
vt 0.409587294 0.32645309 0
vt 0.409269363 0.32645309 0
vt 0.407577574 0.32645309 0
vt 0.406691849 0.32645309 0
vt 0.404388934 0.32645309 0
vt 0.40402022 0.32645309 0
vt 0.401786923 0.32645309 0
vt 0.400803536 0.32645309 0
vt 0.399592638 0.32645309 0
vt 0.398864895 0.32645309 0
vt 0.39729628 0.32645309 0
vt 0.396544188 0.32645309 0
vt 0.39599219 0.32645309 0
vt 0.394331843 0.32645309 0
vt 0.393691301 0.32645309 0
vt 0.392097145 0.32645309 0
vt 0.391636908 0.32645309 0
vt 0.390347272 0.32645309 0
vt 0.389202654 0.32645309 0
vt 0.388860613 0.32645309 0
vt 0.387026459 0.32645309 0
vt 0.386483699 0.32645309 0
vt 0.385026455 0.32645309 0
vt 0.383905351 0.32645309 0
vt 0.383889496 0.32645309 0
vt 0.381824136 0.32645309 0
vt 0.38128078 0.32645309 0
vt 0.379724234 0.32645309 0
vt 0.378568083 0.32645309 0
vt 0.376820296 0.32645309 0
vt 0.376160055 0.32645309 0
vt 0.374717832 0.32645309 0
vt 0.373765886 0.32645309 0
vt 0.373302966 0.32645309 0
vt 0.371628195 0.32645309 0
vt 0.371020287 0.32645309 0
vt 0.369733393 0.32645309 0
vt 0.368755221 0.32645309 0
vt 0.368023127 0.32645309 0
vt 0.366441369 0.32645309 0
vt 0.364606619 0.32645309 0
vt 0.363723785 0.32645309 0
vt 0.362411231 0.32645309 0
vt 0.361167341 0.32645309 0
vt 0.361013204 0.32645309 0
vt 0.359239548 0.32645309 0
vt 0.358416021 0.32645309 0
vt 0.357782841 0.32645309 0
vt 0.356167108 0.32645309 0
vt 0.355815321 0.32645309 0
vt 0.354080319 0.32645309 0
vt 0.353324383 0.32645309 0
vt 0.352621228 0.32645309 0
vt 0.350986809 0.32645309 0
vt 0.350513011 0.32645309 0
vt 0.348907173 0.32645309 0
vt 0.348231167 0.32645309 0
vt 0.346115112 0.32645309 0
vt 0.345356435 0.32645309 0
vt 0.343763977 0.32645309 0
vt 0.343300581 0.32645309 0
vt 0.342045933 0.32645309 0
vt 0.340871006 0.32645309 0
vt 0.340321064 0.32645309 0
vt 0.338616341 0.32645309 0
vt 0.338093132 0.32645309 0
vt 0.336852163 0.32645309 0
vt 0.335653782 0.32645309 0
vt 0.335386932 0.32645309 0
vt 0.333525479 0.32645309 0
vt 0.33301717 0.32645309 0
vt 0.331379384 0.32645309 0
vt 0.330389947 0.32645309 0
vt 0.330340415 0.32645309 0
vt 0.328282714 0.32645309 0
vt 0.32770434 0.32645309 0
vt 0.326205701 0.32645309 0
vt 0.325528771 0.32645309 0
vt 0.3249906 0.32645309 0
vt 0.323297143 0.32645309 0
vt 0.322610438 0.32645309 0
vt 0.321300298 0.32645309 0
vt 0.320309132 0.32645309 0
vt 0.319766313 0.32645309 0
vt 0.318131834 0.32645309 0
vt 0.317712843 0.32645309 0
vt 0.316132843 0.32645309 0
vt 0.315320551 0.32645309 0
vt 0.314402163 0.32645309 0
vt 0.312923938 0.32645309 0
vt 0.311042041 0.32645309 0
vt 0.310219377 0.32645309 0
vt 0.308757961 0.32645309 0
vt 0.307790965 0.32645309 0
vt 0.307563961 0.32645309 0
vt 0.305667847 0.32645309 0
vt 0.304884762 0.32645309 0
vt 0.304563016 0.32645309 0
vt 0.30268684 0.32645309 0
vt 0.302272558 0.32645309 0
vt 0.300580323 0.32645309 0
vt 0.299798787 0.32645309 0
vt 0.299227118 0.32645309 0
vt 0.297523201 0.32645309 0
vt 0.296984613 0.32645309 0
vt 0.294817299 0.32645309 0
vt 0.293868423 0.32645309 0
vt 0.292566478 0.32645309 0
vt 0.291856766 0.32645309 0
vt 0.290300041 0.32645309 0
vt 0.289776713 0.32645309 0
vt 0.288543075 0.32645309 0
vt 0.287388891 0.32645309 0
vt 0.287139416 0.32645309 0
vt 0.285099089 0.32645309 0
vt 0.284620523 0.32645309 0
vt 0.283249468 0.32645309 0
vt 0.282112658 0.32645309 0
vt 0.281842619 0.32645309 0
vt 0.280080229 0.32645309 0
vt 0.279487461 0.32645309 0
vt 0.277917832 0.32645309 0
vt 0.276986301 0.32645309 0
vt 0.27676782 0.32645309 0
vt 0.274920136 0.32645309 0
vt 0.274276942 0.32645309 0
vt 0.27270329 0.32645309 0
vt 0.272129655 0.32645309 0
vt 0.271400094 0.32645309 0
vt 0.26983878 0.32645309 0
vt 0.269206762 0.32645309 0
vt 0.267816812 0.32645309 0
vt 0.266948938 0.32645309 0
vt 0.266171902 0.32645309 0
vt 0.264619201 0.32645309 0
vt 0.264343798 0.32645309 0
vt 0.262593508 0.32645309 0
vt 0.261812478 0.32645309 0
vt 0.260896564 0.32645309 0
vt 0.259378225 0.32645309 0
vt 0.258992612 0.32645309 0
vt 0.257540524 0.32645309 0
vt 0.256642491 0.32645309 0
vt 0.255261004 0.32645309 0
vt 0.252176911 0.32645309 0
vt 0.251426548 0.32645309 0
vt 0.250870883 0.32645309 0
vt 0.249334618 0.32645309 0
vt 0.248746231 0.32645309 0
vt 0.247113705 0.32645309 0
vt 0.245699525 0.32645309 0
vt 0.244166508 0.32645309 0
vt 0.243529707 0.32645309 0
vt 0.241871953 0.32645309 0
vt 0.24148728 0.32645309 0
vt 0.240168884 0.32645309 0
vt 0.239059746 0.32645309 0
vt 0.238406464 0.32645309 0
vt 0.236818016 0.32645309 0
vt 0.236317486 0.32645309 0
vt 0.234934792 0.32645309 0
vt 0.233848318 0.32645309 0
vt 0.233767509 0.32645309 0
vt 0.231591851 0.32645309 0
vt 0.231139362 0.32645309 0
vt 0.229607388 0.32645309 0
vt 0.228536278 0.32645309 0
vt 0.2266054 0.32645309 0
vt 0.226018727 0.32645309 0
vt 0.224438593 0.32645309 0
vt 0.223479748 0.32645309 0
vt 0.223223239 0.32645309 0
vt 0.221395746 0.32645309 0
vt 0.22072196 0.32645309 0
vt 0.219284013 0.32645309 0
vt 0.218644276 0.32645309 0
vt 0.217832625 0.32645309 0
vt 0.216290936 0.32645309 0
vt 0.214424878 0.32645309 0
vt 0.213456988 0.32645309 0
vt 0.212639719 0.32645309 0
vt 0.21107322 0.32645309 0
vt 0.210979313 0.32645309 0
vt 0.209013626 0.32645309 0
vt 0.208356932 0.32645309 0
vt 0.207045987 0.32645309 0
vt 0.205945089 0.32645309 0
vt 0.20558174 0.32645309 0
vt 0.203970641 0.32645309 0
vt 0.203099117 0.32645309 0
vt 0.201763406 0.32645309 0
vt 0.200807422 0.32645309 0
vt 0.200457275 0.32645309 0
vt 0.198744088 0.32645309 0
vt 0.197995991 0.32645309 0
vt 0.197291955 0.32645309 0
vt 0.195878774 0.32645309 0
vt 0.195217639 0.32645309 0
vt 0.193614647 0.32645309 0
vt 0.192909986 0.32645309 0
vt 0.192149043 0.32645309 0
vt 0.190740764 0.32645309 0
vt 0.190072551 0.32645309 0
vt 0.188341513 0.32645309 0
vt 0.188016638 0.32645309 0
vt 0.186612636 0.32645309 0
vt 0.185537621 0.32645309 0
vt 0.184930593 0.32645309 0
vt 0.183371037 0.32645309 0
vt 0.182785615 0.32645309 0
vt 0.181452423 0.32645309 0
vt 0.180250332 0.32645309 0
vt 0.178096473 0.32645309 0
vt 0.177581027 0.32645309 0
vt 0.176152095 0.32645309 0
vt 0.174966678 0.32645309 0
vt 0.173219502 0.32645309 0
vt 0.172546506 0.32645309 0
vt 0.171009213 0.32645309 0
vt 0.170120344 0.32645309 0
vt 0.169674337 0.32645309 0
vt 0.167928576 0.32645309 0
vt 0.167242691 0.32645309 0
vt 0.166012198 0.32645309 0
vt 0.16519475 0.32645309 0
vt 0.164243355 0.32645309 0
vt 0.162821367 0.32645309 0
vt 0.162390783 0.32645309 0
vt 0.160852805 0.32645309 0
vt 0.159990937 0.32645309 0
vt 0.159119397 0.32645309 0
vt 0.157516137 0.32645309 0
vt 0.157423377 0.32645309 0
vt 0.155520678 0.32645309 0
vt 0.154831663 0.32645309 0
vt 0.153436974 0.32645309 0
vt 0.152204394 0.32645309 0
vt 0.150378898 0.32645309 0
vt 0.149632141 0.32645309 0
vt 0.148827732 0.32645309 0
vt 0.147220999 0.32645309 0
vt 0.146863058 0.32645309 0
vt 0.145219594 0.32645309 0
vt 0.144520044 0.32645309 0
vt 0.143785879 0.32645309 0
vt 0.142403528 0.32645309 0
vt 0.141686499 0.32645309 0
vt 0.1401072 0.32645309 0
vt 0.139522925 0.32645309 0
vt 0.138509542 0.32645309 0
vt 0.137271166 0.32645309 0
vt 0.136647433 0.32645309 0
vt 0.134922504 0.32645309 0
vt 0.134600148 0.32645309 0
vt 0.132994905 0.32645309 0
vt 0.132028908 0.32645309 0
vt 0.131657287 0.32645309 0
vt 0.129845887 0.32645309 0
vt 0.129350111 0.32645309 0
vt 0.127782792 0.32645309 0
vt 0.126802549 0.32645309 0
vt 0.126722977 0.32645309 0
vt 0.124610819 0.32645309 0
vt 0.124048874 0.32645309 0
vt 0.122607678 0.32645309 0
vt 0.121732511 0.32645309 0
vt 0.121411435 0.32645309 0
vt 0.119697452 0.32645309 0
vt 0.119040601 0.32645309 0
vt 0.117552608 0.32645309 0
vt 0.116809428 0.32645309 0
vt 0.116054326 0.32645309 0
vt 0.114463203 0.32645309 0
vt 0.113895327 0.32645309 0
vt 0.112494335 0.32645309 0
vt 0.111631341 0.32645309 0
vt 0.110801779 0.32645309 0
vt 0.109277301 0.32645309 0
vt 0.108796656 0.32645309 0
vt 0.107398763 0.32645309 0
vt 0.106559217 0.32645309 0
vt 0.105212063 0.32645309 0
vt 0.103942126 0.32645309 0
vt 0.101993568 0.32645309 0
vt 0.101268135 0.32645309 0
vt 0.100474201 0.32645309 0
vt 0.0991410911 0.32645309 0
vt 0.0969699472 0.32645309 0
vt 0.0962606072 0.32645309 0
vt 0.0952676013 0.32645309 0
vt 0.0939558521 0.32645309 0
vt 0.0933950171 0.32645309 0
vt 0.0917512476 0.32645309 0
vt 0.0910848081 0.32645309 0
vt 0.0903774798 0.32645309 0
vt 0.0888567939 0.32645309 0
vt 0.088201344 0.32645309 0
vt 0.0865629464 0.32645309 0
vt 0.0849977806 0.32645309 0
vt 0.0837730169 0.32645309 0
vt 0.0832374096 0.32645309 0
vt 0.0814429969 0.32645309 0
vt 0.0810642913 0.32645309 0
vt 0.0794744492 0.32645309 0
vt 0.0784940124 0.32645309 0
vt 0.0781794339 0.32645309 0
vt 0.0758438855 0.32645309 0
vt 0.0742558613 0.32645309 0
vt 0.0733732954 0.32645309 0
vt 0.0731412321 0.32645309 0
vt 0.0711628124 0.32645309 0
vt 0.070533663 0.32645309 0
vt 0.0690441206 0.32645309 0
vt 0.068345964 0.32645309 0
vt 0.0661780685 0.32645309 0
vt 0.0655326322 0.32645309 0
vt 0.0641163588 0.32645309 0
vt 0.0633405596 0.32645309 0
vt 0.0624882877 0.32645309 0
vt 0.0609962307 0.32645309 0
vt 0.0607384853 0.32645309 0
vt 0.0588894524 0.32645309 0
vt 0.0582298636 0.32645309 0
vt 0.0570323803 0.32645309 0
vt 0.0557629466 0.32645309 0
vt 0.0553451255 0.32645309 0
vt 0.0539039373 0.32645309 0
vt 0.0530069098 0.32645309 0
vt 0.0517268367 0.32645309 0
vt 0.0503844805 0.32645309 0
vt 0.0485402904 0.32645309 0
vt 0.0478035249 0.32645309 0
vt 0.0451243892 0.32645309 0
vt 0.043441467 0.32645309 0
vt 0.0426382087 0.32645309 0
vt 0.0420862734 0.32645309 0
vt 0.040464703 0.32645309 0
vt 0.0398715697 0.32645309 0
vt 0.0382471383 0.32645309 0
vt 0.0379057936 0.32645309 0
vt 0.0364240669 0.32645309 0
vt 0.0354622044 0.32645309 0
vt 0.0347130187 0.32645309 0
vt 0.0331820101 0.32645309 0
vt 0.0324909315 0.32645309 0
vt 0.0316549428 0.32645309 0
vt 0.0302221477 0.32645309 0
vt 0.02796969 0.32645309 0
vt 0.0275840554 0.32645309 0
vt 0.0258769561 0.32645309 0
vt 0.0249336604 0.32645309 0
vt 0.0248728134 0.32645309 0
vt 0.022353014 0.32645309 0
vt 0.0207802244 0.32645309 0
vt 0.0199149139 0.32645309 0
vt 0.0195878856 0.32645309 0
vt 0.0177496877 0.32645309 0
vt 0.0170783382 0.32645309 0
vt 0.0155363781 0.32645309 0
vt 0.0149594545 0.32645309 0
vt 0.0142583176 0.32645309 0
vt 0.0126853725 0.32645309 0
vt 0.0121033806 0.32645309 0
vt 0.0106666014 0.32645309 0
vt 0.00979053881 0.32645309 0
vt 0.00902677327 0.32645309 0
vt 0.00745135266 0.32645309 0
vt 0.00718834437 0.32645309 0
vt 0.00557915308 0.32645309 0
vt 0.00480637467 0.32645309 0
vt 0.0043577631 0.32645309 0
vt 0.00293390406 0.32645309 0
vt 0.00202925387 0.32645309 0
vt 0.001953125 0.32645309 0
vt 0.00237214379 0.32645309 0
vt 0.00266284938 0.32645309 0
vt 0.00298013072 0.32645309 0
vt 0.00365066901 0.32645309 0
vt 0.145841479 0.32645309 0
vt 0.146497771 0.32645309 0
vt 0.146821916 0.32645309 0
vt 0.147153154 0.32645309 0
vt 0.147476122 0.32645309 0
vt 0.147809774 0.32645309 0
vt 0.148128211 0.32645309 0
vt 0.148435667 0.32645309 0
vt 0.148774609 0.32645309 0
vt 0.149249792 0.32645309 0
vt 0.149769232 0.32645309 0
vt 0.149791136 0.001953125 0
vt 0.149769232 0.001953125 0
vt 0.149249792 0.001953125 0
vt 0.148774609 0.001953125 0
vt 0.148435667 0.001953125 0
vt 0.148128211 0.001953125 0
vt 0.147809774 0.001953125 0
vt 0.147476122 0.001953125 0
vt 0.147153154 0.001953125 0
vt 0.146821916 0.001953125 0
vt 0.146497771 0.001953125 0
vt 0.145841479 0.001953125 0
vt 0.00365066901 0.001953125 0
vt 0.00298013072 0.001953125 0
vt 0.00266284938 0.001953125 0
vt 0.00237214379 0.001953125 0
vt 0.001953125 0.001953125 0
vt 0.00202925387 0.001953125 0
vt 0.00293390406 0.001953125 0
vt 0.0043577631 0.001953125 0
vt 0.00480637467 0.001953125 0
vt 0.00557915308 0.001953125 0
vt 0.00718834437 0.001953125 0
vt 0.00745135266 0.001953125 0
vt 0.00902677327 0.001953125 0
vt 0.00979053881 0.001953125 0
vt 0.0106666014 0.001953125 0
vt 0.0121033806 0.001953125 0
vt 0.0126853725 0.001953125 0
vt 0.0142583176 0.001953125 0
vt 0.0149594545 0.001953125 0
vt 0.0155363781 0.001953125 0
vt 0.0170783382 0.001953125 0
vt 0.0177496877 0.001953125 0
vt 0.0195878856 0.001953125 0
vt 0.0199149139 0.001953125 0
vt 0.0207802244 0.001953125 0
vt 0.022353014 0.001953125 0
vt 0.0248728134 0.001953125 0
vt 0.0249336604 0.001953125 0
vt 0.0258769561 0.001953125 0
vt 0.0275840554 0.001953125 0
vt 0.02796969 0.001953125 0
vt 0.0302221477 0.001953125 0
vt 0.0316549428 0.001953125 0
vt 0.0324909315 0.001953125 0
vt 0.0331820101 0.001953125 0
vt 0.0347130187 0.001953125 0
vt 0.0354622044 0.001953125 0
vt 0.0364240669 0.001953125 0
vt 0.0379057936 0.001953125 0
vt 0.0382471383 0.001953125 0
vt 0.0398715697 0.001953125 0
vt 0.040464703 0.001953125 0
vt 0.0420862734 0.001953125 0
vt 0.0426382087 0.001953125 0
vt 0.043441467 0.001953125 0
vt 0.0451243892 0.001953125 0
vt 0.0478035249 0.001953125 0
vt 0.0485402904 0.001953125 0
vt 0.0503844805 0.001953125 0
vt 0.0517268367 0.001953125 0
vt 0.0530069098 0.001953125 0
vt 0.0539039373 0.001953125 0
vt 0.0553451255 0.001953125 0
vt 0.0557629466 0.001953125 0
vt 0.0570323803 0.001953125 0
vt 0.0582298636 0.001953125 0
vt 0.0588894524 0.001953125 0
vt 0.0607384853 0.001953125 0
vt 0.0609962307 0.001953125 0
vt 0.0624882877 0.001953125 0
vt 0.0633405596 0.001953125 0
vt 0.0641163588 0.001953125 0
vt 0.0655326322 0.001953125 0
vt 0.0661780685 0.001953125 0
vt 0.068345964 0.001953125 0
vt 0.0690441206 0.001953125 0
vt 0.070533663 0.001953125 0
vt 0.0711628124 0.001953125 0
vt 0.0731412321 0.001953125 0
vt 0.0733732954 0.001953125 0
vt 0.0742558613 0.001953125 0
vt 0.0758438855 0.001953125 0
vt 0.0781794339 0.001953125 0
vt 0.0784940124 0.001953125 0
vt 0.0794744492 0.001953125 0
vt 0.0810642913 0.001953125 0
vt 0.0814429969 0.001953125 0
vt 0.0832374096 0.001953125 0
vt 0.0837730169 0.001953125 0
vt 0.0849977806 0.001953125 0
vt 0.0865629464 0.001953125 0
vt 0.088201344 0.001953125 0
vt 0.0888567939 0.001953125 0
vt 0.0903774798 0.001953125 0
vt 0.0910848081 0.001953125 0
vt 0.0917512476 0.001953125 0
vt 0.0933950171 0.001953125 0
vt 0.0939558521 0.001953125 0
vt 0.0952676013 0.001953125 0
vt 0.0962606072 0.001953125 0
vt 0.0969699472 0.001953125 0
vt 0.0991410911 0.001953125 0
vt 0.100474201 0.001953125 0
vt 0.101268135 0.001953125 0
vt 0.101993568 0.001953125 0
vt 0.103942126 0.001953125 0
vt 0.105212063 0.001953125 0
vt 0.106559217 0.001953125 0
vt 0.107398763 0.001953125 0
vt 0.108796656 0.001953125 0
vt 0.109277301 0.001953125 0
vt 0.110801779 0.001953125 0
vt 0.111631341 0.001953125 0
vt 0.112494335 0.001953125 0
vt 0.113895327 0.001953125 0
vt 0.114463203 0.001953125 0
vt 0.116054326 0.001953125 0
vt 0.116809428 0.001953125 0
vt 0.117552608 0.001953125 0
vt 0.119040601 0.001953125 0
vt 0.119697452 0.001953125 0
vt 0.121411435 0.001953125 0
vt 0.121732511 0.001953125 0
vt 0.122607678 0.001953125 0
vt 0.124048874 0.001953125 0
vt 0.124610819 0.001953125 0
vt 0.126722977 0.001953125 0
vt 0.126802549 0.001953125 0
vt 0.127782792 0.001953125 0
vt 0.129350111 0.001953125 0
vt 0.129845887 0.001953125 0
vt 0.131657287 0.001953125 0
vt 0.132028908 0.001953125 0
vt 0.132994905 0.001953125 0
vt 0.134600148 0.001953125 0
vt 0.134922504 0.001953125 0
vt 0.136647433 0.001953125 0
vt 0.137271166 0.001953125 0
vt 0.138509542 0.001953125 0
vt 0.139522925 0.001953125 0
vt 0.1401072 0.001953125 0
vt 0.141686499 0.001953125 0
vt 0.142403528 0.001953125 0
vt 0.143785879 0.001953125 0
vt 0.144520044 0.001953125 0
vt 0.145219594 0.001953125 0
vt 0.146863058 0.001953125 0
vt 0.147220999 0.001953125 0
vt 0.148827732 0.001953125 0
vt 0.149632141 0.001953125 0
vt 0.150378898 0.001953125 0
vt 0.152204394 0.001953125 0
vt 0.153436974 0.001953125 0
vt 0.154831663 0.001953125 0
vt 0.155520678 0.001953125 0
vt 0.157423377 0.001953125 0
vt 0.157516137 0.001953125 0
vt 0.159119397 0.001953125 0
vt 0.159990937 0.001953125 0
vt 0.160852805 0.001953125 0
vt 0.162390783 0.001953125 0
vt 0.162821367 0.001953125 0
vt 0.164243355 0.001953125 0
vt 0.16519475 0.001953125 0
vt 0.166012198 0.001953125 0
vt 0.167242691 0.001953125 0
vt 0.167928576 0.001953125 0
vt 0.169674337 0.001953125 0
vt 0.170120344 0.001953125 0
vt 0.171009213 0.001953125 0
vt 0.172546506 0.001953125 0
vt 0.173219502 0.001953125 0
vt 0.174966678 0.001953125 0
vt 0.176152095 0.001953125 0
vt 0.177581027 0.001953125 0
vt 0.178096473 0.001953125 0
vt 0.180250332 0.001953125 0
vt 0.181452423 0.001953125 0
vt 0.182785615 0.001953125 0
vt 0.183371037 0.001953125 0
vt 0.184930593 0.001953125 0
vt 0.185537621 0.001953125 0
vt 0.186612636 0.001953125 0
vt 0.188016638 0.001953125 0
vt 0.188341513 0.001953125 0
vt 0.190072551 0.001953125 0
vt 0.190740764 0.001953125 0
vt 0.192149043 0.001953125 0
vt 0.192909986 0.001953125 0
vt 0.193614647 0.001953125 0
vt 0.195217639 0.001953125 0
vt 0.195878774 0.001953125 0
vt 0.197291955 0.001953125 0
vt 0.197995991 0.001953125 0
vt 0.198744088 0.001953125 0
vt 0.200457275 0.001953125 0
vt 0.200807422 0.001953125 0
vt 0.201763406 0.001953125 0
vt 0.203099117 0.001953125 0
vt 0.203970641 0.001953125 0
vt 0.20558174 0.001953125 0
vt 0.205945089 0.001953125 0
vt 0.207045987 0.001953125 0
vt 0.208356932 0.001953125 0
vt 0.209013626 0.001953125 0
vt 0.210979313 0.001953125 0
vt 0.21107322 0.001953125 0
vt 0.212639719 0.001953125 0
vt 0.213456988 0.001953125 0
vt 0.214424878 0.001953125 0
vt 0.216290936 0.001953125 0
vt 0.217832625 0.001953125 0
vt 0.218644276 0.001953125 0
vt 0.219284013 0.001953125 0
vt 0.22072196 0.001953125 0
vt 0.221395746 0.001953125 0
vt 0.223223239 0.001953125 0
vt 0.223479748 0.001953125 0
vt 0.224438593 0.001953125 0
vt 0.226018727 0.001953125 0
vt 0.2266054 0.001953125 0
vt 0.228536278 0.001953125 0
vt 0.229607388 0.001953125 0
vt 0.231139362 0.001953125 0
vt 0.231591851 0.001953125 0
vt 0.233767509 0.001953125 0
vt 0.233848318 0.001953125 0
vt 0.234934792 0.001953125 0
vt 0.236317486 0.001953125 0
vt 0.236818016 0.001953125 0
vt 0.238406464 0.001953125 0
vt 0.239059746 0.001953125 0
vt 0.240168884 0.001953125 0
vt 0.24148728 0.001953125 0
vt 0.241871953 0.001953125 0
vt 0.243529707 0.001953125 0
vt 0.244166508 0.001953125 0
vt 0.245699525 0.001953125 0
vt 0.247113705 0.001953125 0
vt 0.248746231 0.001953125 0
vt 0.249334618 0.001953125 0
vt 0.250870883 0.001953125 0
vt 0.251426548 0.001953125 0
vt 0.252176911 0.001953125 0
vt 0.255261004 0.001953125 0
vt 0.256642491 0.001953125 0
vt 0.257540524 0.001953125 0
vt 0.258992612 0.001953125 0
vt 0.259378225 0.001953125 0
vt 0.260896564 0.001953125 0
vt 0.261812478 0.001953125 0
vt 0.262593508 0.001953125 0
vt 0.264343798 0.001953125 0
vt 0.264619201 0.001953125 0
vt 0.266171902 0.001953125 0
vt 0.266948938 0.001953125 0
vt 0.267816812 0.001953125 0
vt 0.269206762 0.001953125 0
vt 0.26983878 0.001953125 0
vt 0.271400094 0.001953125 0
vt 0.272129655 0.001953125 0
vt 0.27270329 0.001953125 0
vt 0.274276942 0.001953125 0
vt 0.274920136 0.001953125 0
vt 0.27676782 0.001953125 0
vt 0.276986301 0.001953125 0
vt 0.277917832 0.001953125 0
vt 0.279487461 0.001953125 0
vt 0.280080229 0.001953125 0
vt 0.281842619 0.001953125 0
vt 0.282112658 0.001953125 0
vt 0.283249468 0.001953125 0
vt 0.284620523 0.001953125 0
vt 0.285099089 0.001953125 0
vt 0.287139416 0.001953125 0
vt 0.287388891 0.001953125 0
vt 0.288543075 0.001953125 0
vt 0.289776713 0.001953125 0
vt 0.290300041 0.001953125 0
vt 0.291856766 0.001953125 0
vt 0.292566478 0.001953125 0
vt 0.293868423 0.001953125 0
vt 0.294817299 0.001953125 0
vt 0.296984613 0.001953125 0
vt 0.297523201 0.001953125 0
vt 0.299227118 0.001953125 0
vt 0.299798787 0.001953125 0
vt 0.300580323 0.001953125 0
vt 0.302272558 0.001953125 0
vt 0.30268684 0.001953125 0
vt 0.304563016 0.001953125 0
vt 0.304884762 0.001953125 0
vt 0.305667847 0.001953125 0
vt 0.307563961 0.001953125 0
vt 0.307790965 0.001953125 0
vt 0.308757961 0.001953125 0
vt 0.310219377 0.001953125 0
vt 0.311042041 0.001953125 0
vt 0.312923938 0.001953125 0
vt 0.314402163 0.001953125 0
vt 0.315320551 0.001953125 0
vt 0.316132843 0.001953125 0
vt 0.317712843 0.001953125 0
vt 0.318131834 0.001953125 0
vt 0.319766313 0.001953125 0
vt 0.320309132 0.001953125 0
vt 0.321300298 0.001953125 0
vt 0.322610438 0.001953125 0
vt 0.323297143 0.001953125 0
vt 0.3249906 0.001953125 0
vt 0.325528771 0.001953125 0
vt 0.326205701 0.001953125 0
vt 0.32770434 0.001953125 0
vt 0.328282714 0.001953125 0
vt 0.330340415 0.001953125 0
vt 0.330389947 0.001953125 0
vt 0.331379384 0.001953125 0
vt 0.33301717 0.001953125 0
vt 0.333525479 0.001953125 0
vt 0.335386932 0.001953125 0
vt 0.335653782 0.001953125 0
vt 0.336852163 0.001953125 0
vt 0.338093132 0.001953125 0
vt 0.338616341 0.001953125 0
vt 0.340321064 0.001953125 0
vt 0.340871006 0.001953125 0
vt 0.342045933 0.001953125 0
vt 0.343300581 0.001953125 0
vt 0.343763977 0.001953125 0
vt 0.345356435 0.001953125 0
vt 0.346115112 0.001953125 0
vt 0.348231167 0.001953125 0
vt 0.348907173 0.001953125 0
vt 0.350513011 0.001953125 0
vt 0.350986809 0.001953125 0
vt 0.352621228 0.001953125 0
vt 0.353324383 0.001953125 0
vt 0.354080319 0.001953125 0
vt 0.355815321 0.001953125 0
vt 0.356167108 0.001953125 0
vt 0.357782841 0.001953125 0
vt 0.358416021 0.001953125 0
vt 0.359239548 0.001953125 0
vt 0.361013204 0.001953125 0
vt 0.361167341 0.001953125 0
vt 0.362411231 0.001953125 0
vt 0.363723785 0.001953125 0
vt 0.364606619 0.001953125 0
vt 0.366441369 0.001953125 0
vt 0.368023127 0.001953125 0
vt 0.368755221 0.001953125 0
vt 0.369733393 0.001953125 0
vt 0.371020287 0.001953125 0
vt 0.371628195 0.001953125 0
vt 0.373302966 0.001953125 0
vt 0.373765886 0.001953125 0
vt 0.374717832 0.001953125 0
vt 0.376160055 0.001953125 0
vt 0.376820296 0.001953125 0
vt 0.378568083 0.001953125 0
vt 0.379724234 0.001953125 0
vt 0.38128078 0.001953125 0
vt 0.381824136 0.001953125 0
vt 0.383889496 0.001953125 0
vt 0.383905351 0.001953125 0
vt 0.385026455 0.001953125 0
vt 0.386483699 0.001953125 0
vt 0.387026459 0.001953125 0
vt 0.388860613 0.001953125 0
vt 0.389202654 0.001953125 0
vt 0.390347272 0.001953125 0
vt 0.391636908 0.001953125 0
vt 0.392097145 0.001953125 0
vt 0.393691301 0.001953125 0
vt 0.394331843 0.001953125 0
vt 0.39599219 0.001953125 0
vt 0.396544188 0.001953125 0
vt 0.39729628 0.001953125 0
vt 0.398864895 0.001953125 0
vt 0.399592638 0.001953125 0
vt 0.400803536 0.001953125 0
vt 0.401786923 0.001953125 0
vt 0.40402022 0.001953125 0
vt 0.404388934 0.001953125 0
vt 0.406691849 0.001953125 0
vt 0.407577574 0.001953125 0
vt 0.409269363 0.001953125 0
vt 0.409587294 0.001953125 0
vt 0.4111543 0.001953125 0
vt 0.41196093 0.001953125 0
vt 0.412768275 0.001953125 0
vt 0.414521635 0.001953125 0
vt 0.416300744 0.001953125 0
vt 0.417171001 0.001953125 0
vt 0.418128908 0.001953125 0
vt 0.41942355 0.001953125 0
vt 0.419989109 0.001953125 0
vt 0.421441674 0.001953125 0
vt 0.422360331 0.001953125 0
vt 0.423114061 0.001953125 0
vt 0.42456156 0.001953125 0
vt 0.425155878 0.001953125 0
vt 0.426846713 0.001953125 0
vt 0.427233309 0.001953125 0
vt 0.428080469 0.001953125 0
vt 0.429554164 0.001953125 0
vt 0.430204213 0.001953125 0
vt 0.432211548 0.001953125 0
vt 0.433310747 0.001953125 0
vt 0.434761316 0.001953125 0
vt 0.435308456 0.001953125 0
vt 0.437389553 0.001953125 0
vt 0.438792765 0.001953125 0
vt 0.44056806 0.001953125 0
vt 0.442127049 0.001953125 0
vt 0.442712486 0.001953125 0
vt 0.443860888 0.001953125 0
vt 0.445153832 0.001953125 0
vt 0.445523798 0.001953125 0
vt 0.447207898 0.001953125 0
vt 0.447839528 0.001953125 0
vt 0.449581355 0.001953125 0
vt 0.449954778 0.001953125 0
vt 0.450781733 0.001953125 0
vt 0.452396274 0.001953125 0
vt 0.452991158 0.001953125 0
vt 0.454854697 0.001953125 0
vt 0.455902666 0.001953125 0
vt 0.457626432 0.001953125 0
vt 0.457989067 0.001953125 0
vt 0.459281623 0.001953125 0
vt 0.460378557 0.001953125 0
vt 0.461194783 0.001953125 0
vt 0.462773114 0.001953125 0
vt 0.464646846 0.001953125 0
vt 0.46545741 0.001953125 0
vt 0.466350436 0.001953125 0
vt 0.467941165 0.001953125 0
vt 0.468262076 0.001953125 0
vt 0.469850361 0.001953125 0
vt 0.470640004 0.001953125 0
vt 0.4717125 0.001953125 0
vt 0.472752512 0.001953125 0
vt 0.473449051 0.001953125 0
vt 0.475124657 0.001953125 0
vt 0.475647539 0.001953125 0
vt 0.476572752 0.001953125 0
vt 0.477872908 0.001953125 0
vt 0.478580326 0.001953125 0
vt 0.480389148 0.001953125 0
vt 0.48079294 0.001953125 0
vt 0.481609553 0.001953125 0
vt 0.483137101 0.001953125 0
vt 0.483835846 0.001953125 0
vt 0.48548165 0.001953125 0
vt 0.485752702 0.001953125 0
vt 0.487005234 0.001953125 0
vt 0.488238364 0.001953125 0
vt 0.488815784 0.001953125 0
vt 0.490946889 0.001953125 0
vt 0.492164224 0.001953125 0
vt 0.494021714 0.001953125 0
vt 0.495613277 0.001953125 0
vt 0.496249795 0.001953125 0
vt 0.497406244 0.001953125 0
vt 0.498637855 0.001953125 0
vt 0.49905923 0.001953125 0
vt 0.500684381 0.001953125 0
vt 0.501303792 0.001953125 0
vt 0.503131688 0.001953125 0
vt 0.503412366 0.001953125 0
vt 0.5042817 0.001953125 0
vt 0.505921543 0.001953125 0
vt 0.50645107 0.001953125 0
vt 0.508500218 0.001953125 0
vt 0.509513617 0.001953125 0
vt 0.511392713 0.001953125 0
vt 0.51246798 0.001953125 0
vt 0.513850152 0.001953125 0
vt 0.51456058 0.001953125 0
vt 0.516515434 0.001953125 0
vt 0.518086255 0.001953125 0
vt 0.518981814 0.001953125 0
vt 0.520005047 0.001953125 0
vt 0.521206975 0.001953125 0
vt 0.521763504 0.001953125 0
vt 0.523412824 0.001953125 0
vt 0.52401644 0.001953125 0
vt 0.525081336 0.001953125 0
vt 0.526321173 0.001953125 0
vt 0.526986599 0.001953125 0
vt 0.528649867 0.001953125 0
vt 0.529200077 0.001953125 0
vt 0.529861093 0.001953125 0
vt 0.531309068 0.001953125 0
vt 0.531987727 0.001953125 0
vt 0.53394872 0.001953125 0
vt 0.534171402 0.001953125 0
vt 0.535103261 0.001953125 0
vt 0.536682725 0.001953125 0
vt 0.537293673 0.001953125 0
vt 0.539026558 0.001953125 0
vt 0.539285123 0.001953125 0
vt 0.540573895 0.001953125 0
vt 0.542384565 0.001953125 0
vt 0.543979466 0.001953125 0
vt 0.544499815 0.001953125 0
vt 0.546781957 0.001953125 0
vt 0.547505438 0.001953125 0
vt 0.549056649 0.001953125 0
vt 0.549749672 0.001953125 0
vt 0.550927937 0.001953125 0
vt 0.552095056 0.001953125 0
vt 0.552585006 0.001953125 0
vt 0.554171801 0.001953125 0
vt 0.554710865 0.001953125 0
vt 0.556733549 0.001953125 0
vt 0.556816876 0.001953125 0
vt 0.557720363 0.001953125 0
vt 0.559451342 0.001953125 0
vt 0.559870005 0.001953125 0
vt 0.561981559 0.001953125 0
vt 0.562057912 0.001953125 0
vt 0.562955976 0.001953125 0
vt 0.564598978 0.001953125 0
vt 0.564864039 0.001953125 0
vt 0.56645453 0.001953125 0
vt 0.567319632 0.001953125 0
vt 0.568243206 0.001953125 0
vt 0.569710433 0.001953125 0
vt 0.570100188 0.001953125 0
vt 0.571467102 0.001953125 0
vt 0.572545946 0.001953125 0
vt 0.573380232 0.001953125 0
vt 0.574771643 0.001953125 0
vt 0.575293958 0.001953125 0
vt 0.576932013 0.001953125 0
vt 0.578537583 0.001953125 0
vt 0.579696715 0.001953125 0
vt 0.580407143 0.001953125 0
vt 0.5822137 0.001953125 0
vt 0.582565606 0.001953125 0
vt 0.583447158 0.001953125 0
vt 0.584839463 0.001953125 0
vt 0.585467935 0.001953125 0
vt 0.587512016 0.001953125 0
vt 0.587597609 0.001953125 0
vt 0.58864367 0.001953125 0
vt 0.590136349 0.001953125 0
vt 0.59247607 0.001953125 0
vt 0.592830122 0.001953125 0
vt 0.593992054 0.001953125 0
vt 0.595305681 0.001953125 0
vt 0.59582746 0.001953125 0
vt 0.597531796 0.001953125 0
vt 0.598062873 0.001953125 0
vt 0.59963876 0.001953125 0
vt 0.600206196 0.001953125 0
vt 0.60092485 0.001953125 0
vt 0.602521002 0.001953125 0
vt 0.603184164 0.001953125 0
vt 0.604501367 0.001953125 0
vt 0.605530083 0.001953125 0
vt 0.606103539 0.001953125 0
vt 0.607712388 0.001953125 0
vt 0.608208716 0.001953125 0
vt 0.610278964 0.001953125 0
vt 0.610400677 0.001953125 0
vt 0.611237884 0.001953125 0
vt 0.612939894 0.001953125 0
vt 0.613265872 0.001953125 0
vt 0.615013659 0.001953125 0
vt 0.61559397 0.001953125 0
vt 0.616470098 0.001953125 0
vt 0.618128181 0.001953125 0
vt 0.618336558 0.001953125 0
vt 0.62000227 0.001953125 0
vt 0.620806932 0.001953125 0
vt 0.621932089 0.001953125 0
vt 0.623623252 0.001953125 0
vt 0.625193894 0.001953125 0
vt 0.625939727 0.001953125 0
vt 0.626949966 0.001953125 0
vt 0.628177583 0.001953125 0
vt 0.628799081 0.001953125 0
vt 0.630954385 0.001953125 0
vt 0.631938934 0.001953125 0
vt 0.633309126 0.001953125 0
vt 0.633960485 0.001953125 0
vt 0.635764718 0.001953125 0
vt 0.637128711 0.001953125 0
vt 0.638354123 0.001953125 0
vt 0.638979495 0.001953125 0
vt 0.64107281 0.001953125 0
vt 0.641115963 0.001953125 0
vt 0.642094672 0.001953125 0
vt 0.643713057 0.001953125 0
vt 0.644234776 0.001953125 0
vt 0.645749032 0.001953125 0
vt 0.646328449 0.001953125 0
vt 0.647634327 0.001953125 0
vt 0.648734629 0.001953125 0
vt 0.649280071 0.001953125 0
vt 0.65156436 0.001953125 0
vt 0.653100014 0.001953125 0
vt 0.653735161 0.001953125 0
vt 0.65443027 0.001953125 0
vt 0.65602386 0.001953125 0
vt 0.656621575 0.001953125 0
vt 0.658539951 0.001953125 0
vt 0.658685446 0.001953125 0
vt 0.659571469 0.001953125 0
vt 0.661177397 0.001953125 0
vt 0.661580265 0.001953125 0
vt 0.663864911 0.001953125 0
vt 0.664736032 0.001953125 0
vt 0.666458368 0.001953125 0
vt 0.666752815 0.001953125 0
vt 0.668359101 0.001953125 0
vt 0.669131637 0.001953125 0
vt 0.66997683 0.001953125 0
vt 0.671655834 0.001953125 0
vt 0.671879828 0.001953125 0
vt 0.673544466 0.001953125 0
vt 0.674266279 0.001953125 0
vt 0.675499856 0.001953125 0
vt 0.676431656 0.001953125 0
vt 0.677140296 0.001953125 0
vt 0.678682327 0.001953125 0
vt 0.679460227 0.001953125 0
vt 0.680377543 0.001953125 0
vt 0.681565642 0.001953125 0
vt 0.682237327 0.001953125 0
vt 0.684015393 0.001953125 0
vt 0.684280336 0.001953125 0
vt 0.686802268 0.001953125 0
vt 0.687426031 0.001953125 0
vt 0.689322352 0.001953125 0
vt 0.69065547 0.001953125 0
vt 0.69186902 0.001953125 0
vt 0.692542255 0.001953125 0
vt 0.694387615 0.001953125 0
vt 0.694627583 0.001953125 0
vt 0.695914507 0.001953125 0
vt 0.697092891 0.001953125 0
vt 0.697741747 0.001953125 0
vt 0.699260473 0.001953125 0
vt 0.69986403 0.001953125 0
vt 0.701235175 0.001953125 0
vt 0.70220387 0.001953125 0
vt 0.702716708 0.001953125 0
vt 0.704406738 0.001953125 0
vt 0.705027282 0.001953125 0
vt 0.706640184 0.001953125 0
vt 0.707222283 0.001953125 0
vt 0.707953632 0.001953125 0
vt 0.709557831 0.001953125 0
vt 0.710128665 0.001953125 0
vt 0.712113261 0.001953125 0
vt 0.713128209 0.001953125 0
vt 0.714685798 0.001953125 0
vt 0.715091109 0.001953125 0
vt 0.717111111 0.001953125 0
vt 0.717418551 0.001953125 0
vt 0.718334854 0.001953125 0
vt 0.719922662 0.001953125 0
vt 0.720286906 0.001953125 0
vt 0.721777797 0.001953125 0
vt 0.722663879 0.001953125 0
vt 0.72351402 0.001953125 0
vt 0.725127637 0.001953125 0
vt 0.725437224 0.001953125 0
vt 0.727056623 0.001953125 0
vt 0.727719069 0.001953125 0
vt 0.729046881 0.001953125 0
vt 0.729850292 0.001953125 0
vt 0.730618179 0.001953125 0
vt 0.732276618 0.001953125 0
vt 0.732847214 0.001953125 0
vt 0.733601868 0.001953125 0
vt 0.734952748 0.001953125 0
vt 0.735667109 0.001953125 0
vt 0.7375682 0.001953125 0
vt 0.737709224 0.001953125 0
vt 0.738799155 0.001953125 0
vt 0.740341425 0.001953125 0
vt 0.740936458 0.001953125 0
vt 0.742887974 0.001953125 0
vt 0.744112134 0.001953125 0
vt 0.745414913 0.001953125 0
vt 0.746039093 0.001953125 0
vt 0.747839272 0.001953125 0
vt 0.748173237 0.001953125 0
vt 0.74969244 0.001953125 0
vt 0.750462174 0.001953125 0
vt 0.751190603 0.001953125 0
vt 0.752670228 0.001953125 0
vt 0.753333807 0.001953125 0
vt 0.754861832 0.001953125 0
vt 0.755616784 0.001953125 0
vt 0.756234884 0.001953125 0
vt 0.757822871 0.001953125 0
vt 0.7584216 0.001953125 0
vt 0.760294557 0.001953125 0
vt 0.760611475 0.001953125 0
vt 0.761442602 0.001953125 0
vt 0.763090372 0.001953125 0
vt 0.763605177 0.001953125 0
vt 0.765595198 0.001953125 0
vt 0.765673935 0.001953125 0
vt 0.766651154 0.001953125 0
vt 0.768598795 0.001953125 0
vt 0.770281553 0.001953125 0
vt 0.770931244 0.001953125 0
vt 0.772146642 0.001953125 0
vt 0.773205757 0.001953125 0
vt 0.773751199 0.001953125 0
vt 0.775313139 0.001953125 0
vt 0.776154041 0.001953125 0
vt 0.777015448 0.001953125 0
vt 0.778625906 0.001953125 0
vt 0.778965473 0.001953125 0
vt 0.780571759 0.001953125 0
vt 0.781159639 0.001953125 0
vt 0.782448888 0.001953125 0
vt 0.783334494 0.001953125 0
vt 0.784102082 0.001953125 0
vt 0.785793126 0.001953125 0
vt 0.786395729 0.001953125 0
vt 0.787042797 0.001953125 0
vt 0.788479507 0.001953125 0
vt 0.789195895 0.001953125 0
vt 0.791013539 0.001953125 0
vt 0.791164517 0.001953125 0
vt 0.792234004 0.001953125 0
vt 0.793799698 0.001953125 0
vt 0.794331551 0.001953125 0
vt 0.796234846 0.001953125 0
vt 0.797718823 0.001953125 0
vt 0.798891485 0.001953125 0
vt 0.799521744 0.001953125 0
vt 0.801171482 0.001953125 0
vt 0.803211629 0.001953125 0
vt 0.804601312 0.001953125 0
vt 0.806170583 0.001953125 0
vt 0.806833744 0.001953125 0
vt 0.808397233 0.001953125 0
vt 0.809084356 0.001953125 0
vt 0.809709311 0.001953125 0
vt 0.81128186 0.001953125 0
vt 0.811790824 0.001953125 0
vt 0.813892007 0.001953125 0
vt 0.814029276 0.001953125 0
vt 0.81489116 0.001953125 0
vt 0.81661284 0.001953125 0
vt 0.817022085 0.001953125 0
vt 0.818749189 0.001953125 0
vt 0.819209278 0.001953125 0
vt 0.820110261 0.001953125 0
vt 0.821769059 0.001953125 0
vt 0.822045863 0.001953125 0
vt 0.824483752 0.001953125 0
vt 0.825644135 0.001953125 0
vt 0.826638103 0.001953125 0
vt 0.82725817 0.001953125 0
vt 0.828825831 0.001953125 0
vt 0.829553962 0.001953125 0
vt 0.830459714 0.001953125 0
vt 0.832043886 0.001953125 0
vt 0.832469702 0.001953125 0
vt 0.834104478 0.001953125 0
vt 0.834572196 0.001953125 0
vt 0.835491359 0.001953125 0
vt 0.83681494 0.001953125 0
vt 0.837509155 0.001953125 0
vt 0.839381874 0.001953125 0
vt 0.840548158 0.001953125 0
vt 0.842022836 0.001953125 0
vt 0.842606783 0.001953125 0
vt 0.844656765 0.001953125 0
vt 0.844692349 0.001953125 0
vt 0.845905244 0.001953125 0
vt 0.847246706 0.001953125 0
vt 0.847943068 0.001953125 0
vt 0.849485993 0.001953125 0
vt 0.849977553 0.001953125 0
vt 0.85124743 0.001953125 0
vt 0.852386236 0.001953125 0
vt 0.852944314 0.001953125 0
vt 0.854628325 0.001953125 0
vt 0.855215073 0.001953125 0
vt 0.856740415 0.001953125 0
vt 0.85742861 0.001953125 0
vt 0.858056009 0.001953125 0
vt 0.859661162 0.001953125 0
vt 0.860309005 0.001953125 0
vt 0.862126172 0.001953125 0
vt 0.862375975 0.001953125 0
vt 0.863298595 0.001953125 0
vt 0.8647542 0.001953125 0
vt 0.865225255 0.001953125 0
vt 0.867464483 0.001953125 0
vt 0.86752969 0.001953125 0
vt 0.868325472 0.001953125 0
vt 0.870142817 0.001953125 0
vt 0.872050881 0.001953125 0
vt 0.87273258 0.001953125 0
vt 0.873658299 0.001953125 0
vt 0.875222981 0.001953125 0
vt 0.875518858 0.001953125 0
vt 0.87706697 0.001953125 0
vt 0.877979338 0.001953125 0
vt 0.878968894 0.001953125 0
vt 0.880762935 0.001953125 0
vt 0.882368624 0.001953125 0
vt 0.882992864 0.001953125 0
vt 0.884184003 0.001953125 0
vt 0.885180593 0.001953125 0
vt 0.885879099 0.001953125 0
vt 0.887637556 0.001953125 0
vt 0.887968183 0.001953125 0
vt 0.888992071 0.001953125 0
vt 0.890439749 0.001953125 0
vt 0.891091049 0.001953125 0
vt 0.892937839 0.001953125 0
vt 0.894187212 0.001953125 0
vt 0.895527124 0.001953125 0
vt 0.896183074 0.001953125 0
vt 0.898063719 0.001953125 0
vt 0.898266613 0.001953125 0
vt 0.899427652 0.001953125 0
vt 0.900769293 0.001953125 0
vt 0.901362956 0.001953125 0
vt 0.902845621 0.001953125 0
vt 0.903450608 0.001953125 0
vt 0.905030727 0.001953125 0
vt 0.905733049 0.001953125 0
vt 0.906351149 0.001953125 0
vt 0.90797776 0.001953125 0
vt 0.908602417 0.001953125 0
vt 0.910391033 0.001953125 0
vt 0.910787404 0.001953125 0
vt 0.91159147 0.001953125 0
vt 0.913194299 0.001953125 0
vt 0.913896263 0.001953125 0
vt 0.915933073 0.001953125 0
vt 0.916834474 0.001953125 0
vt 0.918279171 0.001953125 0
vt 0.918734074 0.001953125 0
vt 0.920842052 0.001953125 0
vt 0.921032131 0.001953125 0
vt 0.921844423 0.001953125 0
vt 0.923651457 0.001953125 0
vt 0.923870087 0.001953125 0
vt 0.9254933 0.001953125 0
vt 0.926253617 0.001953125 0
vt 0.92717886 0.001953125 0
vt 0.928719401 0.001953125 0
vt 0.929055214 0.001953125 0
vt 0.930650651 0.001953125 0
vt 0.931450248 0.001953125 0
vt 0.932615161 0.001953125 0
vt 0.933537543 0.001953125 0
vt 0.934265733 0.001953125 0
vt 0.93588388 0.001953125 0
vt 0.936498106 0.001953125 0
vt 0.93741405 0.001953125 0
vt 0.938727617 0.001953125 0
vt 0.939434946 0.001953125 0
vt 0.941093862 0.001953125 0
vt 0.941328645 0.001953125 0
vt 0.942415535 0.001953125 0
vt 0.943817973 0.001953125 0
vt 0.944415867 0.001953125 0
vt 0.946471632 0.001953125 0
vt 0.947619081 0.001953125 0
vt 0.949103296 0.001953125 0
vt 0.949653089 0.001953125 0
vt 0.95162636 0.001953125 0
vt 0.951805353 0.001953125 0
vt 0.953282833 0.001953125 0
vt 0.954126716 0.001953125 0
vt 0.954894543 0.001953125 0
vt 0.956339657 0.001953125 0
vt 0.957001686 0.001953125 0
vt 0.958261132 0.001953125 0
vt 0.95939827 0.001953125 0
vt 0.959860504 0.001953125 0
vt 0.961486876 0.001953125 0
vt 0.962089419 0.001953125 0
vt 0.963964224 0.001953125 0
vt 0.964062035 0.001953125 0
vt 0.965066731 0.001953125 0
vt 0.966707766 0.001953125 0
vt 0.967269063 0.001953125 0
vt 0.968732238 0.001953125 0
vt 0.96946013 0.001953125 0
vt 0.970324159 0.001953125 0
vt 0.97181946 0.001953125 0
vt 0.97221911 0.001953125 0
vt 0.973917902 0.001953125 0
vt 0.974540591 0.001953125 0
vt 0.975619018 0.001953125 0
vt 0.977332175 0.001953125 0
vt 0.978983581 0.001953125 0
vt 0.979712069 0.001953125 0
vt 0.980697572 0.001953125 0
vt 0.98217243 0.001953125 0
vt 0.982592106 0.001953125 0
vt 0.984174132 0.001953125 0
vt 0.984926224 0.001953125 0
vt 0.986002684 0.001953125 0
vt 0.987018049 0.001953125 0
vt 0.987741232 0.001953125 0
vt 0.989448428 0.001953125 0
vt 0.989900768 0.001953125 0
vt 0.990727901 0.001953125 0
vt 0.992224276 0.001953125 0
vt 0.992893636 0.001953125 0
vt 0.994717598 0.001953125 0
vt 0.995132983 0.001953125 0
vt 0.995926082 0.001953125 0
vt 0.997414172 0.001953125 0
vt 0.998026431 0.001953125 0
vt 0.997762203 0.001953125 0
vt 0.996841073 0.001953125 0
vt 0.995851159 0.001953125 0
vt 0.993819773 0.001953125 0
vt 0.992816031 0.001953125 0
vt 0.154953048 0.001953125 0
vt 0.153966233 0.001953125 0
vt 0.152981356 0.001953125 0
vt 0.151992336 0.001953125 0
vn -0 -0 -1
vn -0 -0 -1
vn -0 -0 -1
vn 0 0 -1
vn 0 -0 -1
vn 0 0 -1
vn 0 0 -1
vn -0 -0 -1
vn -0 -0 -1
vn -0 -0 -1
vn -0 -0 -1
vn -0 -0 -1
vn -0 -0 -1
vn -0 -0 -1
vn -0 -0 -1
vn -0 -0 -1
vn -0 -0 -1
vn 0 0 -1
vn -0 -0 -1
vn -0 -0 -1
vn 0 0 -1
vn 0 0 -1
vn -0 -0 -1
vn -0 -0 -1
vn 0 0 -1
vn 0 0 -1
vn -0 -0 -1
vn -0 -0 -1
vn 0 0 -1
vn -0 -0 -1
vn -0 -0 -1
vn 0 0 -0.99999994
vn -0 -0 -1
vn -0 -0 -1
vn 0 0 -1
vn 0 0 -1
vn -0 -0 -1
vn -0 -0 -1
vn 0 0 -1
vn 0 0 -1
vn -0 -0 -1
vn 0 0 -1
vn 0 0 -1
vn -0 -0 -1
vn -0 -0 -1
vn 0 0 -1
vn 0 0 -0.99999994
vn -0 -0 -1
vn -0 -0 -1
vn 0 0 -1
vn -0 -0 -1
vn 0 0 -1
vn 0 0 -1
vn 0 0 -1
vn 0 0 -1
vn -0 -0 -1
vn -0 -0 -1
vn 0 0 -1
vn -0 -0 -1
vn -0 -0 -1
vn 0 0 -1
vn -0 -0 -1
vn -0 -0 -1
vn 0 0 -1
vn 0 0 -1
vn -0 -0 -1
vn -0 -0 -1
vn 0 0 -1
vn 0 0 -1
vn -0 -0 -1
vn 0 0 -1
vn 0 0 -1
vn -0 -0 -1
vn -0 -0 -1
vn 0 0 -1
vn 0 0 -1
vn -0 -0 -1
vn -0 -0 -1
vn 0 0 -1
vn -0 -0 -1
vn -0 -0 -1
vn -0 -0 -1
vn 0 0 -1
vn -0 -0 -1
vn -0 -0 -1
vn 0 0 -1
vn 0 0 -1
vn -0 -0 -1
vn -0 -0 -1
vn 0 0 -1
vn -0 -0 -1
vn 0 0 -1
vn 0 0 -1
vn 0 0 -1
vn -0 -0 -1
vn -0 -0 -1
vn 0 0 -1
vn -0 -0 -1
vn -0 -0 -1
vn 0 0 -1
vn 0 0 -1
vn 0 0 -1
vn -0 -0 -1
vn 0 0 -1
vn 0 0 -1
vn -0 -0 -1
vn -0 -0 -1
vn 0 0 -1
vn -0 -0 -1
vn -0 -0 -1
vn 0 0 -1
vn -0 -0 -1
vn 0 0 -1
vn 0 0 -1
vn 0 0 -1
vn -0 -0 -0.99999994
vn -0 -0 -1
vn 0 0 -1
vn 0 0 -1
vn -0 -0 -1
vn 0 0 -1
vn -0 -0 -1
vn -0 -0 -1
vn -0 -0 -1
vn 0 0 -1
vn -0 -0 -1
vn -0 -0 -1
vn 0 0 -1
vn 0 0 -1
vn -0 -0 -1
vn 0 0 -1
vn 0 0 -1
vn -0 -0 -1
vn 0 0 -1
vn 0 0 -1
vn -0 -0 -1
vn -0 -0 -1
vn -0 -0 -1
vn 0 0 -0.99999994
vn -0 -0 -1
vn -0 -0 -1
vn 0 0 -1
vn 0 0 -1
vn -0 -0 -1
vn -0 -0 -1
vn 0 0 -1
vn -0 -0 -1
vn -0 -0 -1
vn 0 0 -1
vn 0 0 -1
vn -0 -0 -1
vn -0 -0 -1
vn 0 0 -1
vn 0 0 -1
vn -0 -0 -1
vn -0 -0 -1
vn 0 0 -1
vn 0 0 -1
vn -0 -0 -1
vn 0 0 -1
vn -0 -0 -1
vn -0 -0 -1
vn 0 0 -1
vn 0 0 -1
vn -0 -0 -1
vn -0 -0 -1
vn 0 0 -1
vn 0 0 -1
vn -0 -0 -1
vn 0 0 -1
vn 0 0 -1
vn -0 -0 -1
vn -0 -0 -1
vn 0 0 -1
vn -0 -0 -1
vn -0 -0 -1
vn 0 0 -1
vn 0 0 -1
vn 0 0 -1
vn -0 -0 -0.99999994
vn 0 0 -1
vn 0 0 -1
vn -0 -0 -1
vn -0 -0 -1
vn 0 0 -1
vn -0 -0 -1
vn -0 -0 -1
vn -0 -0 -1
vn 0 0 -1
vn -0 -0 -1
vn 0 0 -1
vn 0 0 -1
vn -0 -0 -1
vn 0 0 -1
vn 0 0 -1
vn -0 -0 -1
vn 0 0 -1
vn 0 0 -1
vn -0 -0 -0.99999994
vn 0 0 -1
vn 0 0 -1
vn -0 -0 -1
vn -0 -0 -1
vn 0 0 -1
vn 0 0 -1
vn -0 -0 -1
vn -0 -0 -1
vn 0 0 -0.99999994
vn -0 -0 -1
vn -0 -0 -1
vn 0 0 -1
vn 0 0 -1
vn 0 0 -1
vn -0 -0 -1
vn -0 -0 -1
vn 0 0 -1
vn -0 -0 -1
vn 0 0 -1
vn 0 0 -1
vn 0 0 -1
vn -0 -0 -1
vn -0 -0 -1
vn 0 0 -1
vn -0 -0 -1
vn 0 0 -1
vn -0 -0 -1
vn 0 0 -1
vn -0 -0 -1
vn 0 0 -1
vn 0 0 -1
vn -0 -0 -1
vn -0 -0 -1
vn 0 0 -1
vn 0 0 -1
vn -0 -0 -1
vn -0 -0 -1
vn 0 0 -1
vn -0 -0 -1
vn -0 -0 -1
vn -0 -0 -1
vn 0 0 -1
vn 0 0 -1
vn -0 -0 -1
vn 0 0 -1
vn 0 0 -1
vn -0 -0 -1
vn 0 0 -1
vn 0 0 -1
vn -0 -0 -1
vn 0 0 -1
vn -0 -0 -1
vn -0 -0 -1
vn 0 0 -1
vn 0 0 -1
vn 0 0 -1
vn -0 -0 -1
vn -0 -0 -1
vn 0 0 -1
vn 0 0 -1
vn 0 0 -1
vn 0 0 -1
vn 0 0 -1
vn 0 0 -1
vn -0 -0 -1
vn -0 -0 -1
vn 0 0 -1
vn -0 -0 -1
vn -0 -0 -0.99999994
vn 0 0 -1
vn 0 0 -1
vn -0 -0 -1
vn -0 -0 -1
vn 0 0 -1
vn 0 0 -1
vn -0 -0 -1
vn 0 0 -1
vn 0 0 -1
vn -0 -0 -1
vn 0 0 -1
vn 0 0 -1
vn -0 -0 -1
vn -0 -0 -1
vn 0 0 -1
vn 0 0 -1
vn -0 -0 -1
vn -0 -0 -1
vn 0 0 -1
vn -0 -0 -1
vn -0 -0 -1
vn -0 -0 -1
vn 0 0 -1
vn -0 -0 -1
vn -0 -0 -1
vn 0 0 -1
vn 0 0 -1
vn -0 -0 -1
vn -0 -0 -1
vn 0 0 -1
vn -0 -0 -1
vn 0 0 -1
vn 0 0 -1
vn -0 -0 -1
vn -0 -0 -1
vn 0 0 -1
vn -0 -0 -1
vn -0 -0 -1
vn 0 0 -1
vn 0 0 -1
vn -0 -0 -1
vn 0 0 -1
vn 0 0 -1
vn 0 0 -1
vn -0 -0 -1
vn 0 0 -1
vn 0 0 -1
vn -0 -0 -1
vn -0 -0 -1
vn -0 -0 -1
vn 0 0 -1
vn -0 -0 -1
vn -0 -0 -1
vn 0 0 -1
vn -0 -0 -1
vn -0 -0 -1
vn 0 0 -1
vn 0 0 -1
vn -0 -0 -0.99999994
vn 0 0 -1
vn 0 0 -1
vn -0 -0 -1
vn -0 -0 -1
vn 0 0 -1
vn -0 -0 -1
vn -0 -0 -1
vn 0 0 -1
vn 0 0 -1
vn -0 -0 -1
vn -0 -0 -1
vn 0 0 -1
vn 0 0 -1
vn -0 -0 -0.99999994
vn 0 0 -1
vn 0 0 -1
vn -0 -0 -1
vn 0 0 -1
vn 0 0 -1
vn -0 -0 -1
vn 0 0 -1
vn 0 0 -1
vn -0 -0 -1
vn -0 -0 -1
vn 0 0 -1
vn 0 0 -1
vn -0 -0 -1
vn 0 0 -1
vn 0 0 -1
vn -0 -0 -1
vn 0 0 -1
vn 0 0 -1
vn -0 -0 -1
vn -0 -0 -1
vn 0 0 -1
vn -0 -0 -1
vn -0 -0 -1
vn -0 -0 -1
vn 0 0 -1
vn 0 0 -1
vn -0 -0 -1
vn 0 0 -1
vn 0 0 -1
vn -0 -0 -1
vn -0 -0 -1
vn -0 -0 -1
vn 0 0 -1
vn -0 -0 -1
vn 0 0 -1
vn 0 0 -1
vn 0 0 -1
vn -0 -0 -1
vn -0 -0 -1
vn 0 0 -1
vn -0 -0 -1
vn -0 -0 -1
vn 0 0 -1
vn -0 -0 -1
vn -0 -0 -1
vn 0 0 -1
vn 0 0 -1
vn -0 -0 -1
vn -0 -0 -1
vn 0 0 -1
vn -0 -0 -1
vn -0 -0 -1
vn -0 -0 -1
vn 0 0 -1
vn -0 -0 -1
vn -0 -0 -1
vn 0 0 -1
vn 0 0 -1
vn -0 -0 -1
vn 0 0 -1
vn 0 0 -1
vn -0 -0 -1
vn 0 0 -1
vn 0 0 -1
vn -0 -0 -1
vn -0 -0 -1
vn 0 0 -1
vn 0 0 -1
vn -0 -0 -1
vn -0 -0 -1
vn 0 0 -1
vn -0 -0 -1
vn -0 -0 -1
vn -0 -0 -1
vn 0 0 -1
vn 0 0 -1
vn -0 -0 -1
vn 0 0 -1
vn 0 0 -1
vn 0 0 -1
vn -0 -0 -1
vn -0 -0 -1
vn 0 0 -1
vn -0 -0 -1
vn 0 0 -1
vn 0 0 -1
vn -0 -0 -1
vn -0 -0 -1
vn 0 0 -1
vn -0 -0 -1
vn 0 0 -1
vn -0 -0 -1
vn 0 0 -1
vn -0 -0 -1
vn 0 0 -1
vn 0 0 -1
vn -0 -0 -1
vn -0 -0 -1
vn 0 0 -1
vn -0 -0 -1
vn -0 -0 -1
vn -0 -0 -1
vn 0 0 -1
vn -0 -0 -0.99999994
vn -0 -0 -1
vn 0 0 -1
vn 0 0 -1
vn 0 0 -1
vn -0 -0 -1
vn 0 0 -1
vn 0 0 -1
vn -0 -0 -1
vn -0 -0 -1
vn 0 0 -1
vn -0 -0 -1
vn 0 0 -1
vn 0 0 -1
vn -0 -0 -1
vn 0 0 -1
vn 0 0 -1
vn -0 -0 -1
vn 0 0 -1
vn 0 0 -1
vn -0 -0 -1
vn 0 0 -1
vn 0 0 -1
vn -0 -0 -1
vn -0 -0 -1
vn -0 -0 -1
vn 0 0 -1
vn -0 -0 -1
vn -0 -0 -1
vn 0 0 -1
vn -0 -0 -0.99999994
vn 0 0 -1
vn 0 0 -1
vn -0 -0 -1
vn 0 0 -1
vn 0 0 -1
vn -0 -0 -1
vn -0 -0 -1
vn 0 0 -1
vn 0 0 -1
vn -0 -0 -1
vn -0 -0 -0.99999994
vn 0 0 -1
vn 0 0 -1
vn -0 -0 -1
vn -0 -0 -1
vn 0 0 -1
vn 0 0 -1
vn -0 -0 -1
vn -0 -0 -1
vn 0 0 -1
vn 0 0 -1
vn -0 -0 -1
vn 0 0 -1
vn 0 0 -1
vn -0 -0 -1
vn 0 0 -1
vn -0 -0 -1
vn -0 -0 -0.99999994
vn 0 0 -1
vn 0 0 -1
vn -0 -0 -1
vn -0 -0 -1
vn 0 0 -1
vn 0 0 -1
vn -0 -0 -0.99999994
vn 0 0 -1
vn 0 0 -1
vn -0 -0 -1
vn -0 -0 -1
vn 0 0 -1
vn 0 0 -1
vn -0 -0 -1
vn -0 -0 -1
vn 0 0 -1
vn -0 -0 -1
vn -0 -0 -1
vn 0 0 -1
vn -0 -0 -1
vn 0 0 -1
vn 0 0 -1
vn -0 -0 -1
vn 0 0 -1
vn 0 0 -1
vn -0 -0 -1
vn 0 0 -1
vn 0 0 -1
vn -0 -0 -1
vn -0 -0 -1
vn -0 -0 -1
vn 0 0 -1
vn -0 -0 -1
vn -0 -0 -1
vn 0 0 -1
vn -0 -0 -1
vn -0 -0 -1
vn 0 0 -1
vn 0 0 -1
vn -0 -0 -1
vn 0 0 -1
vn 0 0 -1
vn -0 -0 -1
vn -0 -0 -1
vn 0 0 -1
vn 0 0 -1
vn -0 -0 -1
vn 0 0 -1
vn 0 0 -1
vn -0 -0 -1
vn 0 0 -1
vn 0 0 -1
vn -0 -0 -1
vn 0 0 -1
vn 0 0 -1
vn -0 -0 -1
vn 0 0 -1
vn 0 0 -1
vn 0 0 -1
vn -0 -0 -1
vn -0 -0 -1
vn 0 0 -1
vn -0 -0 -1
vn -0 -0 -1
vn -0 -0 -1
vn 0 0 -1
vn 0 0 -1
vn -0 -0 -1
vn 0 0 -1
vn 0 0 -1
vn -0 -0 -1
vn 0 0 -1
vn 0 0 -1
vn -0 -0 -1
vn 0 0 -0.99999994
vn 0 0 -1
vn -0 -0 -1
vn -0 -0 -1
vn -0 -0 -1
vn 0 0 -1
vn 0 0 -1
vn -0 -0 -1
vn 0 0 -1
vn 0 0 -1
vn -0 -0 -1
vn 0 0 -1
vn 0 0 -1
vn -0 -0 -1
vn -0 -0 -1
vn 0 0 -1
vn -0 -0 -1
vn -0 -0 -1
vn -0 -0 -1
vn 0 0 -1
vn -0 -0 -1
vn -0 -0 -1
vn 0 0 -1
vn 0 0 -1
vn 0 0 -1
vn 0 0 -1
vn 0 0 -1
vn -0 -0 -1
vn -0 -0 -1
vn 0 0 -1
vn 0 0 -1
vn -0 -0 -1
vn 0 0 -1
vn 0 0 -1
vn -0 -0 -1
vn -0 -0 -1
vn 0 0 -1
vn -0 -0 -1
vn -0 -0 -1
vn -0 -0 -1
vn 0 0 -1
vn 0 0 -1
vn -0 -0 -1
vn 0 0 -1
vn 0 0 -1
vn -0 -0 -1
vn -0 -0 -1
vn -0 -0 -1
vn 0 0 -1
vn -0 -0 -0.99999994
vn -0 -0 -1
vn 0 0 -1
vn 0 0 -1
vn -0 -0 -1
vn -0 -0 -1
vn 0 0 -1
vn 0 0 -1
vn -0 -0 -1
vn 0 0 -1
vn -0 -0 -1
vn -0 -0 -1
vn 0 0 -1
vn -0 -0 -1
vn -0 -0 -1
vn -0 -0 -1
vn 0 0 -1
vn -0 -0 -1
vn -0 -0 -1
vn -0 -0 -1
vn 0 0 -1
vn -0 -0 -1
vn -0 -0 -0.99999994
vn 0 0 -1
vn 0 0 -1
vn -0 -0 -1
vn 0 0 -1
vn 0 0 -1
vn -0 -0 -1
vn 0 0 -1
vn 0 0 -1
vn -0 -0 -1
vn -0 -0 -1
vn 0 0 -1
vn 0 0 -1
vn -0 -0 -1
vn -0 -0 -1
vn 0 0 -1
vn -0 -0 -1
vn 0 0 -1
vn -0 -0 -1
vn 0 0 -1
vn 0 0 -1
vn -0 -0 -1
vn 0 0 -1
vn 0 0 -1
vn -0 -0 -1
vn -0 -0 -1
vn -0 -0 -1
vn 0 0 -0.99999994
vn -0 -0 -1
vn 0 0 -1
vn 0 0 -1
vn 0 0 -1
vn -0 -0 -1
vn -0 -0 -0.99999994
vn 0 0 -1
vn 0 0 -1
vn -0 -0 -1
vn 0 0 -1
vn 0 0 -1
vn 0 0 -1
vn -0 -0 -1
vn 0 0 -1
vn -0 -0 -1
vn 0 0 -1
vn 0 0 -1
vn -0 -0 -1
vn -0 -0 -0.99999994
vn 0 0 -1
vn -0 -0 -1
vn 0 0 -1
vn 0 0 -1
vn -0 -0 -1
vn -0 -0 -1
vn 0 0 -1
vn 0 0 -0.99999994
vn -0 -0 -1
vn -0 -0 -1
vn 0 0 -1
vn 0 0 -1
vn -0 -0 -1
vn -0 -0 -1
vn 0 0 -1
vn 0 0 -1
vn -0 -0 -1
vn 0 0 -1
vn 0 0 -1
vn -0 -0 -1
vn 0 0 -1
vn 0 0 -1
vn -0 -0 -1
vn 0 0 -1
vn 0 0 -1
vn -0 -0 -1
vn -0 -0 -1
vn -0 -0 -1
vn 0 0 -1
vn -0 -0 -1
vn -0 -0 -1
vn 0 0 -1
vn 0 0 -1
vn -0 -0 -1
vn 0 0 -1
vn 0 0 -1
vn -0 -0 -1
vn 0 0 -1
vn 0 0 -1
vn -0 -0 -1
vn -0 -0 -1
vn 0 0 -1
vn -0 -0 -1
vn -0 -0 -1
vn -0 -0 -1
vn 0 0 -1
vn 0 0 -1
vn 0 0 -1
vn -0 -0 -0.99999994
vn 0 0 -1
vn 0 0 -1
vn -0 -0 -1
vn -0 -0 -1
vn 0 0 -1
vn 0 0 -1
vn -0 -0 -1
vn 0 0 -1
vn 0 0 -1
vn -0 -0 -1
vn -0 -0 -1
vn 0 0 -1
vn 0 0 -1
vn -0 -0 -1
vn 0 0 -1
vn 0 0 -1
vn -0 -0 -1
vn -0 -0 -1
vn 0 0 -1
vn -0 -0 -1
vn 0 0 -1
vn 0 0 -1
vn -0 -0 -1
vn -0 -0 -1
vn 0 0 -1
vn 0 0 -1
vn -0 -0 -1
vn -0 -0 -1
vn 0 0 -1
vn -0 -0 -1
vn -0 -0 -1
vn 0 0 -1
vn 0 0 -1
vn 0 0 -1
vn -0 -0 -1
vn 0 0 -1
vn 0 0 -1
vn -0 -0 -1
vn -0 -0 -1
vn 0 0 -1
vn -0 -0 -1
vn -0 -0 -1
vn 0 0 -1
vn 0 0 -1
vn -0 -0 -1
vn -0 -0 -1
vn 0 0 -1
vn 0 0 -1
vn -0 -0 -1
vn 0 0 -1
vn 0 0 -1
vn -0 -0 -1
vn 0 0 -1
vn 0 0 -1
vn 0 0 -1
vn -0 -0 -1
vn 0 0 -1
vn 0 0 -1
vn -0 -0 -1
vn -0 -0 -1
vn -0 -0 -1
vn 0 0 -1
vn 0 0 -1
vn -0 -0 -1
vn 0 0 -1
vn 0 0 -1
vn -0 -0 -1
vn -0 -0 -1
vn -0 -0 -1
vn 0 0 -1
vn -0 -0 -1
vn 0 0 -1
vn 0 0 -1
vn -0 -0 -1
vn -0 -0 -1
vn 0 0 -1
vn 0 0 -1
vn -0 -0 -1
vn -0 -0 -1
vn 0 0 -1
vn 0 0 -1
vn -0 -0 -1
vn -0 -0 -1
vn 0 0 -1
vn -0 -0 -1
vn 0 0 -1
vn 0 0 -1
vn -0 -0 -1
vn -0 -0 -1
vn 0 0 -1
vn -0 -0 -1
vn -0 -0 -1
vn 0 0 -1
vn -0 -0 -1
vn -0 -0 -1
vn -0 -0 -1
vn 0 0 -1
vn 0 0 -1
vn -0 -0 -1
vn 0 0 -1
vn -0 -0 -1
vn -0 -0 -1
vn -0 -0 -1
vn 0 0 -1
vn -0 -0 -1
vn -0 -0 -1
vn 0 0 -1
vn -0 -0 -1
vn -0 -0 -1
vn 0 0 -1
vn -0 -0 -1
vn -0 -0 -1
vn 0 0 -1
vn 0 0 -1
vn -0 -0 -1
vn -0 -0 -1
vn 0 0 -1
vn -0 -0 -1
vn -0 -0 -1
vn 0 0 -1
vn 0 0 -1
vn -0 -0 -1
vn -0 -0 -1
vn 0 0 -1
vn 0 0 -1
vn -0 -0 -1
vn 0 0 -1
vn 0 0 -1
vn -0 -0 -1
vn -0 -0 -1
vn 0 0 -1
vn -0 -0 -1
vn 0 0 -1
vn 0 0 -1
vn -0 -0 -1
vn 0 0 -1
vn -0 -0 -1
vn -0 -0 -1
vn 0 0 -1
vn 0 0 -1
vn 0 0 -1
vn -0 -0 -1
vn 0 0 -1
vn 0 0 -1
vn -0 -0 -1
vn 0 0 -1
vn 0 0 -1
vn -0 -0 -1
vn -0 -0 -1
vn 0 0 -1
vn -0 -0 -1
vn -0 -0 -1
vn 0 0 -1
vn -0 -0 -1
vn -0 -0 -1
vn 0 0 -1
vn 0 0 -1
vn -0 -0 -0.99999994
vn 0 0 -1
vn 0 0 -0.99999994
vn -0 -0 -1
vn -0 -0 -1
vn -0 -0 -1
vn 0 0 -1
vn -0 -0 -1
vn 0 0 -1
vn 0 0 -1
vn 0 0 -1
vn -0 -0 -1
vn 0 0 -1
vn 0 0 -1
vn 0 0 -1
vn -0 -0 -1
vn -0 0 -1
vn -0 -0 -1
vn -0 -0 -1
vn -0 -0 -1
vn -0 -0 -1
vn 0 -0 -1
vn -0 -0 -1
vn 0 -0 -1
vn -0 -0 -1
vn 0 -0 -1
vn -0 -0 -1
vn 0 -0 -1
vn -0 -0 -1
vn 0 0 -1
vn 0 -0 -1
vn -0 -0 -1
vn -0 -0 -1
vn -0 -0 -1
vn -0 -0 1
vn -0 -0 1
vn -0 -0 1
vn -0 -0 1
vn 0 -0 1
vn 0 0 1
vn -0 -0 1
vn 0 -0 1
vn -0 -0 1
vn 0 -0 1
vn -0 -0 1
vn -0 -0 1
vn 0 -0 1
vn 0 -0 1
vn -0 -0 1
vn -0 -0 1
vn -0 -0 1
vn -0 -0 1
vn -0 0 1
vn -0 -0 1
vn 0 0 1
vn 0 0 1
vn 0 0 1
vn -0 -0 1
vn 0 0 1
vn 0 0 1
vn 0 0 1
vn -0 -0 1
vn 0 0 1
vn -0 -0 1
vn -0 -0 1
vn -0 -0 1
vn 0 0 0.99999994
vn 0 0 1
vn -0 -0 0.99999994
vn 0 0 1
vn 0 0 1
vn -0 -0 1
vn -0 -0 1
vn 0 0 1
vn -0 -0 1
vn -0 -0 1
vn 0 0 1
vn -0 -0 1
vn -0 -0 1
vn 0 0 1
vn 0 0 1
vn -0 -0 1
vn 0 0 1
vn 0 0 1
vn -0 -0 1
vn 0 0 1
vn 0 0 1
vn 0 0 1
vn -0 -0 1
vn -0 -0 1
vn 0 0 1
vn -0 -0 1
vn 0 0 1
vn 0 0 1
vn -0 -0 1
vn 0 0 1
vn -0 -0 1
vn -0 -0 1
vn 0 0 1
vn 0 0 1
vn -0 -0 1
vn 0 0 1
vn 0 0 1
vn -0 -0 1
vn -0 -0 1
vn 0 0 1
vn 0 0 1
vn -0 -0 1
vn -0 -0 1
vn 0 0 1
vn -0 -0 1
vn -0 -0 1
vn 0 0 1
vn 0 0 1
vn -0 -0 1
vn -0 -0 1
vn 0 0 1
vn -0 -0 1
vn -0 -0 1
vn 0 0 1
vn -0 -0 1
vn -0 -0 1
vn 0 0 1
vn -0 -0 1
vn -0 -0 1
vn -0 -0 1
vn 0 0 1
vn -0 -0 1
vn 0 0 1
vn 0 0 1
vn -0 -0 1
vn -0 -0 1
vn -0 -0 1
vn 0 0 1
vn -0 -0 1
vn -0 -0 1
vn 0 0 1
vn -0 -0 1
vn -0 -0 1
vn 0 0 1
vn 0 0 1
vn -0 -0 1
vn 0 0 1
vn -0 -0 1
vn -0 -0 1
vn 0 0 1
vn 0 0 1
vn -0 -0 1
vn -0 -0 1
vn 0 0 1
vn 0 0 1
vn -0 -0 1
vn -0 -0 1
vn 0 0 1
vn 0 0 1
vn -0 -0 1
vn 0 0 1
vn -0 -0 1
vn -0 -0 1
vn -0 -0 1
vn 0 0 1
vn 0 0 1
vn -0 -0 1
vn 0 0 1
vn 0 0 1
vn -0 -0 1
vn -0 -0 1
vn -0 -0 1
vn 0 0 1
vn 0 0 1
vn -0 -0 1
vn 0 0 1
vn 0 0 1
vn 0 0 1
vn -0 -0 1
vn 0 0 1
vn 0 0 1
vn -0 -0 1
vn 0 0 1
vn 0 0 1
vn -0 -0 1
vn -0 -0 1
vn 0 0 1
vn 0 0 1
vn -0 -0 1
vn -0 -0 1
vn 0 0 1
vn -0 -0 1
vn -0 -0 1
vn 0 0 1
vn 0 0 1
vn -0 -0 1
vn 0 0 1
vn 0 0 1
vn 0 0 1
vn -0 -0 1
vn -0 -0 1
vn 0 0 1
vn -0 -0 1
vn -0 -0 1
vn 0 0 1
vn 0 0 1
vn -0 -0 1
vn -0 -0 1
vn 0 0 1
vn 0 0 1
vn -0 -0 1
vn 0 0 1
vn -0 -0 1
vn -0 -0 1
vn 0 0 1
vn 0 0 1
vn -0 -0 1
vn 0 0 1
vn 0 0 1
vn -0 -0 1
vn -0 -0 1
vn 0 0 1
vn 0 0 1
vn -0 -0 1
vn 0 0 1
vn 0 0 1
vn -0 -0 1
vn -0 -0 1
vn 0 0 1
vn 0 0 1
vn -0 -0 0.99999994
vn 0 0 1
vn 0 0 1
vn 0 0 1
vn -0 -0 1
vn -0 -0 1
vn -0 -0 1
vn 0 0 1
vn -0 -0 1
vn -0 -0 1
vn 0 0 1
vn 0 0 1
vn -0 -0 1
vn 0 0 1
vn 0 0 1
vn -0 -0 1
vn 0 0 1
vn 0 0 1
vn -0 -0 1
vn -0 -0 1
vn 0 0 1
vn -0 -0 1
vn -0 -0 1
vn -0 -0 1
vn 0 0 1
vn 0 0 1
vn -0 -0 1
vn 0 0 1
vn 0 0 1
vn -0 -0 1
vn 0 0 1
vn 0 0 1
vn -0 -0 1
vn 0 0 1
vn 0 0 1
vn -0 -0 1
vn -0 -0 1
vn 0 0 1
vn 0 0 1
vn -0 -0 1
vn -0 -0 1
vn 0 0 0.99999994
vn 0 0 1
vn -0 -0 1
vn -0 -0 1
vn 0 0 1
vn 0 0 1
vn -0 -0 1
vn 0 0 1
vn -0 -0 0.99999994
vn -0 -0 1
vn 0 0 1
vn 0 0 1
vn -0 -0 1
vn 0 0 1
vn -0 -0 1
vn 0 0 1
vn 0 0 1
vn 0 0 1
vn -0 -0 1
vn 0 0 1
vn 0 0 1
vn -0 -0 0.99999994
vn -0 -0 1
vn 0 0 1
vn 0 0 1
vn 0 0 1
vn -0 -0 1
vn 0 0 0.99999994
vn -0 -0 1
vn -0 -0 1
vn -0 -0 1
vn 0 0 1
vn 0 0 1
vn -0 -0 1
vn 0 0 1
vn 0 0 1
vn -0 -0 1
vn 0 0 1
vn -0 -0 1
vn 0 0 1
vn -0 -0 1
vn -0 -0 1
vn 0 0 1
vn 0 0 1
vn -0 -0 1
vn -0 -0 1
vn 0 0 1
vn 0 0 1
vn -0 -0 1
vn 0 0 1
vn 0 0 1
vn -0 -0 1
vn 0 0 1
vn 0 0 1
vn -0 -0 0.99999994
vn -0 -0 1
vn 0 0 1
vn -0 -0 1
vn -0 -0 1
vn -0 -0 1
vn 0 0 1
vn -0 -0 1
vn -0 -0 1
vn -0 -0 1
vn 0 0 1
vn -0 -0 1
vn -0 -0 1
vn 0 0 1
vn -0 -0 1
vn 0 0 1
vn 0 0 1
vn -0 -0 1
vn -0 -0 1
vn 0 0 1
vn 0 0 1
vn -0 -0 1
vn -0 -0 0.99999994
vn 0 0 1
vn -0 -0 1
vn -0 -0 1
vn -0 -0 1
vn 0 0 1
vn 0 0 1
vn -0 -0 1
vn 0 0 1
vn 0 0 1
vn -0 -0 1
vn -0 -0 1
vn -0 -0 1
vn 0 0 1
vn -0 -0 1
vn -0 -0 1
vn 0 0 1
vn 0 0 1
vn -0 -0 1
vn 0 0 1
vn 0 0 1
vn -0 -0 1
vn -0 -0 1
vn 0 0 1
vn 0 0 1
vn 0 0 1
vn 0 0 1
vn 0 0 1
vn -0 -0 1
vn -0 -0 1
vn 0 0 1
vn -0 -0 1
vn -0 -0 1
vn -0 -0 1
vn 0 0 1
vn -0 -0 1
vn -0 -0 1
vn 0 0 1
vn 0 0 1
vn -0 -0 1
vn 0 0 1
vn 0 0 1
vn -0 -0 1
vn 0 0 1
vn 0 0 1
vn -0 -0 1
vn -0 -0 1
vn -0 -0 1
vn 0 0 1
vn 0 0 0.99999994
vn -0 -0 1
vn 0 0 1
vn 0 0 1
vn -0 -0 1
vn 0 0 1
vn 0 0 1
vn -0 -0 1
vn 0 0 1
vn 0 0 1
vn -0 -0 1
vn -0 -0 1
vn -0 -0 1
vn 0 0 1
vn -0 -0 1
vn -0 -0 1
vn 0 0 1
vn 0 0 1
vn 0 0 1
vn -0 -0 1
vn 0 0 1
vn 0 0 1
vn -0 -0 1
vn 0 0 1
vn 0 0 1
vn -0 -0 1
vn 0 0 1
vn 0 0 1
vn -0 -0 1
vn 0 0 1
vn 0 0 1
vn -0 -0 1
vn -0 -0 1
vn 0 0 1
vn 0 0 1
vn -0 -0 1
vn 0 0 1
vn 0 0 1
vn -0 -0 1
vn -0 -0 1
vn 0 0 1
vn -0 -0 1
vn -0 -0 1
vn 0 0 1
vn -0 -0 1
vn -0 -0 1
vn -0 -0 1
vn 0 0 1
vn 0 0 1
vn -0 -0 1
vn 0 0 1
vn 0 0 1
vn -0 -0 1
vn 0 0 1
vn 0 0 1
vn -0 -0 1
vn 0 0 1
vn -0 -0 1
vn -0 -0 1
vn 0 0 1
vn -0 -0 1
vn -0 -0 1
vn 0 0 1
vn 0 0 1
vn -0 -0 1
vn -0 -0 1
vn 0 0 1
vn 0 0 1
vn -0 -0 0.99999994
vn 0 0 1
vn 0 0 1
vn -0 -0 1
vn -0 -0 1
vn 0 0 1
vn 0 0 1
vn -0 -0 0.99999994
vn -0 -0 1
vn 0 0 1
vn -0 -0 1
vn 0 0 1
vn 0 0 1
vn -0 -0 1
vn 0 0 1
vn 0 0 1
vn -0 -0 1
vn -0 -0 1
vn 0 0 1
vn 0 0 1
vn -0 -0 1
vn -0 -0 1
vn 0 0 1
vn 0 0 1
vn -0 -0 0.99999994
vn -0 -0 1
vn 0 0 1
vn 0 0 1
vn -0 -0 1
vn -0 -0 1
vn 0 0 1
vn 0 0 1
vn -0 -0 1
vn 0 0 1
vn 0 0 1
vn -0 -0 0.99999994
vn 0 0 1
vn -0 -0 1
vn -0 -0 1
vn 0 0 1
vn -0 -0 1
vn -0 -0 1
vn -0 -0 1
vn 0 0 1
vn 0 0 1
vn -0 -0 1
vn 0 0 1
vn 0 0 1
vn -0 -0 1
vn 0 0 1
vn 0 0 1
vn -0 -0 1
vn 0 0 1
vn 0 0 1
vn -0 -0 1
vn 0 0 1
vn -0 -0 1
vn -0 -0 1
vn 0 0 1
vn 0 0 1
vn -0 -0 1
vn 0 0 1
vn 0 0 1
vn 0 0 1
vn -0 -0 1
vn -0 -0 0.99999994
vn 0 0 1
vn -0 -0 1
vn -0 -0 1
vn -0 -0 1
vn 0 0 1
vn -0 -0 1
vn -0 -0 1
vn 0 0 1
vn 0 0 1
vn -0 -0 1
vn 0 0 1
vn -0 -0 1
vn 0 0 1
vn -0 -0 1
vn 0 0 1
vn -0 -0 1
vn -0 -0 1
vn 0 0 1
vn 0 0 1
vn -0 -0 1
vn 0 0 1
vn -0 -0 1
vn -0 -0 1
vn 0 0 1
vn 0 0 1
vn 0 0 1
vn -0 -0 1
vn 0 0 1
vn 0 0 1
vn -0 -0 1
vn -0 -0 1
vn -0 -0 1
vn 0 0 1
vn -0 -0 1
vn -0 -0 1
vn 0 0 1
vn 0 0 1
vn -0 -0 1
vn -0 -0 1
vn 0 0 1
vn 0 0 1
vn -0 -0 1
vn 0 0 1
vn 0 0 1
vn -0 -0 1
vn 0 0 1
vn 0 0 1
vn -0 -0 1
vn -0 -0 1
vn 0 0 1
vn -0 -0 1
vn -0 -0 1
vn -0 -0 1
vn 0 0 1
vn -0 -0 1
vn -0 -0 1
vn 0 0 1
vn 0 0 1
vn -0 -0 1
vn -0 -0 1
vn 0 0 1
vn -0 -0 1
vn -0 -0 1
vn 0 0 1
vn -0 -0 1
vn -0 -0 1
vn 0 0 1
vn 0 0 1
vn 0 0 1
vn -0 -0 1
vn 0 0 1
vn -0 -0 1
vn -0 -0 1
vn -0 -0 1
vn 0 0 1
vn 0 0 1
vn -0 -0 1
vn 0 0 1
vn 0 0 1
vn -0 -0 1
vn -0 -0 1
vn -0 -0 1
vn 0 0 1
vn -0 -0 1
vn -0 -0 1
vn 0 0 1
vn 0 0 1
vn -0 -0 1
vn 0 0 1
vn 0 0 1
vn -0 -0 1
vn 0 0 1
vn 0 0 1
vn -0 -0 1
vn -0 -0 1
vn 0 0 1
vn 0 0 1
vn -0 -0 1
vn 0 0 1
vn 0 0 1
vn -0 -0 1
vn 0 0 1
vn 0 0 1
vn -0 -0 0.99999994
vn 0 0 1
vn 0 0 1
vn -0 -0 1
vn -0 -0 1
vn 0 0 1
vn 0 0 1
vn -0 -0 1
vn -0 -0 1
vn 0 0 1
vn -0 -0 1
vn -0 -0 1
vn 0 0 1
vn 0 0 1
vn -0 -0 0.99999994
vn 0 0 1
vn 0 0 1
vn -0 -0 1
vn -0 -0 1
vn 0 0 1
vn -0 -0 1
vn -0 -0 1
vn 0 0 1
vn -0 -0 1
vn -0 -0 1
vn -0 -0 1
vn 0 0 1
vn 0 0 1
vn -0 -0 1
vn 0 0 1
vn 0 0 1
vn 0 0 1
vn -0 -0 1
vn 0 0 1
vn 0 0 1
vn -0 -0 1
vn -0 -0 1
vn 0 0 1
vn -0 -0 1
vn -0 -0 1
vn 0 0 1
vn 0 0 1
vn -0 -0 1
vn 0 0 1
vn -0 -0 1
vn -0 -0 1
vn 0 0 1
vn 0 0 1
vn -0 -0 1
vn -0 -0 1
vn 0 0 1
vn -0 -0 1
vn -0 -0 1
vn -0 -0 1
vn 0 0 1
vn -0 -0 1
vn -0 -0 1
vn 0 0 1
vn 0 0 1
vn -0 -0 1
vn -0 -0 1
vn 0 0 1
vn 0 0 1
vn -0 -0 1
vn 0 0 1
vn 0 0 1
vn -0 -0 1
vn 0 0 1
vn 0 0 1
vn -0 -0 1
vn -0 -0 1
vn 0 0 1
vn 0 0 1
vn -0 -0 0.99999994
vn -0 -0 1
vn 0 0 1
vn -0 -0 1
vn -0 -0 1
vn 0 0 1
vn 0 0 1
vn 0 0 1
vn 0 0 1
vn 0 0 1
vn 0 0 1
vn -0 -0 1
vn -0 -0 1
vn 0 0 1
vn 0 0 1
vn 0 0 1
vn -0 -0 1
vn -0 -0 1
vn 0 0 1
vn -0 -0 1
vn 0 0 1
vn 0 0 1
vn -0 -0 1
vn 0 0 1
vn 0 0 1
vn -0 -0 1
vn 0 0 1
vn 0 0 1
vn -0 -0 1
vn -0 -0 1
vn -0 -0 1
vn 0 0 1
vn -0 -0 1
vn -0 -0 1
vn 0 0 1
vn 0 0 1
vn -0 -0 1
vn -0 -0 1
vn 0 0 1
vn 0 0 1
vn -0 -0 1
vn 0 0 1
vn -0 -0 1
vn 0 0 1
vn -0 -0 1
vn 0 0 1
vn -0 -0 1
vn -0 -0 1
vn 0 0 1
vn 0 0 1
vn 0 0 1
vn -0 -0 1
vn 0 0 1
vn -0 -0 1
vn -0 -0 1
vn 0 0 1
vn 0 0 1
vn 0 0 1
vn -0 -0 1
vn -0 -0 1
vn 0 0 0.99999994
vn -0 -0 1
vn -0 -0 1
vn 0 0 1
vn 0 0 1
vn -0 -0 1
vn -0 -0 1
vn 0 0 1
vn 0 0 1
vn -0 -0 0.99999994
vn 0 0 1
vn 0 0 1
vn -0 -0 1
vn 0 0 1
vn 0 0 1
vn -0 -0 1
vn 0 0 1
vn 0 0 1
vn -0 -0 1
vn 0 0 1
vn -0 -0 1
vn -0 -0 1
vn -0 -0 1
vn 0 0 1
vn -0 -0 1
vn -0 -0 1
vn 0 0 1
vn 0 0 1
vn -0 -0 0.99999994
vn 0 0 1
vn 0 0 1
vn 0 0 1
vn -0 -0 1
vn -0 -0 1
vn 0 0 1
vn -0 -0 1
vn -0 -0 1
vn 0 0 1
vn 0 0 1
vn -0 -0 1
vn 0 0 1
vn 0 0 1
vn -0 -0 1
vn -0 -0 1
vn 0 0 1
vn 0 0 1
vn -0 -0 1
vn -0 -0 1
vn 0 0 1
vn -0 -0 1
vn 0 0 1
vn 0 0 1
vn -0 -0 1
vn -0 -0 1
vn 0 0 1
vn 0 0 1
vn -0 -0 1
vn -0 -0 1
vn 0 0 1
vn 0 0 1
vn -0 -0 1
vn -0 -0 1
vn 0 0 1
vn -0 -0 1
vn -0 -0 1
vn 0 0 1
vn 0 0 1
vn -0 -0 1
vn -0 -0 1
vn 0 0 0.99999994
vn -0 -0 1
vn -0 -0 1
vn -0 -0 1
vn 0 0 1
vn 0 0 1
vn -0 -0 1
vn 0 0 1
vn 0 0 1
vn -0 -0 1
vn 0 0 1
vn 0 0 1
vn -0 -0 1
vn -0 -0 1
vn 0 0 1
vn -0 -0 1
vn -0 -0 1
vn -0 -0 1
vn 0 0 1
vn -0 -0 1
vn 0 0 1
vn 0 0 1
vn -0 -0 1
vn -0 -0 0.99999994
vn 0 0 1
vn 0 0 1
vn 0 0 1
vn -0 -0 1
vn 0 0 1
vn -0 -0 1
vn -0 -0 1
vn 0 0 1
vn -0 -0 1
vn -0 -0 1
vn 0 0 1
vn 0 0 1
vn -0 -0 1
vn 0 0 1
vn 0 0 1
vn 0 0 1
vn -0 -0 1
vn -0 -0 1
vn 0 0 1
vn -0 -0 1
vn -0 -0 1
vn 0 0 1
vn 0 0 1
vn 0 0 1
vn -0 -0 1
vn 0 0 1
vn -0 -0 1
vn -0 -0 1
vn 0 0 1
vn 0 0 1
vn -0 -0 1
vn -0 -0 1
vn 0 0 1
vn -0 -0 1
vn -0 -0 1
vn -0 -0 1
vn 0 0 1
vn -0 -0 1
vn -0 -0 1
vn 0 0 1
vn 0 0 1
vn -0 -0 1
vn -0 -0 1
vn 0 0 1
vn 0 0 1
vn -0 -0 1
vn 0 0 1
vn 0 0 1
vn -0 -0 1
vn -0 -0 1
vn 0 0 1
vn 0 0 1
vn -0 -0 1
vn -0 -0 1
vn 0 0 1
vn -0 -0 1
vn -0 -0 1
vn 0 0 1
vn -0 -0 1
vn -0 -0 1
vn 0 0 1
vn 0 0 1
vn 0 0 1
vn 0 0 1
vn -0 -0 1
vn 0 0 1
vn -0 -0 1
vn -0 -0 1
vn 0 0 0.99999994
vn 0 0 1
vn -0 -0 1
vn -0 -0 1
vn 0 0 1
vn 0 0 1
vn -0 -0 1
vn 0 0 1
vn 0 0 1
vn -0 -0 1
vn -0 -0 1
vn 0 0 1
vn 0 0 1
vn -0 -0 1
vn -0 -0 1
vn 0 0 0.99999994
vn -0 -0 1
vn -0 -0 1
vn 0 0 1
vn -0 -0 1
vn -0 -0 1
vn 0 0 1
vn 0 0 1
vn -0 -0 1
vn -0 -0 1
vn 0 0 1
vn 0 0 1
vn -0 -0 1
vn -0 -0 1
vn 0 0 1
vn -0 -0 1
vn -0 -0 1
vn -0 -0 1
vn -0 -0 1
vn -0 -0 1
vn -0 -0 1
vn -0 -0 1
vn -0 -0 1
vn -0 -0 1
vn -0 -0 1
vn 0 0 1
vn 0 -0 1
vn 0 0 1
vn 0 0 1
vn -0 -0 1
vn -0 -0 1
vn -0.991258025 -0.131937474 -0
vn -0.991258025 -0.131937474 -0
vn -0.997707605 -0.067671448 0
vn -0.997707605 -0.067671448 0
vn -0.997707605 -0.067671448 0
vn -0.997707605 -0.067671448 0
vn -0.999946296 0.0103700412 0
vn -0.999946296 0.0103700412 0
vn -0.999946296 0.0103700412 0
vn -0.999946296 0.0103700412 0
vn -0.999790668 0.0204616748 -0
vn -0.999790668 0.0204616748 -0
vn -0.999790668 0.0204616748 -0
vn -0.999790668 0.0204616748 -0
vn -0.999963641 0.00853120815 -0
vn -0.999963641 0.00853120815 -0
vn -0.999963641 0.00853120815 -0
vn -0.999963641 0.00853120815 -0
vn -0.999859929 -0.0167361014 0
vn -0.999859929 -0.0167361014 -0
vn -0.999859929 -0.0167361014 -0
vn -0.999859929 -0.0167361014 0
vn -0.998529375 -0.0542132407 0
vn -0.998529375 -0.0542132407 0
vn -0.998529375 -0.0542132407 0
vn -0.998529375 -0.0542132407 0
vn -0.999229133 -0.0392575972 0
vn -0.999229133 -0.0392575972 0
vn -0.999229133 -0.0392575972 0
vn -0.999229133 -0.0392575972 0
vn -0.994428039 0.105416529 0
vn -0.994428039 0.105416529 0
vn -0.994428039 0.105416529 0
vn -0.994428039 0.105416529 0
vn -0.932120383 0.362148672 -0
vn -0.932120383 0.362148672 -0
vn -0.932120383 0.362148672 -0
vn -0.932120383 0.362148672 -0
vn -0.864626944 0.502414405 -0
vn -0.864626944 0.502414405 -0
vn 0.244471431 0.969656527 0
vn 0.244471431 0.969656527 0
vn 0.244471431 0.969656527 -0
vn 0.244471431 0.969656527 -0
vn 0.81770277 0.575640678 0
vn 0.81770277 0.575640678 0
vn 0.843016922 0.537887037 0
vn 0.843016922 0.537887037 0
vn 0.843016922 0.537887037 0
vn 0.843016922 0.537887037 0
vn 0.87062645 0.49194479 0
vn 0.87062645 0.49194479 0
vn 0.87062645 0.49194479 0
vn 0.87062645 0.49194479 0
vn 0.888432384 0.459007621 0
vn 0.888432384 0.459007621 0
vn 0.888432384 0.459007621 0
vn 0.888432384 0.459007621 0
vn 0.906213462 0.422820181 0
vn 0.906213462 0.422820181 0
vn 0.906213462 0.422820181 0
vn 0.906213462 0.422820181 0
vn 0.91333586 0.407207161 0
vn 0.91333586 0.407207161 0
vn 0.91333586 0.407207161 0
vn 0.91333586 0.407207161 0
vn 0.881723225 0.471767128 0
vn 0.881723225 0.471767128 0
vn 0.881723225 0.471767128 0
vn 0.881723225 0.471767128 0
vn 0.846203744 0.532859504 0
vn 0.846203744 0.532859504 0
vn 0.846203744 0.532859504 0
vn 0.846203744 0.532859504 0
vn 0.878712237 0.477351755 0
vn 0.878712237 0.477351755 0
vn 0.878712237 0.477351755 0
vn 0.878712237 0.477351755 0
vn 0.887395442 0.461009145 0
vn 0.887395442 0.461009145 0
vn 0.887395442 0.461009145 0
vn 0.887395442 0.461009145 0
vn 0.864954054 0.501851141 0
vn 0.864954054 0.501851141 0
vn 0.864954054 0.501851141 0
vn 0.864954054 0.501851141 0
vn 0.869184554 0.494488031 0
vn 0.869184554 0.494488031 0
vn 0.869184554 0.494488031 0
vn 0.869184554 0.494488031 0
vn 0.893543422 0.448976696 0
vn 0.893543422 0.448976696 0
vn 0.893543422 0.448976696 0
vn 0.893543422 0.448976696 0
vn 0.899512708 0.436894417 0
vn 0.899512708 0.436894417 0
vn 0.899512708 0.436894417 0
vn 0.899512708 0.436894417 0
vn 0.855464756 0.517861009 0
vn 0.855464756 0.517861009 0
vn 0.855464756 0.517861009 0
vn 0.855464756 0.517861009 0
vn 0.864286482 0.502999902 0
vn 0.864286482 0.502999902 0
vn 0.864286482 0.502999902 0
vn 0.864286482 0.502999902 0
vn 0.908849657 0.417123854 0
vn 0.908849657 0.417123854 0
vn 0.908849657 0.417123854 0
vn 0.908849657 0.417123854 0
vn 0.885155916 0.46529454 0
vn 0.885155916 0.46529454 0
vn 0.885155916 0.46529454 0
vn 0.885155916 0.46529454 0
vn 0.872348428 0.488884658 0
vn 0.872348428 0.488884658 0
vn 0.872348428 0.488884658 0
vn 0.872348428 0.488884658 0
vn 0.892017901 0.451999962 0
vn 0.892017901 0.451999962 0
vn 0.892017901 0.451999962 0
vn 0.892017901 0.451999962 0
vn 0.884207845 0.467093647 0
vn 0.884207845 0.467093647 0
vn 0.884207845 0.467093647 0
vn 0.884207845 0.467093647 0
vn 0.877312601 0.479919344 0
vn 0.877312601 0.479919344 0
vn 0.877312601 0.479919344 0
vn 0.877312601 0.479919344 0
vn 0.888585329 0.458711356 0
vn 0.888585329 0.458711356 0
vn 0.888585329 0.458711356 0
vn 0.888585329 0.458711356 0
vn 0.878703713 0.477367729 0
vn 0.878703713 0.477367729 0
vn 0.878703713 0.477367729 0
vn 0.878703713 0.477367729 0
vn 0.853941321 0.520369291 0
vn 0.853941321 0.520369291 0
vn 0.853941321 0.520369291 0
vn 0.853941321 0.520369291 0
vn 0.850305378 0.526289642 0
vn 0.850305378 0.526289642 0
vn 0.850305378 0.526289642 0
vn 0.850305378 0.526289642 0
vn 0.886054933 0.46358037 0
vn 0.886054933 0.46358037 0
vn 0.886054933 0.46358037 0
vn 0.886054933 0.46358037 0
vn 0.899538219 0.436842084 0
vn 0.899538219 0.436842084 0
vn 0.899538219 0.436842084 0
vn 0.899538219 0.436842084 0
vn 0.854644477 0.519213617 0
vn 0.854644477 0.519213617 0
vn 0.854644477 0.519213617 0
vn 0.854644477 0.519213617 0
vn 0.882309079 0.470670581 0
vn 0.882309079 0.470670581 0
vn 0.882309079 0.470670581 0
vn 0.882309079 0.470670581 0
vn 0.913720906 0.406342149 0
vn 0.913720906 0.406342149 0
vn 0.913720906 0.406342149 0
vn 0.913720906 0.406342149 0
vn 0.895813346 0.44443059 0
vn 0.895813346 0.44443059 0
vn 0.895813346 0.44443059 0
vn 0.895813346 0.44443059 0
vn 0.867380977 0.497644752 0
vn 0.867380977 0.497644752 0
vn 0.867380977 0.497644752 0
vn 0.867380977 0.497644752 0
vn 0.881651402 0.471901208 0
vn 0.881651402 0.471901208 0
vn 0.881651402 0.471901208 0
vn 0.881651402 0.471901208 0
vn 0.884821773 0.465929747 0
vn 0.884821773 0.465929747 0
vn 0.884821773 0.465929747 0
vn 0.884821773 0.465929747 0
vn 0.85611999 0.516777217 0
vn 0.85611999 0.516777217 0
vn 0.85611999 0.516777217 0
vn 0.85611999 0.516777217 0
vn 0.865301073 0.501252532 0
vn 0.865301073 0.501252532 0
vn 0.865301073 0.501252532 0
vn 0.865301073 0.501252532 0
vn 0.910025716 0.414551795 0
vn 0.910025716 0.414551795 0
vn 0.910025716 0.414551795 0
vn 0.910025716 0.414551795 0
vn 0.890084386 0.455795646 0
vn 0.890084386 0.455795646 0
vn 0.890084386 0.455795646 0
vn 0.890084386 0.455795646 0
vn 0.871433377 0.490513831 0
vn 0.871433377 0.490513831 0
vn 0.871433377 0.490513831 0
vn 0.871433377 0.490513831 0
vn 0.893759191 0.448547095 0
vn 0.893759191 0.448547095 0
vn 0.893759191 0.448547095 0
vn 0.893759191 0.448547095 0
vn 0.883457541 0.468511105 0
vn 0.883457541 0.468511105 0
vn 0.883457541 0.468511105 0
vn 0.883457541 0.468511105 0
vn 0.865649462 0.500650406 0
vn 0.865649462 0.500650406 0
vn 0.865649462 0.500650406 0
vn 0.865649462 0.500650406 0
vn 0.844795406 0.535089374 0
vn 0.844795406 0.535089374 0
vn 0.844795406 0.535089374 0
vn 0.844795406 0.535089374 0
vn 0.861528754 0.507708848 0
vn 0.861528754 0.507708848 0
vn 0.861528754 0.507708848 0
vn 0.861528754 0.507708848 0
vn 0.891567826 0.452887118 0
vn 0.891567826 0.452887118 0
vn 0.891567826 0.452887118 0
vn 0.891567826 0.452887118 0
vn 0.886767626 0.462215573 0
vn 0.886767626 0.462215573 0
vn 0.886767626 0.462215573 0
vn 0.886767626 0.462215573 0
vn 0.885952413 0.463776141 0
vn 0.885952413 0.463776141 0
vn 0.885952413 0.463776141 0
vn 0.885952413 0.463776141 0
vn 0.899759114 0.436386853 0
vn 0.899759114 0.436386853 0
vn 0.899759114 0.436386853 0
vn 0.899759114 0.436386853 0
vn 0.888234794 0.459389746 0
vn 0.888234794 0.459389746 0
vn 0.888234794 0.459389746 0
vn 0.888234794 0.459389746 0
vn 0.883156419 0.46907863 0
vn 0.883156419 0.46907863 0
vn 0.883156419 0.46907863 0
vn 0.883156419 0.46907863 0
vn 0.902612209 0.430454582 0
vn 0.902612209 0.430454582 0
vn 0.902612209 0.430454582 0
vn 0.902612209 0.430454582 0
vn 0.891051829 0.453901589 0
vn 0.891051829 0.453901589 0
vn 0.891051829 0.453901589 0
vn 0.891051829 0.453901589 0
vn 0.859520078 0.511101902 0
vn 0.859520078 0.511101902 0
vn 0.859520078 0.511101902 0
vn 0.859520078 0.511101902 0
vn 0.858811617 0.512291491 0
vn 0.858811617 0.512291491 0
vn 0.858811617 0.512291491 0
vn 0.858811617 0.512291491 0
vn 0.895816803 0.444423407 0
vn 0.895816803 0.444423407 0
vn 0.895816803 0.444423407 0
vn 0.895816803 0.444423407 0
vn 0.883834481 0.467799813 0
vn 0.883834481 0.467799813 0
vn 0.883834481 0.467799813 0
vn 0.883834481 0.467799813 0
vn 0.836220562 0.54839319 0
vn 0.836220562 0.54839319 0
vn 0.836220562 0.54839319 0
vn 0.836220562 0.54839319 0
vn 0.878243446 0.478213876 0
vn 0.878243446 0.478213876 0
vn 0.878243446 0.478213876 0
vn 0.878243446 0.478213876 0
vn 0.897913992 0.440171063 0
vn 0.897913992 0.440171063 0
vn 0.897913992 0.440171063 0
vn 0.897913992 0.440171063 0
vn 0.860711694 0.509092689 0
vn 0.860711694 0.509092689 0
vn 0.860711694 0.509092689 0
vn 0.860711694 0.509092689 0
vn 0.863093197 0.505044639 0
vn 0.863093197 0.505044639 0
vn 0.863093197 0.505044639 0
vn 0.863093197 0.505044639 0
vn 0.890457451 0.455066621 0
vn 0.890457451 0.455066621 0
vn 0.890457451 0.455066621 0
vn 0.890457451 0.455066621 0
vn 0.894389689 0.447288603 0
vn 0.894389689 0.447288603 0
vn 0.894389689 0.447288603 0
vn 0.894389689 0.447288603 0
vn 0.866436958 0.499286622 0
vn 0.866436958 0.499286622 0
vn 0.866436958 0.499286622 0
vn 0.866436958 0.499286622 0
vn 0.870413899 0.492320746 0
vn 0.870413899 0.492320746 0
vn 0.870413899 0.492320746 0
vn 0.870413899 0.492320746 0
vn 0.902524471 0.430638373 0
vn 0.902524471 0.430638373 0
vn 0.902524471 0.430638373 0
vn 0.902524471 0.430638373 0
vn 0.884310007 0.466900349 0
vn 0.884310007 0.466900349 0
vn 0.884310007 0.466900349 0
vn 0.884310007 0.466900349 0
vn 0.859890759 0.510478079 0
vn 0.859890759 0.510478079 0
vn 0.859890759 0.510478079 0
vn 0.859890759 0.510478079 0
vn 0.872313082 0.488947719 0
vn 0.872313082 0.488947719 0
vn 0.872313082 0.488947719 0
vn 0.872313082 0.488947719 0
vn 0.896311581 0.443425 0
vn 0.896311581 0.443425 0
vn 0.896311581 0.443425 0
vn 0.896311581 0.443425 0
vn 0.889061689 0.457787573 0
vn 0.889061689 0.457787573 0
vn 0.889061689 0.457787573 0
vn 0.889061689 0.457787573 0
vn 0.867776573 0.49695459 0
vn 0.867776573 0.49695459 0
vn 0.867776573 0.49695459 0
vn 0.867776573 0.49695459 0
vn 0.892320037 0.451403379 0
vn 0.892320037 0.451403379 0
vn 0.892320037 0.451403379 0
vn 0.892320037 0.451403379 0
vn 0.897505283 0.44100377 0
vn 0.897505283 0.44100377 0
vn 0.897505283 0.44100377 0
vn 0.897505283 0.44100377 0
vn 0.862055302 0.506814182 0
vn 0.862055302 0.506814182 0
vn 0.862055302 0.506814182 0
vn 0.862055302 0.506814182 0
vn 0.850431561 0.526085675 0
vn 0.850431561 0.526085675 0
vn 0.850431561 0.526085675 0
vn 0.850431561 0.526085675 0
vn 0.867931902 0.496683151 0
vn 0.867931902 0.496683151 0
vn 0.867931902 0.496683151 0
vn 0.867931902 0.496683151 0
vn 0.857527375 0.514438391 0
vn 0.857527375 0.514438391 0
vn 0.857527375 0.514438391 0
vn 0.857527375 0.514438391 0
vn 0.883748829 0.46796146 0
vn 0.883748829 0.46796146 0
vn 0.883748829 0.46796146 0
vn 0.883748829 0.46796146 0
vn 0.919772208 0.392452538 0
vn 0.919772208 0.392452538 0
vn 0.919772208 0.392452538 0
vn 0.919772208 0.392452538 0
vn 0.91334796 0.407180011 0
vn 0.91334796 0.407180011 0
vn 0.91334796 0.407180011 0
vn 0.91334796 0.407180011 0
vn 0.893645465 0.448773682 0
vn 0.893645465 0.448773682 0
vn 0.893645465 0.448773682 0
vn 0.893645465 0.448773682 0
vn 0.890424192 0.45513159 0
vn 0.890424192 0.45513159 0
vn 0.890424192 0.45513159 0
vn 0.890424192 0.45513159 0
vn 0.899958014 0.435976774 0
vn 0.899958014 0.435976774 0
vn 0.899958014 0.435976774 0
vn 0.899958014 0.435976774 0
vn 0.877479792 0.479613513 0
vn 0.877479792 0.479613513 0
vn 0.877479792 0.479613513 0
vn 0.877479792 0.479613513 0
vn 0.860343516 0.509714663 0
vn 0.860343516 0.509714663 0
vn 0.860343516 0.509714663 0
vn 0.860343516 0.509714663 0
vn 0.883269846 0.468865097 0
vn 0.883269846 0.468865097 0
vn 0.883269846 0.468865097 0
vn 0.883269846 0.468865097 0
vn 0.893110693 0.449836999 0
vn 0.893110693 0.449836999 0
vn 0.893110693 0.449836999 0
vn 0.893110693 0.449836999 0
vn 0.87469548 0.484672934 0
vn 0.87469548 0.484672934 0
vn 0.87469548 0.484672934 0
vn 0.87469548 0.484672934 0
vn 0.85626328 0.516539633 0
vn 0.85626328 0.516539633 0
vn 0.85626328 0.516539633 0
vn 0.85626328 0.516539633 0
vn 0.886874557 0.462010235 0
vn 0.886874557 0.462010235 0
vn 0.886874557 0.462010235 0
vn 0.886874557 0.462010235 0
vn 0.89784199 0.44031772 0
vn 0.89784199 0.44031772 0
vn 0.89784199 0.44031772 0
vn 0.89784199 0.44031772 0
vn 0.814586878 0.580041528 0
vn 0.814586878 0.580041528 0
vn 0.814586878 0.580041528 0
vn 0.814586878 0.580041528 0
vn 0.822871268 0.568227887 0
vn 0.822871268 0.568227887 0
vn 0.822871268 0.568227887 0
vn 0.822871268 0.568227887 0
vn 0.901175261 0.433454931 0
vn 0.901175261 0.433454931 0
vn 0.901175261 0.433454931 0
vn 0.901175261 0.433454931 0
vn 0.879413605 0.476058334 0
vn 0.879413605 0.476058334 0
vn 0.879413605 0.476058334 0
vn 0.879413605 0.476058334 0
vn 0.864005864 0.503481925 0
vn 0.864005864 0.503481925 0
vn 0.864005864 0.503481925 0
vn 0.864005864 0.503481925 0
vn 0.8903023 0.455369979 0
vn 0.8903023 0.455369979 0
vn 0.8903023 0.455369979 0
vn 0.8903023 0.455369979 0
vn 0.8626827 0.505745709 0
vn 0.8626827 0.505745709 0
vn 0.8626827 0.505745709 0
vn 0.8626827 0.505745709 0
vn 0.875716329 0.482826114 0
vn 0.875716329 0.482826114 0
vn 0.875716329 0.482826114 0
vn 0.875716329 0.482826114 0
vn 0.911459982 0.411388934 0
vn 0.911459982 0.411388934 0
vn 0.911459982 0.411388934 0
vn 0.911459982 0.411388934 0
vn 0.901885986 0.431974143 0
vn 0.901885986 0.431974143 0
vn 0.901885986 0.431974143 0
vn 0.901885986 0.431974143 0
vn 0.885820568 0.464027882 0
vn 0.885820568 0.464027882 0
vn 0.885820568 0.464027882 0
vn 0.885820568 0.464027882 0
vn 0.886170745 0.4633587 0
vn 0.886170745 0.4633587 0
vn 0.886170745 0.4633587 0
vn 0.886170745 0.4633587 0
vn 0.900349796 0.435167074 0
vn 0.900349796 0.435167074 0
vn 0.900349796 0.435167074 0
vn 0.900349796 0.435167074 0
vn 0.888364673 0.459138542 0
vn 0.888364673 0.459138542 0
vn 0.888364673 0.459138542 0
vn 0.888364673 0.459138542 0
vn 0.858727098 0.512433112 0
vn 0.858727098 0.512433112 0
vn 0.858727098 0.512433112 0
vn 0.858727098 0.512433112 0
vn 0.870389044 0.492364526 0
vn 0.870389044 0.492364526 0
vn 0.870389044 0.492364526 0
vn 0.870389044 0.492364526 0
vn 0.881915331 0.471407801 0
vn 0.881915331 0.471407801 0
vn 0.881915331 0.471407801 0
vn 0.881915331 0.471407801 0
vn 0.874159038 0.48563987 0
vn 0.874159038 0.48563987 0
vn 0.874159038 0.48563987 0
vn 0.874159038 0.48563987 0
vn 0.887749076 0.460327804 0
vn 0.887749076 0.460327804 0
vn 0.887749076 0.460327804 0
vn 0.887749076 0.460327804 0
vn 0.897720873 0.440564662 0
vn 0.897720873 0.440564662 0
vn 0.897720873 0.440564662 0
vn 0.897720873 0.440564662 0
vn 0.86511898 0.501566589 0
vn 0.86511898 0.501566589 0
vn 0.86511898 0.501566589 0
vn 0.86511898 0.501566589 0
vn 0.859032691 0.511920691 0
vn 0.859032691 0.511920691 0
vn 0.859032691 0.511920691 0
vn 0.859032691 0.511920691 0
vn 0.902092934 0.431541741 0
vn 0.902092934 0.431541741 0
vn 0.902092934 0.431541741 0
vn 0.902092934 0.431541741 0
vn 0.887596726 0.460621417 0
vn 0.887596726 0.460621417 0
vn 0.887596726 0.460621417 0
vn 0.887596726 0.460621417 0
vn 0.859419167 0.511271715 0
vn 0.859419167 0.511271715 0
vn 0.859419167 0.511271715 0
vn 0.859419167 0.511271715 0
vn 0.884533048 0.466477603 0
vn 0.884533048 0.466477603 0
vn 0.884533048 0.466477603 0
vn 0.884533048 0.466477603 0
vn 0.879584491 0.475742728 0
vn 0.879584491 0.475742728 0
vn 0.879584491 0.475742728 0
vn 0.879584491 0.475742728 0
vn 0.849852562 0.527020454 0
vn 0.849852562 0.527020454 0
vn 0.849852562 0.527020454 0
vn 0.849852562 0.527020454 0
vn 0.917626321 0.397444218 0
vn 0.917626321 0.397444218 0
vn 0.917626321 0.397444218 0
vn 0.917626321 0.397444218 0
vn 0.909895062 0.414838433 0
vn 0.909895062 0.414838433 0
vn 0.909895062 0.414838433 0
vn 0.909895062 0.414838433 0
vn 0.881276786 0.47260043 0
vn 0.881276786 0.47260043 0
vn 0.881276786 0.47260043 0
vn 0.881276786 0.47260043 0
vn 0.854917884 0.518763483 0
vn 0.854917884 0.518763483 0
vn 0.854917884 0.518763483 0
vn 0.854917884 0.518763483 0
vn 0.86273104 0.505663037 0
vn 0.86273104 0.505663037 0
vn 0.86273104 0.505663037 0
vn 0.86273104 0.505663037 0
vn 0.881361187 0.472443104 0
vn 0.881361187 0.472443104 0
vn 0.881361187 0.472443104 0
vn 0.881361187 0.472443104 0
vn 0.858677506 0.512516141 0
vn 0.858677506 0.512516141 0
vn 0.858677506 0.512516141 0
vn 0.858677506 0.512516141 0
vn 0.86113447 0.508377314 0
vn 0.86113447 0.508377314 0
vn 0.86113447 0.508377314 0
vn 0.86113447 0.508377314 0
vn 0.902291059 0.431127489 0
vn 0.902291059 0.431127489 0
vn 0.902291059 0.431127489 0
vn 0.902291059 0.431127489 0
vn 0.906987071 0.421158403 0
vn 0.906987071 0.421158403 0
vn 0.906987071 0.421158403 0
vn 0.906987071 0.421158403 0
vn 0.879639745 0.475640565 0
vn 0.879639745 0.475640565 0
vn 0.879639745 0.475640565 0
vn 0.879639745 0.475640565 0
vn 0.878516912 0.47771129 0
vn 0.878516912 0.47771129 0
vn 0.878516912 0.47771129 0
vn 0.878516912 0.47771129 0
vn 0.907115042 0.420882761 0
vn 0.907115042 0.420882761 0
vn 0.907115042 0.420882761 0
vn 0.907115042 0.420882761 0
vn 0.881993651 0.471261293 0
vn 0.881993651 0.471261293 0
vn 0.881993651 0.471261293 0
vn 0.881993651 0.471261293 0
vn 0.850516498 0.525948465 0
vn 0.850516498 0.525948465 0
vn 0.850516498 0.525948465 0
vn 0.850516498 0.525948465 0
vn 0.896310627 0.443426698 0
vn 0.896310627 0.443426698 0
vn 0.896310627 0.443426698 0
vn 0.896310627 0.443426698 0
vn 0.903308094 0.428992361 0
vn 0.903308094 0.428992361 0
vn 0.903308094 0.428992361 0
vn 0.903308094 0.428992361 0
vn 0.867471695 0.497486651 0
vn 0.867471695 0.497486651 0
vn 0.867471695 0.497486651 0
vn 0.867471695 0.497486651 0
vn 0.874788404 0.484505236 0
vn 0.874788404 0.484505236 0
vn 0.874788404 0.484505236 0
vn 0.874788404 0.484505236 0
vn 0.89098084 0.454040974 0
vn 0.89098084 0.454040974 0
vn 0.89098084 0.454040974 0
vn 0.89098084 0.454040974 0
vn 0.878312051 0.478087723 0
vn 0.878312051 0.478087723 0
vn 0.878312051 0.478087723 0
vn 0.878312051 0.478087723 0
vn 0.859054148 0.511884809 0
vn 0.859054148 0.511884809 0
vn 0.859054148 0.511884809 0
vn 0.859054148 0.511884809 0
vn 0.888715386 0.458459347 0
vn 0.888715386 0.458459347 0
vn 0.888715386 0.458459347 0
vn 0.888715386 0.458459347 0
vn 0.898317575 0.439346701 0
vn 0.898317575 0.439346701 0
vn 0.898317575 0.439346701 0
vn 0.898317575 0.439346701 0
vn 0.896128178 0.443795294 0
vn 0.896128178 0.443795294 0
vn 0.896128178 0.443795294 0
vn 0.896128178 0.443795294 0
vn 0.879523695 0.475855023 0
vn 0.879523695 0.475855023 0
vn 0.879523695 0.475855023 0
vn 0.879523695 0.475855023 0
vn 0.890751898 0.454489917 0
vn 0.890751898 0.454489917 0
vn 0.890751898 0.454489917 0
vn 0.890751898 0.454489917 0
vn 0.881538391 0.472112209 0
vn 0.881538391 0.472112209 0
vn 0.881538391 0.472112209 0
vn 0.881538391 0.472112209 0
vn 0.866539657 0.499108016 0
vn 0.866539657 0.499108016 0
vn 0.866539657 0.499108016 0
vn 0.866539657 0.499108016 0
vn 0.886657178 0.462427348 0
vn 0.886657178 0.462427348 0
vn 0.886657178 0.462427348 0
vn 0.886657178 0.462427348 0
vn 0.897656739 0.440695375 0
vn 0.897656739 0.440695375 0
vn 0.897656739 0.440695375 0
vn 0.897656739 0.440695375 0
vn 0.874424219 0.485162169 0
vn 0.874424219 0.485162169 0
vn 0.874424219 0.485162169 0
vn 0.874424219 0.485162169 0
vn 0.849819839 0.527073145 0
vn 0.849819839 0.527073145 0
vn 0.849819839 0.527073145 0
vn 0.849819839 0.527073145 0
vn 0.899044275 0.437857777 0
vn 0.899044275 0.437857777 0
vn 0.899044275 0.437857777 0
vn 0.899044275 0.437857777 0
vn 0.910021007 0.414562136 0
vn 0.910021007 0.414562136 0
vn 0.910021007 0.414562136 0
vn 0.910021007 0.414562136 0
vn 0.85168457 0.524054885 0
vn 0.85168457 0.524054885 0
vn 0.85168457 0.524054885 0
vn 0.85168457 0.524054885 0
vn 0.87465632 0.484743714 0
vn 0.87465632 0.484743714 0
vn 0.87465632 0.484743714 0
vn 0.87465632 0.484743714 0
vn 0.89881295 0.438332409 0
vn 0.89881295 0.438332409 0
vn 0.89881295 0.438332409 0
vn 0.89881295 0.438332409 0
vn 0.86103642 0.508543253 0
vn 0.86103642 0.508543253 0
vn 0.86103642 0.508543253 0
vn 0.86103642 0.508543253 0
vn 0.852343082 0.522982895 0
vn 0.852343082 0.522982895 0
vn 0.852343082 0.522982895 0
vn 0.852343082 0.522982895 0
vn 0.877971053 0.4787139 0
vn 0.877971053 0.4787139 0
vn 0.877971053 0.4787139 0
vn 0.877971053 0.4787139 0
vn 0.877198935 0.480126947 0
vn 0.877198935 0.480126947 0
vn 0.877198935 0.480126947 0
vn 0.877198935 0.480126947 0
vn 0.874544144 0.484945804 0
vn 0.874544144 0.484945804 0
vn 0.874544144 0.484945804 0
vn 0.874544144 0.484945804 0
vn 0.906667113 0.421846837 0
vn 0.906667113 0.421846837 0
vn 0.906667113 0.421846837 0
vn 0.906667113 0.421846837 0
vn 0.897433043 0.441150665 0
vn 0.897433043 0.441150665 0
vn 0.897433043 0.441150665 0
vn 0.897433043 0.441150665 0
vn 0.861987472 0.506929517 0
vn 0.861987472 0.506929517 0
vn 0.861987472 0.506929517 0
vn 0.861987472 0.506929517 0
vn 0.845137656 0.534548581 0
vn 0.845137656 0.534548581 0
vn 0.845137656 0.534548581 0
vn 0.845137656 0.534548581 0
vn 0.876961708 0.480560273 0
vn 0.876961708 0.480560273 0
vn 0.876961708 0.480560273 0
vn 0.876961708 0.480560273 0
vn 0.888905704 0.458090246 0
vn 0.888905704 0.458090246 0
vn 0.888905704 0.458090246 0
vn 0.888905704 0.458090246 0
vn 0.862627268 0.505840063 0
vn 0.862627268 0.505840063 0
vn 0.862627268 0.505840063 0
vn 0.862627268 0.505840063 0
vn 0.900200427 0.435475886 0
vn 0.900200427 0.435475886 0
vn 0.900200427 0.435475886 0
vn 0.900200427 0.435475886 0
vn 0.913181126 0.407553971 0
vn 0.913181126 0.407553971 0
vn 0.913181126 0.407553971 0
vn 0.913181126 0.407553971 0
vn 0.888611972 0.458659679 0
vn 0.888611972 0.458659679 0
vn 0.888611972 0.458659679 0
vn 0.888611972 0.458659679 0
vn 0.868045509 0.496484518 0
vn 0.868045509 0.496484518 0
vn 0.868045509 0.496484518 0
vn 0.868045509 0.496484518 0
vn 0.896905184 0.442222863 0
vn 0.896905184 0.442222863 0
vn 0.896905184 0.442222863 0
vn 0.896905184 0.442222863 0
vn 0.901011646 0.433794916 0
vn 0.901011646 0.433794916 0
vn 0.901011646 0.433794916 0
vn 0.901011646 0.433794916 0
vn 0.872070312 0.489380568 0
vn 0.872070312 0.489380568 0
vn 0.872070312 0.489380568 0
vn 0.872070312 0.489380568 0
vn 0.873151124 0.487449646 0
vn 0.873151124 0.487449646 0
vn 0.873151124 0.487449646 0
vn 0.873151124 0.487449646 0
vn 0.892065167 0.45190677 0
vn 0.892065167 0.45190677 0
vn 0.892065167 0.45190677 0
vn 0.892065167 0.45190677 0
vn 0.879939914 0.475084901 0
vn 0.879939914 0.475084901 0
vn 0.879939914 0.475084901 0
vn 0.879939914 0.475084901 0
vn 0.890559793 0.454866141 0
vn 0.890559793 0.454866141 0
vn 0.890559793 0.454866141 0
vn 0.890559793 0.454866141 0
vn 0.88711226 0.461553693 0
vn 0.88711226 0.461553693 0
vn 0.88711226 0.461553693 0
vn 0.88711226 0.461553693 0
vn 0.858149171 0.513400435 0
vn 0.858149171 0.513400435 0
vn 0.858149171 0.513400435 0
vn 0.858149171 0.513400435 0
vn 0.874703288 0.484658748 0
vn 0.874703288 0.484658748 0
vn 0.874703288 0.484658748 0
vn 0.874703288 0.484658748 0
vn 0.889604449 0.456731826 0
vn 0.889604449 0.456731826 0
vn 0.889604449 0.456731826 0
vn 0.889604449 0.456731826 0
vn 0.857781887 0.514014006 0
vn 0.857781887 0.514014006 0
vn 0.857781887 0.514014006 0
vn 0.857781887 0.514014006 0
vn 0.886162043 0.463375568 0
vn 0.886162043 0.463375568 0
vn 0.886162043 0.463375568 0
vn 0.886162043 0.463375568 0
vn 0.913203955 0.407502741 0
vn 0.913203955 0.407502741 0
vn 0.913203955 0.407502741 0
vn 0.913203955 0.407502741 0
vn 0.895913482 0.4442285 0
vn 0.895913482 0.4442285 0
vn 0.895913482 0.4442285 0
vn 0.895913482 0.4442285 0
vn 0.865424812 0.501038671 0
vn 0.865424812 0.501038671 0
vn 0.865424812 0.501038671 0
vn 0.865424812 0.501038671 0
vn 0.887465298 0.460874587 0
vn 0.887465298 0.460874587 0
vn 0.887465298 0.460874587 0
vn 0.887465298 0.460874587 0
vn 0.885235429 0.465143263 0
vn 0.885235429 0.465143263 0
vn 0.885235429 0.465143263 0
vn 0.885235429 0.465143263 0
vn 0.851607203 0.524180591 0
vn 0.851607203 0.524180591 0
vn 0.851607203 0.524180591 0
vn 0.851607203 0.524180591 0
vn 0.859405875 0.511294067 0
vn 0.859405875 0.511294067 0
vn 0.859405875 0.511294067 0
vn 0.859405875 0.511294067 0
vn 0.905475795 0.424397767 0
vn 0.905475795 0.424397767 0
vn 0.905475795 0.424397767 0
vn 0.905475795 0.424397767 0
vn 0.895366788 0.445329338 0
vn 0.895366788 0.445329338 0
vn 0.895366788 0.445329338 0
vn 0.895366788 0.445329338 0
vn 0.866654694 0.49890843 0
vn 0.866654694 0.49890843 0
vn 0.866654694 0.49890843 0
vn 0.866654694 0.49890843 0
vn 0.885590255 0.464467406 0
vn 0.885590255 0.464467406 0
vn 0.885590255 0.464467406 0
vn 0.885590255 0.464467406 0
vn 0.878645718 0.477474183 0
vn 0.878645718 0.477474183 0
vn 0.878645718 0.477474183 0
vn 0.878645718 0.477474183 0
vn 0.862284839 0.506423533 0
vn 0.862284839 0.506423533 0
vn 0.862284839 0.506423533 0
vn 0.862284839 0.506423533 0
vn 0.850045085 0.526709795 0
vn 0.850045085 0.526709795 0
vn 0.850045085 0.526709795 0
vn 0.850045085 0.526709795 0
vn 0.870975494 0.491326421 0
vn 0.870975494 0.491326421 0
vn 0.870975494 0.491326421 0
vn 0.870975494 0.491326421 0
vn 0.905890822 0.423511267 0
vn 0.905890822 0.423511267 0
vn 0.905890822 0.423511267 0
vn 0.905890822 0.423511267 0
vn 0.885909796 0.463857472 0
vn 0.885909796 0.463857472 0
vn 0.885909796 0.463857472 0
vn 0.885909796 0.463857472 0
vn 0.891832232 0.452366292 0
vn 0.891832232 0.452366292 0
vn 0.891832232 0.452366292 0
vn 0.891832232 0.452366292 0
vn 0.909174383 0.416415542 0
vn 0.909174383 0.416415542 0
vn 0.909174383 0.416415542 0
vn 0.909174383 0.416415542 0
vn 0.886471033 0.462784082 0
vn 0.886471033 0.462784082 0
vn 0.886471033 0.462784082 0
vn 0.886471033 0.462784082 0
vn 0.868788779 0.495182753 0
vn 0.868788779 0.495182753 0
vn 0.868788779 0.495182753 0
vn 0.868788779 0.495182753 0
vn 0.871312857 0.49072808 0
vn 0.871312857 0.49072808 0
vn 0.871312857 0.49072808 0
vn 0.871312857 0.49072808 0
vn 0.891209126 0.453592509 0
vn 0.891209126 0.453592509 0
vn 0.891209126 0.453592509 0
vn 0.891209126 0.453592509 0
vn 0.88396579 0.467551559 0
vn 0.88396579 0.467551559 0
vn 0.88396579 0.467551559 0
vn 0.88396579 0.467551559 0
vn 0.885952055 0.463776886 0
vn 0.885952055 0.463776886 0
vn 0.885952055 0.463776886 0
vn 0.885952055 0.463776886 0
vn 0.901463032 0.432856172 0
vn 0.901463032 0.432856172 0
vn 0.901463032 0.432856172 0
vn 0.901463032 0.432856172 0
vn 0.864956558 0.50184685 0
vn 0.864956558 0.50184685 0
vn 0.864956558 0.50184685 0
vn 0.864956558 0.50184685 0
vn 0.855613232 0.517615736 0
vn 0.855613232 0.517615736 0
vn 0.855613232 0.517615736 0
vn 0.855613232 0.517615736 0
vn 0.882251203 0.470779061 0
vn 0.882251203 0.470779061 0
vn 0.882251203 0.470779061 0
vn 0.882251203 0.470779061 0
vn 0.888059258 0.459729075 0
vn 0.888059258 0.459729075 0
vn 0.888059258 0.459729075 0
vn 0.888059258 0.459729075 0
vn 0.840271175 0.542166471 0
vn 0.840271175 0.542166471 0
vn 0.840271175 0.542166471 0
vn 0.840271175 0.542166471 0
vn 0.864257455 0.503049791 0
vn 0.864257455 0.503049791 0
vn 0.864257455 0.503049791 0
vn 0.864257455 0.503049791 0
vn 0.909244478 0.416262567 0
vn 0.909244478 0.416262567 0
vn 0.909244478 0.416262567 0
vn 0.909244478 0.416262567 0
vn 0.900059223 0.435767442 0
vn 0.900059223 0.435767442 0
vn 0.900059223 0.435767442 0
vn 0.900059223 0.435767442 0
vn 0.864794254 0.502126455 0
vn 0.864794254 0.502126455 0
vn 0.864794254 0.502126455 0
vn 0.864794254 0.502126455 0
vn 0.862943351 0.505300701 0
vn 0.862943351 0.505300701 0
vn 0.862943351 0.505300701 0
vn 0.862943351 0.505300701 0
vn 0.8955639 0.444932938 0
vn 0.8955639 0.444932938 0
vn 0.8955639 0.444932938 0
vn 0.8955639 0.444932938 0
vn 0.884551466 0.466442704 0
vn 0.884551466 0.466442704 0
vn 0.884551466 0.466442704 0
vn 0.884551466 0.466442704 0
vn 0.870548069 0.492083341 0
vn 0.870548069 0.492083341 0
vn 0.870548069 0.492083341 0
vn 0.870548069 0.492083341 0
vn 0.892866135 0.4503223 0
vn 0.892866135 0.4503223 0
vn 0.892866135 0.4503223 0
vn 0.892866135 0.4503223 0
vn 0.906193435 0.422863483 0
vn 0.906193435 0.422863483 0
vn 0.906193435 0.422863483 0
vn 0.906193435 0.422863483 0
vn 0.887323976 0.461146533 0
vn 0.887323976 0.461146533 0
vn 0.887323976 0.461146533 0
vn 0.887323976 0.461146533 0
vn 0.840010047 0.542570829 0
vn 0.840010047 0.542570829 0
vn 0.840010047 0.542570829 0
vn 0.840010047 0.542570829 0
vn 0.864823759 0.502075613 0
vn 0.864823759 0.502075613 0
vn 0.864823759 0.502075613 0
vn 0.864823759 0.502075613 0
vn 0.890342057 0.455292195 0
vn 0.890342057 0.455292195 0
vn 0.890342057 0.455292195 0
vn 0.890342057 0.455292195 0
vn 0.850825369 0.525448442 0
vn 0.850825369 0.525448442 0
vn 0.850825369 0.525448442 0
vn 0.850825369 0.525448442 0
vn 0.86997354 0.493098319 0
vn 0.86997354 0.493098319 0
vn 0.86997354 0.493098319 0
vn 0.86997354 0.493098319 0
vn 0.890977144 0.454048067 0
vn 0.890977144 0.454048067 0
vn 0.890977144 0.454048067 0
vn 0.890977144 0.454048067 0
vn 0.863625288 0.504134238 0
vn 0.863625288 0.504134238 0
vn 0.863625288 0.504134238 0
vn 0.863625288 0.504134238 0
vn 0.902035654 0.431661695 0
vn 0.902035654 0.431661695 0
vn 0.902035654 0.431661695 0
vn 0.902035654 0.431661695 0
vn 0.907171011 0.420762122 0
vn 0.907171011 0.420762122 0
vn 0.907171011 0.420762122 0
vn 0.907171011 0.420762122 0
vn 0.867753506 0.496994883 0
vn 0.867753506 0.496994883 0
vn 0.867753506 0.496994883 0
vn 0.867753506 0.496994883 0
vn 0.89065969 0.454670429 0
vn 0.89065969 0.454670429 0
vn 0.89065969 0.454670429 0
vn 0.89065969 0.454670429 0
vn 0.89425391 0.447560072 0
vn 0.89425391 0.447560072 0
vn 0.89425391 0.447560072 0
vn 0.89425391 0.447560072 0
vn 0.889967978 0.456022859 0
vn 0.889967978 0.456022859 0
vn 0.889967978 0.456022859 0
vn 0.889967978 0.456022859 0
vn 0.86132884 0.508047938 0
vn 0.86132884 0.508047938 0
vn 0.86132884 0.508047938 0
vn 0.86132884 0.508047938 0
vn 0.842042327 0.539411426 0
vn 0.842042327 0.539411426 0
vn 0.842042327 0.539411426 0
vn 0.842042327 0.539411426 0
vn 0.886213601 0.463276893 0
vn 0.886213601 0.463276893 0
vn 0.886213601 0.463276893 0
vn 0.886213601 0.463276893 0
vn 0.898516774 0.438939244 0
vn 0.898516774 0.438939244 0
vn 0.898516774 0.438939244 0
vn 0.898516774 0.438939244 0
vn 0.875616491 0.483007044 0
vn 0.875616491 0.483007044 0
vn 0.875616491 0.483007044 0
vn 0.875616491 0.483007044 0
vn 0.879755437 0.475426555 0
vn 0.879755437 0.475426555 0
vn 0.879755437 0.475426555 0
vn 0.879755437 0.475426555 0
vn 0.883426905 0.468568951 0
vn 0.883426905 0.468568951 0
vn 0.883426905 0.468568951 0
vn 0.883426905 0.468568951 0
vn 0.877913117 0.478819847 0
vn 0.877913117 0.478819847 0
vn 0.877913117 0.478819847 0
vn 0.877913117 0.478819847 0
vn 0.831774354 0.555113912 0
vn 0.831774354 0.555113912 0
vn 0.831774354 0.555113912 0
vn 0.831774354 0.555113912 0
vn 0.844474316 0.535596073 0
vn 0.844474316 0.535596073 0
vn 0.844474316 0.535596073 0
vn 0.844474316 0.535596073 0
vn 0.899736464 0.436433673 0
vn 0.899736464 0.436433673 0
vn 0.899736464 0.436433673 0
vn 0.899736464 0.436433673 0
vn 0.8745597 0.484917879 0
vn 0.8745597 0.484917879 0
vn 0.8745597 0.484917879 0
vn 0.8745597 0.484917879 0
vn 0.870376348 0.492386907 0
vn 0.870376348 0.492386907 0
vn 0.870376348 0.492386907 0
vn 0.870376348 0.492386907 0
vn 0.909574032 0.415541708 0
vn 0.909574032 0.415541708 0
vn 0.909574032 0.415541708 0
vn 0.909574032 0.415541708 0
vn 0.908818126 0.417192638 0
vn 0.908818126 0.417192638 0
vn 0.908818126 0.417192638 0
vn 0.908818126 0.417192638 0
vn 0.876343429 0.481686741 0
vn 0.876343429 0.481686741 0
vn 0.876343429 0.481686741 0
vn 0.876343429 0.481686741 0
vn 0.876966834 0.480550945 0
vn 0.876966834 0.480550945 0
vn 0.876966834 0.480550945 0
vn 0.876966834 0.480550945 0
vn 0.903017104 0.42960462 0
vn 0.903017104 0.42960462 0
vn 0.903017104 0.42960462 0
vn 0.903017104 0.42960462 0
vn 0.893381953 0.449297935 0
vn 0.893381953 0.449297935 0
vn 0.893381953 0.449297935 0
vn 0.893381953 0.449297935 0
vn 0.873670816 0.486517459 0
vn 0.873670816 0.486517459 0
vn 0.873670816 0.486517459 0
vn 0.873670816 0.486517459 0
vn 0.883564413 0.468309611 0
vn 0.883564413 0.468309611 0
vn 0.883564413 0.468309611 0
vn 0.883564413 0.468309611 0
vn 0.883405983 0.468608469 0
vn 0.883405983 0.468608469 0
vn 0.883405983 0.468608469 0
vn 0.883405983 0.468608469 0
vn 0.84929198 0.527923405 0
vn 0.84929198 0.527923405 0
vn 0.84929198 0.527923405 0
vn 0.84929198 0.527923405 0
vn 0.871338844 0.490681708 0
vn 0.871338844 0.490681708 0
vn 0.871338844 0.490681708 0
vn 0.871338844 0.490681708 0
vn 0.889277697 0.457367688 0
vn 0.889277697 0.457367688 0
vn 0.889277697 0.457367688 0
vn 0.889277697 0.457367688 0
vn 0.858029842 0.513599992 0
vn 0.858029842 0.513599992 0
vn 0.858029842 0.513599992 0
vn 0.858029842 0.513599992 0
vn 0.867483139 0.497466534 0
vn 0.867483139 0.497466534 0
vn 0.867483139 0.497466534 0
vn 0.867483139 0.497466534 0
vn 0.907941401 0.419097215 0
vn 0.907941401 0.419097215 0
vn 0.907941401 0.419097215 0
vn 0.907941401 0.419097215 0
vn 0.910144031 0.414291859 0
vn 0.910144031 0.414291859 0
vn 0.910144031 0.414291859 0
vn 0.910144031 0.414291859 0
vn 0.871022701 0.491242677 0
vn 0.871022701 0.491242677 0
vn 0.871022701 0.491242677 0
vn 0.871022701 0.491242677 0
vn 0.865502 0.500905514 0
vn 0.865502 0.500905514 0
vn 0.865502 0.500905514 0
vn 0.865502 0.500905514 0
vn 0.895416558 0.445229471 0
vn 0.895416558 0.445229471 0
vn 0.895416558 0.445229471 0
vn 0.895416558 0.445229471 0
vn 0.879600644 0.475712895 0
vn 0.879600644 0.475712895 0
vn 0.879600644 0.475712895 0
vn 0.879600644 0.475712895 0
vn 0.861025333 0.508562028 0
vn 0.861025333 0.508562028 0
vn 0.861025333 0.508562028 0
vn 0.861025333 0.508562028 0
vn 0.886161268 0.46337685 0
vn 0.886161268 0.46337685 0
vn 0.886161268 0.46337685 0
vn 0.886161268 0.46337685 0
vn 0.905791163 0.423724264 0
vn 0.905791163 0.423724264 0
vn 0.905791163 0.423724264 0
vn 0.905791163 0.423724264 0
vn 0.889472961 0.456987709 0
vn 0.889472961 0.456987709 0
vn 0.889472961 0.456987709 0
vn 0.889472961 0.456987709 0
vn 0.874940634 0.484230071 0
vn 0.874940634 0.484230071 0
vn 0.874940634 0.484230071 0
vn 0.874940634 0.484230071 0
vn 0.897920549 0.440157562 0
vn 0.897920549 0.440157562 0
vn 0.897920549 0.440157562 0
vn 0.897920549 0.440157562 0
vn 0.892815053 0.450423598 0
vn 0.892815053 0.450423598 0
vn 0.892815053 0.450423598 0
vn 0.892815053 0.450423598 0
vn 0.862055063 0.506814659 0
vn 0.862055063 0.506814659 0
vn 0.862055063 0.506814659 0
vn 0.862055063 0.506814659 0
vn 0.858181953 0.513345599 0
vn 0.858181953 0.513345599 0
vn 0.858181953 0.513345599 0
vn 0.858181953 0.513345599 0
vn 0.876599133 0.481221199 0
vn 0.876599133 0.481221199 0
vn 0.876599133 0.481221199 0
vn 0.876599133 0.481221199 0
vn 0.863772571 0.503881812 0
vn 0.863772571 0.503881812 0
vn 0.863772571 0.503881812 0
vn 0.863772571 0.503881812 0
vn 0.878642678 0.477479875 0
vn 0.878642678 0.477479875 0
vn 0.878642678 0.477479875 0
vn 0.878642678 0.477479875 0
vn 0.90829283 0.418334872 0
vn 0.90829283 0.418334872 0
vn 0.90829283 0.418334872 0
vn 0.90829283 0.418334872 0
vn 0.887103915 0.461569846 0
vn 0.887103915 0.461569846 0
vn 0.887103915 0.461569846 0
vn 0.887103915 0.461569846 0
vn 0.882729173 0.469882101 0
vn 0.882729173 0.469882101 0
vn 0.882729173 0.469882101 0
vn 0.882729173 0.469882101 0
vn 0.898882568 0.438189745 0
vn 0.898882568 0.438189745 0
vn 0.898882568 0.438189745 0
vn 0.898882568 0.438189745 0
vn 0.871430695 0.4905186 0
vn 0.871430695 0.4905186 0
vn 0.871430695 0.4905186 0
vn 0.871430695 0.4905186 0
vn 0.842034698 0.539423287 0
vn 0.842034698 0.539423287 0
vn 0.842034698 0.539423287 0
vn 0.842034698 0.539423287 0
vn 0.893081129 0.449895799 0
vn 0.893081129 0.449895799 0
vn 0.893081129 0.449895799 0
vn 0.893081129 0.449895799 0
vn 0.90274328 0.430179745 0
vn 0.90274328 0.430179745 0
vn 0.90274328 0.430179745 0
vn 0.90274328 0.430179745 0
vn 0.860568523 0.509334743 0
vn 0.860568523 0.509334743 0
vn 0.860568523 0.509334743 0
vn 0.860568523 0.509334743 0
vn 0.875144005 0.483862579 0
vn 0.875144005 0.483862579 0
vn 0.875144005 0.483862579 0
vn 0.875144005 0.483862579 0
vn 0.891148448 0.453711867 0
vn 0.891148448 0.453711867 0
vn 0.891148448 0.453711867 0
vn 0.891148448 0.453711867 0
vn 0.875397742 0.483403444 0
vn 0.875397742 0.483403444 0
vn 0.875397742 0.483403444 0
vn 0.875397742 0.483403444 0
vn 0.858743846 0.512405217 0
vn 0.858743846 0.512405217 0
vn 0.858743846 0.512405217 0
vn 0.858743846 0.512405217 0
vn 0.874860108 0.484375805 0
vn 0.874860108 0.484375805 0
vn 0.874860108 0.484375805 0
vn 0.874860108 0.484375805 0
vn 0.898492217 0.438989282 0
vn 0.898492217 0.438989282 0
vn 0.898492217 0.438989282 0
vn 0.898492217 0.438989282 0
vn 0.886105418 0.46348381 0
vn 0.886105418 0.46348381 0
vn 0.886105418 0.46348381 0
vn 0.886105418 0.46348381 0
vn 0.87676388 0.48092106 0
vn 0.87676388 0.48092106 0
vn 0.87676388 0.48092106 0
vn 0.87676388 0.48092106 0
vn 0.886069477 0.463552535 0
vn 0.886069477 0.463552535 0
vn 0.886069477 0.463552535 0
vn 0.886069477 0.463552535 0
vn 0.891939223 0.452155262 0
vn 0.891939223 0.452155262 0
vn 0.891939223 0.452155262 0
vn 0.891939223 0.452155262 0
vn 0.876278818 0.481804311 0
vn 0.876278818 0.481804311 0
vn 0.876278818 0.481804311 0
vn 0.876278818 0.481804311 0
vn 0.879240572 0.476377934 0
vn 0.879240572 0.476377934 0
vn 0.879240572 0.476377934 0
vn 0.879240572 0.476377934 0
vn 0.905951679 0.42338106 0
vn 0.905951679 0.42338106 0
vn 0.905951679 0.42338106 0
vn 0.905951679 0.42338106 0
vn 0.886819184 0.462116629 0
vn 0.886819184 0.462116629 0
vn 0.886819184 0.462116629 0
vn 0.886819184 0.462116629 0
vn 0.880190432 0.47462067 0
vn 0.880190432 0.47462067 0
vn 0.880190432 0.47462067 0
vn 0.880190432 0.47462067 0
vn 0.898266613 0.43945092 0
vn 0.898266613 0.43945092 0
vn 0.898266613 0.43945092 0
vn 0.898266613 0.43945092 0
vn 0.882045746 0.47116375 0
vn 0.882045746 0.47116375 0
vn 0.882045746 0.47116375 0
vn 0.882045746 0.47116375 0
vn 0.861566782 0.507644057 0
vn 0.861566782 0.507644057 0
vn 0.861566782 0.507644057 0
vn 0.861566782 0.507644057 0
vn 0.875463307 0.483284622 0
vn 0.875463307 0.483284622 0
vn 0.875463307 0.483284622 0
vn 0.875463307 0.483284622 0
vn 0.883501828 0.468427718 0
vn 0.883501828 0.468427718 0
vn 0.883501828 0.468427718 0
vn 0.883501828 0.468427718 0
vn 0.847761035 0.530378282 0
vn 0.847761035 0.530378282 0
vn 0.847761035 0.530378282 0
vn 0.847761035 0.530378282 0
vn 0.860148311 0.510043979 0
vn 0.860148311 0.510043979 0
vn 0.860148311 0.510043979 0
vn 0.860148311 0.510043979 0
vn 0.892881215 0.45029214 0
vn 0.892881215 0.45029214 0
vn 0.892881215 0.45029214 0
vn 0.892881215 0.45029214 0
vn 0.882232189 0.470814407 0
vn 0.882232189 0.470814407 0
vn 0.882232189 0.470814407 0
vn 0.882232189 0.470814407 0
vn 0.871819019 0.48982802 0
vn 0.871819019 0.48982802 0
vn 0.871819019 0.48982802 0
vn 0.871819019 0.48982802 0
vn 0.902852416 0.429950804 0
vn 0.902852416 0.429950804 0
vn 0.902852416 0.429950804 0
vn 0.902852416 0.429950804 0
vn 0.890377462 0.455223143 0
vn 0.890377462 0.455223143 0
vn 0.890377462 0.455223143 0
vn 0.890377462 0.455223143 0
vn 0.850749254 0.525571704 0
vn 0.850749254 0.525571704 0
vn 0.850749254 0.525571704 0
vn 0.850749254 0.525571704 0
vn 0.839955688 0.542654932 0
vn 0.839955688 0.542654932 0
vn 0.839955688 0.542654932 0
vn 0.839955688 0.542654932 0
vn 0.875658393 0.482931018 0
vn 0.875658393 0.482931018 0
vn 0.875658393 0.482931018 0
vn 0.875658393 0.482931018 0
vn 0.878343642 0.478029817 0
vn 0.878343642 0.478029817 0
vn 0.878343642 0.478029817 0
vn 0.878343642 0.478029817 0
vn 0.841670036 0.539992094 0
vn 0.841670036 0.539992094 0
vn 0.841670036 0.539992094 0
vn 0.841670036 0.539992094 0
vn 0.92056495 0.390589446 0
vn 0.92056495 0.390589446 0
vn 0.92056495 0.390589446 0
vn 0.92056495 0.390589446 0
vn 0.919927478 0.392088443 0
vn 0.919927478 0.392088443 0
vn 0.919927478 0.392088443 0
vn 0.919927478 0.392088443 0
vn 0.873991191 0.485941678 0
vn 0.873991191 0.485941678 0
vn 0.873991191 0.485941678 0
vn 0.873991191 0.485941678 0
vn 0.864348412 0.502893507 0
vn 0.864348412 0.502893507 0
vn 0.864348412 0.502893507 0
vn 0.864348412 0.502893507 0
vn 0.889235914 0.457448959 0
vn 0.889235914 0.457448959 0
vn 0.889235914 0.457448959 0
vn 0.889235914 0.457448959 0
vn 0.857756793 0.514055669 0
vn 0.857756793 0.514055669 0
vn 0.857756793 0.514055669 0
vn 0.857756793 0.514055669 0
vn 0.880367517 0.474292248 0
vn 0.880367517 0.474292248 0
vn 0.880367517 0.474292248 0
vn 0.880367517 0.474292248 0
vn 0.902951479 0.429742485 0
vn 0.902951479 0.429742485 0
vn 0.902951479 0.429742485 0
vn 0.902951479 0.429742485 0
vn 0.883262455 0.468878925 0
vn 0.883262455 0.468878925 0
vn 0.883262455 0.468878925 0
vn 0.883262455 0.468878925 0
vn 0.882417023 0.470468044 0
vn 0.882417023 0.470468044 0
vn 0.882417023 0.470468044 0
vn 0.882417023 0.470468044 0
vn 0.896463573 0.443117499 0
vn 0.896463573 0.443117499 0
vn 0.896463573 0.443117499 0
vn 0.896463573 0.443117499 0
vn 0.89058888 0.454809308 0
vn 0.89058888 0.454809308 0
vn 0.89058888 0.454809308 0
vn 0.89058888 0.454809308 0
vn 0.861817896 0.507217646 0
vn 0.861817896 0.507217646 0
vn 0.861817896 0.507217646 0
vn 0.861817896 0.507217646 0
vn 0.884548604 0.466448128 0
vn 0.884548604 0.466448128 0
vn 0.884548604 0.466448128 0
vn 0.884548604 0.466448128 0
vn 0.897089183 0.44184947 0
vn 0.897089183 0.44184947 0
vn 0.897089183 0.44184947 0
vn 0.897089183 0.44184947 0
vn 0.871627271 0.490169197 0
vn 0.871627271 0.490169197 0
vn 0.871627271 0.490169197 0
vn 0.871627271 0.490169197 0
vn 0.884566844 0.466413468 0
vn 0.884566844 0.466413468 0
vn 0.884566844 0.466413468 0
vn 0.884566844 0.466413468 0
vn 0.890605748 0.454776198 0
vn 0.890605748 0.454776198 0
vn 0.890605748 0.454776198 0
vn 0.890605748 0.454776198 0
vn 0.848062158 0.529896915 0
vn 0.848062158 0.529896915 0
vn 0.848062158 0.529896915 0
vn 0.848062158 0.529896915 0
vn 0.849221528 0.528036654 0
vn 0.849221528 0.528036654 0
vn 0.849221528 0.528036654 0
vn 0.849221528 0.528036654 0
vn 0.900706589 0.434427887 0
vn 0.900706589 0.434427887 0
vn 0.900706589 0.434427887 0
vn 0.900706589 0.434427887 0
vn 0.89329195 0.449476749 0
vn 0.89329195 0.449476749 0
vn 0.89329195 0.449476749 0
vn 0.89329195 0.449476749 0
vn 0.87315309 0.4874461 0
vn 0.87315309 0.4874461 0
vn 0.87315309 0.4874461 0
vn 0.87315309 0.4874461 0
vn 0.883448601 0.468528181 0
vn 0.883448601 0.468528181 0
vn 0.883448601 0.468528181 0
vn 0.883448601 0.468528181 0
vn 0.894355237 0.447357506 0
vn 0.894355237 0.447357506 0
vn 0.894355237 0.447357506 0
vn 0.894355237 0.447357506 0
vn 0.867903948 0.496731997 0
vn 0.867903948 0.496731997 0
vn 0.867903948 0.496731997 0
vn 0.867903948 0.496731997 0
vn 0.830358028 0.557230353 0
vn 0.830358028 0.557230353 0
vn 0.830358028 0.557230353 0
vn 0.830358028 0.557230353 0
vn 0.896324575 0.443398535 0
vn 0.896324575 0.443398535 0
vn 0.896324575 0.443398535 0
vn 0.896324575 0.443398535 0
vn 0.886583984 0.462567598 0
vn 0.886583984 0.462567598 0
vn 0.886583984 0.462567598 0
vn 0.886583984 0.462567598 0
vn 0.869572639 0.493804932 0
vn 0.869572639 0.493804932 0
vn 0.869572639 0.493804932 0
vn 0.869572639 0.493804932 0
vn 0.86631 0.499506742 0
vn 0.86631 0.499506742 0
vn 0.86631 0.499506742 0
vn 0.86631 0.499506742 0
vn 0.890442371 0.455096066 0
vn 0.890442371 0.455096066 0
vn 0.890442371 0.455096066 0
vn 0.890442371 0.455096066 0
vn 0.910164356 0.414247155 0
vn 0.910164356 0.414247155 0
vn 0.910164356 0.414247155 0
vn 0.910164356 0.414247155 0
vn 0.879872561 0.475209653 0
vn 0.879872561 0.475209653 0
vn 0.879872561 0.475209653 0
vn 0.879872561 0.475209653 0
vn 0.879953146 0.475060493 0
vn 0.879953146 0.475060493 0
vn 0.879953146 0.475060493 0
vn 0.879953146 0.475060493 0
vn 0.896373987 0.443298817 0
vn 0.896373987 0.443298817 0
vn 0.896373987 0.443298817 0
vn 0.896373987 0.443298817 0
vn 0.870812476 0.491615355 0
vn 0.870812476 0.491615355 0
vn 0.870812476 0.491615355 0
vn 0.870812476 0.491615355 0
vn 0.859263003 0.511533976 0
vn 0.859263003 0.511533976 0
vn 0.859263003 0.511533976 0
vn 0.859263003 0.511533976 0
vn 0.874087036 0.485769212 0
vn 0.874087036 0.485769212 0
vn 0.874087036 0.485769212 0
vn 0.874087036 0.485769212 0
vn 0.894081771 0.447903872 0
vn 0.894081771 0.447903872 0
vn 0.894081771 0.447903872 0
vn 0.894081771 0.447903872 0
vn 0.880698264 0.473677695 0
vn 0.880698264 0.473677695 0
vn 0.880698264 0.473677695 0
vn 0.880698264 0.473677695 0
vn 0.86981684 0.493374735 0
vn 0.86981684 0.493374735 0
vn 0.86981684 0.493374735 0
vn 0.86981684 0.493374735 0
vn 0.900870562 0.434088022 0
vn 0.900870562 0.434088022 0
vn 0.900870562 0.434088022 0
vn 0.900870562 0.434088022 0
vn 0.892434418 0.45117715 0
vn 0.892434418 0.45117715 0
vn 0.892434418 0.45117715 0
vn 0.892434418 0.45117715 0
vn 0.864327312 0.502929747 0
vn 0.864327312 0.502929747 0
vn 0.864327312 0.502929747 0
vn 0.864327312 0.502929747 0
vn 0.884250104 0.467013508 0
vn 0.884250104 0.467013508 0
vn 0.884250104 0.467013508 0
vn 0.884250104 0.467013508 0
vn 0.874206007 0.485555202 0
vn 0.874206007 0.485555202 0
vn 0.874206007 0.485555202 0
vn 0.874206007 0.485555202 0
vn 0.847922027 0.530121028 0
vn 0.847922027 0.530121028 0
vn 0.847922027 0.530121028 0
vn 0.847922027 0.530121028 0
vn 0.908168972 0.418603808 0
vn 0.908168972 0.418603808 0
vn 0.908168972 0.418603808 0
vn 0.908168972 0.418603808 0
vn 0.912325501 0.409465611 0
vn 0.912325501 0.409465611 0
vn 0.912325501 0.409465611 0
vn 0.912325501 0.409465611 0
vn 0.89141202 0.453193784 0
vn 0.89141202 0.453193784 0
vn 0.89141202 0.453193784 0
vn 0.89141202 0.453193784 0
vn 0.86586839 0.500271916 0
vn 0.86586839 0.500271916 0
vn 0.86586839 0.500271916 0
vn 0.86586839 0.500271916 0
vn 0.874113917 0.485721171 0
vn 0.874113917 0.485721171 0
vn 0.874113917 0.485721171 0
vn 0.874113917 0.485721171 0
vn 0.894043684 0.447979867 0
vn 0.894043684 0.447979867 0
vn 0.894043684 0.447979867 0
vn 0.894043684 0.447979867 0
vn 0.881533027 0.472122401 0
vn 0.881533027 0.472122401 0
vn 0.881533027 0.472122401 0
vn 0.881533027 0.472122401 0
vn 0.873532891 0.486765206 0
vn 0.873532891 0.486765206 0
vn 0.873532891 0.486765206 0
vn 0.873532891 0.486765206 0
vn 0.898696363 0.438571334 0
vn 0.898696363 0.438571334 0
vn 0.898696363 0.438571334 0
vn 0.898696363 0.438571334 0
vn 0.882337034 0.470618129 0
vn 0.882337034 0.470618129 0
vn 0.882337034 0.470618129 0
vn 0.882337034 0.470618129 0
vn 0.843944669 0.53643018 0
vn 0.843944669 0.53643018 0
vn 0.843944669 0.53643018 0
vn 0.843944669 0.53643018 0
vn 0.865634382 0.500676751 0
vn 0.865634382 0.500676751 0
vn 0.865634382 0.500676751 0
vn 0.865634382 0.500676751 0
vn 0.882232785 0.470813364 0
vn 0.882232785 0.470813364 0
vn 0.882232785 0.470813364 0
vn 0.882232785 0.470813364 0
vn 0.844616115 0.535372317 0
vn 0.844616115 0.535372317 0
vn 0.844616115 0.535372317 0
vn 0.844616115 0.535372317 0
vn 0.883454323 0.468517333 0
vn 0.883454323 0.468517333 0
vn 0.883454323 0.468517333 0
vn 0.883454323 0.468517333 0
vn 0.918338239 0.395796359 0
vn 0.918338239 0.395796359 0
vn 0.918338239 0.395796359 0
vn 0.918338239 0.395796359 0
vn 0.885991812 0.463700742 0
vn 0.885991812 0.463700742 0
vn 0.885991812 0.463700742 0
vn 0.885991812 0.463700742 0
vn 0.876880705 0.480707973 0
vn 0.876880705 0.480707973 0
vn 0.876880705 0.480707973 0
vn 0.876880705 0.480707973 0
vn 0.909017444 0.416758031 0
vn 0.909017444 0.416758031 0
vn 0.909017444 0.416758031 0
vn 0.909017444 0.416758031 0
vn 0.907743156 0.419526249 0
vn 0.907743156 0.419526249 0
vn 0.907743156 0.419526249 0
vn 0.907743156 0.419526249 0
vn 0.866604686 0.498995364 0
vn 0.866604686 0.498995364 0
vn 0.866604686 0.498995364 0
vn 0.866604686 0.498995364 0
vn 0.863758624 0.503905833 0
vn 0.863758624 0.503905833 0
vn 0.863758624 0.503905833 0
vn 0.863758624 0.503905833 0
vn 0.887617946 0.460580438 0
vn 0.887617946 0.460580438 0
vn 0.887617946 0.460580438 0
vn 0.887617946 0.460580438 0
vn 0.897037745 0.441953897 0
vn 0.897037745 0.441953897 0
vn 0.897037745 0.441953897 0
vn 0.897037745 0.441953897 0
vn 0.873047411 0.487635195 0
vn 0.873047411 0.487635195 0
vn 0.873047411 0.487635195 0
vn 0.873047411 0.487635195 0
vn 0.874348402 0.485298604 0
vn 0.874348402 0.485298604 0
vn 0.874348402 0.485298604 0
vn 0.874348402 0.485298604 0
vn 0.898899794 0.43815434 0
vn 0.898899794 0.43815434 0
vn 0.898899794 0.43815434 0
vn 0.898899794 0.43815434 0
vn 0.891165674 0.453678101 0
vn 0.891165674 0.453678101 0
vn 0.891165674 0.453678101 0
vn 0.891165674 0.453678101 0
vn 0.858303964 0.513141572 0
vn 0.858303964 0.513141572 0
vn 0.858303964 0.513141572 0
vn 0.858303964 0.513141572 0
vn 0.887148857 0.461483389 0
vn 0.887148857 0.461483389 0
vn 0.887148857 0.461483389 0
vn 0.887148857 0.461483389 0
vn 0.885569632 0.464506775 0
vn 0.885569632 0.464506775 0
vn 0.885569632 0.464506775 0
vn 0.885569632 0.464506775 0
vn 0.870906055 0.491449535 0
vn 0.870906055 0.491449535 0
vn 0.870906055 0.491449535 0
vn 0.870906055 0.491449535 0
vn 0.851749778 0.523948669 0
vn 0.851749778 0.523948669 0
vn 0.851749778 0.523948669 0
vn 0.851749778 0.523948669 0
vn 0.870944738 0.4913809 0
vn 0.870944738 0.4913809 0
vn 0.870944738 0.4913809 0
vn 0.870944738 0.4913809 0
vn 0.900780022 0.434275657 0
vn 0.900780022 0.434275657 0
vn 0.900780022 0.434275657 0
vn 0.900780022 0.434275657 0
vn 0.877990067 0.478678942 0
vn 0.877990067 0.478678942 0
vn 0.877990067 0.478678942 0
vn 0.877990067 0.478678942 0
vn 0.883319914 0.468770653 0
vn 0.883319914 0.468770653 0
vn 0.883319914 0.468770653 0
vn 0.883319914 0.468770653 0
vn 0.907834828 0.419327796 0
vn 0.907834828 0.419327796 0
vn 0.907834828 0.419327796 0
vn 0.907834828 0.419327796 0
vn 0.889560282 0.456817657 0
vn 0.889560282 0.456817657 0
vn 0.889560282 0.456817657 0
vn 0.889560282 0.456817657 0
vn 0.885913193 0.463850886 0
vn 0.885913193 0.463850886 0
vn 0.885913193 0.463850886 0
vn 0.885913193 0.463850886 0
vn 0.893798053 0.448469639 0
vn 0.893798053 0.448469639 0
vn 0.893798053 0.448469639 0
vn 0.893798053 0.448469639 0
vn 0.880876601 0.473345906 0
vn 0.880876601 0.473345906 0
vn 0.880876601 0.473345906 0
vn 0.880876601 0.473345906 0
vn 0.885161459 0.46528393 0
vn 0.885161459 0.46528393 0
vn 0.885161459 0.46528393 0
vn 0.885161459 0.46528393 0
vn 0.874787688 0.484506309 0
vn 0.874787688 0.484506309 0
vn 0.874787688 0.484506309 0
vn 0.874787688 0.484506309 0
vn 0.848312974 0.52949512 0
vn 0.848312974 0.52949512 0
vn 0.848312974 0.52949512 0
vn 0.848312974 0.52949512 0
vn 0.846206307 0.532855451 0
vn 0.846206307 0.532855451 0
vn 0.846206307 0.532855451 0
vn 0.846206307 0.532855451 0
vn 0.877842903 0.478948772 0
vn 0.877842903 0.478948772 0
vn 0.877842903 0.478948772 0
vn 0.877842903 0.478948772 0
vn 0.891002357 0.453998744 0
vn 0.891002357 0.453998744 0
vn 0.891002357 0.453998744 0
vn 0.891002357 0.453998744 0
vn 0.850877464 0.52536428 0
vn 0.850877464 0.52536428 0
vn 0.850877464 0.52536428 0
vn 0.850877464 0.52536428 0
vn 0.869466245 0.493992507 0
vn 0.869466245 0.493992507 0
vn 0.869466245 0.493992507 0
vn 0.869466245 0.493992507 0
vn 0.916961193 0.398976415 0
vn 0.916961193 0.398976415 0
vn 0.916961193 0.398976415 0
vn 0.916961193 0.398976415 0
vn 0.894029796 0.448007524 0
vn 0.894029796 0.448007524 0
vn 0.894029796 0.448007524 0
vn 0.894029796 0.448007524 0
vn 0.864204705 0.50314045 0
vn 0.864204705 0.50314045 0
vn 0.864204705 0.50314045 0
vn 0.864204705 0.50314045 0
vn 0.885156989 0.465292484 0
vn 0.885156989 0.465292484 0
vn 0.885156989 0.465292484 0
vn 0.885156989 0.465292484 0
vn 0.896927595 0.442177415 0
vn 0.896927595 0.442177415 0
vn 0.896927595 0.442177415 0
vn 0.896927595 0.442177415 0
vn 0.870531023 0.492113531 0
vn 0.870531023 0.492113531 0
vn 0.870531023 0.492113531 0
vn 0.870531023 0.492113531 0
vn 0.865225196 0.501383364 0
vn 0.865225196 0.501383364 0
vn 0.865225196 0.501383364 0
vn 0.865225196 0.501383364 0
vn 0.903575003 0.428429961 0
vn 0.903575003 0.428429961 0
vn 0.903575003 0.428429961 0
vn 0.903575003 0.428429961 0
vn 0.905718446 0.423879862 0
vn 0.905718446 0.423879862 0
vn 0.905718446 0.423879862 0
vn 0.905718446 0.423879862 0
vn 0.88979888 0.45635289 0
vn 0.88979888 0.45635289 0
vn 0.88979888 0.45635289 0
vn 0.88979888 0.45635289 0
vn 0.87953639 0.475831658 0
vn 0.87953639 0.475831658 0
vn 0.87953639 0.475831658 0
vn 0.87953639 0.475831658 0
vn 0.88287437 0.46960932 0
vn 0.88287437 0.46960932 0
vn 0.88287437 0.46960932 0
vn 0.88287437 0.46960932 0
vn 0.880140543 0.474713176 0
vn 0.880140543 0.474713176 0
vn 0.880140543 0.474713176 0
vn 0.880140543 0.474713176 0
vn 0.858531713 0.51276046 0
vn 0.858531713 0.51276046 0
vn 0.858531713 0.51276046 0
vn 0.858531713 0.51276046 0
vn 0.861246228 0.508187771 0
vn 0.861246228 0.508187771 0
vn 0.861246228 0.508187771 0
vn 0.861246228 0.508187771 0
vn 0.882713556 0.469911516 0
vn 0.882713556 0.469911516 0
vn 0.882713556 0.469911516 0
vn 0.882713556 0.469911516 0
vn 0.868520319 0.495653659 0
vn 0.868520319 0.495653659 0
vn 0.868520319 0.495653659 0
vn 0.868520319 0.495653659 0
vn 0.897241473 0.441540122 0
vn 0.897241473 0.441540122 0
vn 0.897241473 0.441540122 0
vn 0.897241473 0.441540122 0
vn 0.924874008 0.380273521 0
vn 0.924874008 0.380273521 0
vn 0.924874008 0.380273521 0
vn 0.924874008 0.380273521 0
vn 0.887866259 0.460101545 0
vn 0.887866259 0.460101545 0
vn 0.887866259 0.460101545 0
vn 0.887866259 0.460101545 0
vn 0.880714059 0.473648399 0
vn 0.880714059 0.473648399 0
vn 0.880714059 0.473648399 0
vn 0.880714059 0.473648399 0
vn 0.880417883 0.474198729 0
vn 0.880417883 0.474198729 0
vn 0.880417883 0.474198729 0
vn 0.880417883 0.474198729 0
vn 0.854826987 0.518913031 0
vn 0.854826987 0.518913031 0
vn 0.854826987 0.518913031 0
vn 0.854826987 0.518913031 0
vn 0.89147383 0.453072041 0
vn 0.89147383 0.453072041 0
vn 0.89147383 0.453072041 0
vn 0.89147383 0.453072041 0
vn 0.887111068 0.461556077 0
vn 0.887111068 0.461556077 0
vn 0.887111068 0.461556077 0
vn 0.887111068 0.461556077 0
vn 0.820335627 0.571882427 0
vn 0.820335627 0.571882427 0
vn 0.820335627 0.571882427 0
vn 0.820335627 0.571882427 0
vn 0.85416919 0.519995213 0
vn 0.85416919 0.519995213 0
vn 0.85416919 0.519995213 0
vn 0.85416919 0.519995213 0
vn 0.893302083 0.449456692 0
vn 0.893302083 0.449456692 0
vn 0.893302083 0.449456692 0
vn 0.893302083 0.449456692 0
vn 0.874650538 0.484754026 0
vn 0.874650538 0.484754026 0
vn 0.874650538 0.484754026 0
vn 0.874650538 0.484754026 0
vn 0.861613929 0.507564247 0
vn 0.861613929 0.507564247 0
vn 0.861613929 0.507564247 0
vn 0.861613929 0.507564247 0
vn 0.876694679 0.481047273 0
vn 0.876694679 0.481047273 0
vn 0.876694679 0.481047273 0
vn 0.876694679 0.481047273 0
vn 0.899640322 0.436631799 0
vn 0.899640322 0.436631799 0
vn 0.899640322 0.436631799 0
vn 0.899640322 0.436631799 0
vn 0.88062501 0.473813832 0
vn 0.88062501 0.473813832 0
vn 0.88062501 0.473813832 0
vn 0.88062501 0.473813832 0
vn 0.867656887 0.497163445 0
vn 0.867656887 0.497163445 0
vn 0.867656887 0.497163445 0
vn 0.867656887 0.497163445 0
vn 0.889658749 0.456625909 0
vn 0.889658749 0.456625909 0
vn 0.889658749 0.456625909 0
vn 0.889658749 0.456625909 0
vn 0.871756315 0.489939779 0
vn 0.871756315 0.489939779 0
vn 0.871756315 0.489939779 0
vn 0.871756315 0.489939779 0
vn 0.888202846 0.459451556 0
vn 0.888202846 0.459451556 0
vn 0.888202846 0.459451556 0
vn 0.888202846 0.459451556 0
vn 0.904962599 0.425491095 0
vn 0.904962599 0.425491095 0
vn 0.904962599 0.425491095 0
vn 0.904962599 0.425491095 0
vn 0.868469894 0.495741963 0
vn 0.868469894 0.495741963 0
vn 0.868469894 0.495741963 0
vn 0.868469894 0.495741963 0
vn 0.892969191 0.450117916 0
vn 0.892969191 0.450117916 0
vn 0.892969191 0.450117916 0
vn 0.892969191 0.450117916 0
vn 0.889409065 0.457112253 0
vn 0.889409065 0.457112253 0
vn 0.889409065 0.457112253 0
vn 0.889409065 0.457112253 0
vn 0.844488263 0.5355739 0
vn 0.844488263 0.5355739 0
vn 0.844488263 0.5355739 0
vn 0.844488263 0.5355739 0
vn 0.852015078 0.523517311 0
vn 0.852015078 0.523517311 0
vn 0.852015078 0.523517311 0
vn 0.852015078 0.523517311 0
vn 0.879224539 0.476407468 0
vn 0.879224539 0.476407468 0
vn 0.879224539 0.476407468 0
vn 0.879224539 0.476407468 0
vn 0.882368267 0.470559478 0
vn 0.882368267 0.470559478 0
vn 0.882368267 0.470559478 0
vn 0.882368267 0.470559478 0
vn 0.856292427 0.516491413 0
vn 0.856292427 0.516491413 0
vn 0.856292427 0.516491413 0
vn 0.856292427 0.516491413 0
vn 0.87557441 0.483083278 0
vn 0.87557441 0.483083278 0
vn 0.87557441 0.483083278 0
vn 0.87557441 0.483083278 0
vn 0.912248254 0.409637719 0
vn 0.912248254 0.409637719 0
vn 0.912248254 0.409637719 0
vn 0.912248254 0.409637719 0
vn 0.907750309 0.419510752 0
vn 0.907750309 0.419510752 0
vn 0.907750309 0.419510752 0
vn 0.907750309 0.419510752 0
vn 0.881308854 0.472540826 0
vn 0.881308854 0.472540826 0
vn 0.881308854 0.472540826 0
vn 0.881308854 0.472540826 0
vn 0.873693526 0.4864766 0
vn 0.873693526 0.4864766 0
vn 0.873693526 0.4864766 0
vn 0.873693526 0.4864766 0
vn 0.88893646 0.458030373 0
vn 0.88893646 0.458030373 0
vn 0.88893646 0.458030373 0
vn 0.88893646 0.458030373 0
vn 0.88248843 0.470334262 0
vn 0.88248843 0.470334262 0
vn 0.88248843 0.470334262 0
vn 0.88248843 0.470334262 0
vn 0.864183843 0.503176153 0
vn 0.864183843 0.503176153 0
vn 0.864183843 0.503176153 0
vn 0.864183843 0.503176153 0
vn 0.870323718 0.492479891 0
vn 0.870323718 0.492479891 0
vn 0.870323718 0.492479891 0
vn 0.870323718 0.492479891 0
vn 0.895833254 0.444390267 0
vn 0.895833254 0.444390267 0
vn 0.895833254 0.444390267 0
vn 0.895833254 0.444390267 0
vn 0.8972314 0.441560596 0
vn 0.8972314 0.441560596 0
vn 0.8972314 0.441560596 0
vn 0.8972314 0.441560596 0
vn 0.846887827 0.531771541 0
vn 0.846887827 0.531771541 0
vn 0.846887827 0.531771541 0
vn 0.846887827 0.531771541 0
vn 0.867563367 0.497326732 0
vn 0.867563367 0.497326732 0
vn 0.867563367 0.497326732 0
vn 0.867563367 0.497326732 0
vn 0.905396104 0.424567938 0
vn 0.905396104 0.424567938 0
vn 0.905396104 0.424567938 0
vn 0.905396104 0.424567938 0
vn 0.859824121 0.510590315 0
vn 0.859824121 0.510590315 0
vn 0.859824121 0.510590315 0
vn 0.859824121 0.510590315 0
vn 0.856711686 0.515795648 0
vn 0.856711686 0.515795648 0
vn 0.856711686 0.515795648 0
vn 0.856711686 0.515795648 0
vn 0.876230836 0.481891692 0
vn 0.876230836 0.481891692 0
vn 0.876230836 0.481891692 0
vn 0.876230836 0.481891692 0
vn 0.854843497 0.518885911 0
vn 0.854843497 0.518885911 0
vn 0.854843497 0.518885911 0
vn 0.854843497 0.518885911 0
vn 0.887084007 0.461607993 0
vn 0.887084007 0.461607993 0
vn 0.887084007 0.461607993 0
vn 0.887084007 0.461607993 0
vn 0.905387104 0.424587011 0
vn 0.905387104 0.424587011 0
vn 0.905387104 0.424587011 0
vn 0.905387104 0.424587011 0
vn 0.881384313 0.47239995 0
vn 0.881384313 0.47239995 0
vn 0.881384313 0.47239995 0
vn 0.881384313 0.47239995 0
vn 0.877227724 0.480074435 0
vn 0.877227724 0.480074435 0
vn 0.877227724 0.480074435 0
vn 0.877227724 0.480074435 0
vn 0.891346693 0.453322321 0
vn 0.891346693 0.453322321 0
vn 0.891346693 0.453322321 0
vn 0.891346693 0.453322321 0
vn 0.891391993 0.453233063 0
vn 0.891391993 0.453233063 0
vn 0.891391993 0.453233063 0
vn 0.891391993 0.453233063 0
vn 0.865359664 0.501151383 0
vn 0.865359664 0.501151383 0
vn 0.865359664 0.501151383 0
vn 0.865359664 0.501151383 0
vn 0.886145234 0.463407516 0
vn 0.886145234 0.463407516 0
vn 0.886145234 0.463407516 0
vn 0.886145234 0.463407516 0
vn 0.897739649 0.440526366 0
vn 0.897739649 0.440526366 0
vn 0.897739649 0.440526366 0
vn 0.897739649 0.440526366 0
vn 0.860703111 0.509107113 0
vn 0.860703111 0.509107113 0
vn 0.860703111 0.509107113 0
vn 0.860703111 0.509107113 0
vn 0.865613818 0.500712156 0
vn 0.865613818 0.500712156 0
vn 0.865613818 0.500712156 0
vn 0.865613818 0.500712156 0
vn 0.889181256 0.457555205 0
vn 0.889181256 0.457555205 0
vn 0.889181256 0.457555205 0
vn 0.889181256 0.457555205 0
vn 0.884279072 0.466959029 0
vn 0.884279072 0.466959029 0
vn 0.884279072 0.466959029 0
vn 0.884279072 0.466959029 0
vn 0.857509732 0.514467776 0
vn 0.857509732 0.514467776 0
vn 0.857509732 0.514467776 0
vn 0.857509732 0.514467776 0
vn 0.868033648 0.496505469 0
vn 0.868033648 0.496505469 0
vn 0.868033648 0.496505469 0
vn 0.868033648 0.496505469 0
vn 0.906408966 0.422401369 0
vn 0.906408966 0.422401369 0
vn 0.906408966 0.422401369 0
vn 0.906408966 0.422401369 0
vn 0.888341069 0.45918417 0
vn 0.888341069 0.45918417 0
vn 0.888341069 0.45918417 0
vn 0.888341069 0.45918417 0
vn 0.869638026 0.493690073 0
vn 0.869638026 0.493690073 0
vn 0.869638026 0.493690073 0
vn 0.869638026 0.493690073 0
vn 0.893277764 0.449505091 0
vn 0.893277764 0.449505091 0
vn 0.893277764 0.449505091 0
vn 0.893277764 0.449505091 0
vn 0.87037468 0.492390066 0
vn 0.87037468 0.492390066 0
vn 0.87037468 0.492390066 0
vn 0.87037468 0.492390066 0
vn 0.872014999 0.489479125 0
vn 0.872014999 0.489479125 0
vn 0.872014999 0.489479125 0
vn 0.872014999 0.489479125 0
vn 0.897605419 0.440799892 0
vn 0.897605419 0.440799892 0
vn 0.897605419 0.440799892 0
vn 0.897605419 0.440799892 0
vn 0.877764344 0.479092658 0
vn 0.877764344 0.479092658 0
vn 0.877764344 0.479092658 0
vn 0.877764344 0.479092658 0
vn 0.893649101 0.44876641 0
vn 0.893649101 0.44876641 0
vn 0.893649101 0.44876641 0
vn 0.893649101 0.44876641 0
vn 0.90420419 0.42710045 0
vn 0.90420419 0.42710045 0
vn 0.90420419 0.42710045 0
vn 0.90420419 0.42710045 0
vn 0.865348756 0.501170278 0
vn 0.865348756 0.501170278 0
vn 0.865348756 0.501170278 0
vn 0.865348756 0.501170278 0
vn 0.872195899 0.489156812 0
vn 0.872195899 0.489156812 0
vn 0.872195899 0.489156812 0
vn 0.872195899 0.489156812 0
vn 0.882666767 0.469999313 0
vn 0.882666767 0.469999313 0
vn 0.882666767 0.469999313 0
vn 0.882666767 0.469999313 0
vn 0.859053254 0.511886358 0
vn 0.859053254 0.511886358 0
vn 0.859053254 0.511886358 0
vn 0.859053254 0.511886358 0
vn 0.859755874 0.510705233 0
vn 0.859755874 0.510705233 0
vn 0.859755874 0.510705233 0
vn 0.859755874 0.510705233 0
vn 0.881898642 0.471439064 0
vn 0.881898642 0.471439064 0
vn 0.881898642 0.471439064 0
vn 0.881898642 0.471439064 0
vn 0.896729231 0.442579567 0
vn 0.896729231 0.442579567 0
vn 0.896729231 0.442579567 0
vn 0.896729231 0.442579567 0
vn 0.879351676 0.476172864 0
vn 0.879351676 0.476172864 0
vn 0.879351676 0.476172864 0
vn 0.879351676 0.476172864 0
vn 0.866286159 0.499548018 0
vn 0.866286159 0.499548018 0
vn 0.866286159 0.499548018 0
vn 0.866286159 0.499548018 0
vn 0.903284907 0.429041058 0
vn 0.903284907 0.429041058 0
vn 0.903284907 0.429041058 0
vn 0.903284907 0.429041058 0
vn 0.883153915 0.469083458 0
vn 0.883153915 0.469083458 0
vn 0.883153915 0.469083458 0
vn 0.883153915 0.469083458 0
vn 0.841800034 0.539789498 0
vn 0.841800034 0.539789498 0
vn 0.841800034 0.539789498 0
vn 0.841800034 0.539789498 0
vn 0.882506251 0.470300764 0
vn 0.882506251 0.470300764 0
vn 0.882506251 0.470300764 0
vn 0.882506251 0.470300764 0
vn 0.899534225 0.43685028 0
vn 0.899534225 0.43685028 0
vn 0.899534225 0.43685028 0
vn 0.899534225 0.43685028 0
vn 0.882845044 0.469664335 0
vn 0.882845044 0.469664335 0
vn 0.882845044 0.469664335 0
vn 0.882845044 0.469664335 0
vn 0.887829006 0.460173398 0
vn 0.887829006 0.460173398 0
vn 0.887829006 0.460173398 0
vn 0.887829006 0.460173398 0
vn 0.901032925 0.433750749 0
vn 0.901032925 0.433750749 0
vn 0.901032925 0.433750749 0
vn 0.901032925 0.433750749 0
vn 0.880826116 0.473439902 0
vn 0.880826116 0.473439902 0
vn 0.880826116 0.473439902 0
vn 0.880826116 0.473439902 0
vn 0.875699878 0.482855797 0
vn 0.875699878 0.482855797 0
vn 0.875699878 0.482855797 0
vn 0.875699878 0.482855797 0
vn 0.893627048 0.448810458 0
vn 0.893627048 0.448810458 0
vn 0.893627048 0.448810458 0
vn 0.893627048 0.448810458 0
vn 0.894878626 0.446309805 0
vn 0.894878626 0.446309805 0
vn 0.894878626 0.446309805 0
vn 0.894878626 0.446309805 0
vn 0.875137866 0.483873755 0
vn 0.875137866 0.483873755 0
vn 0.875137866 0.483873755 0
vn 0.875137866 0.483873755 0
vn 0.879283607 0.476298451 0
vn 0.879283607 0.476298451 0
vn 0.879283607 0.476298451 0
vn 0.879283607 0.476298451 0
vn 0.898265481 0.439453036 0
vn 0.898265481 0.439453036 0
vn 0.898265481 0.439453036 0
vn 0.898265481 0.439453036 0
vn 0.872585654 0.488460928 0
vn 0.872585654 0.488460928 0
vn 0.872585654 0.488460928 0
vn 0.872585654 0.488460928 0
vn 0.878681064 0.477409303 0
vn 0.878681064 0.477409303 0
vn 0.878681064 0.477409303 0
vn 0.878681064 0.477409303 0
vn 0.894930363 0.446205735 0
vn 0.894930363 0.446205735 0
vn 0.894930363 0.446205735 0
vn 0.894930363 0.446205735 0
vn 0.859100461 0.511807084 0
vn 0.859100461 0.511807084 0
vn 0.859100461 0.511807084 0
vn 0.859100461 0.511807084 0
vn 0.890886903 0.454225183 0
vn 0.890886903 0.454225183 0
vn 0.890886903 0.454225183 0
vn 0.890886903 0.454225183 0
vn 0.906475186 0.422259212 0
vn 0.906475186 0.422259212 0
vn 0.906475186 0.422259212 0
vn 0.906475186 0.422259212 0
vn 0.854746401 0.51904577 0
vn 0.854746401 0.51904577 0
vn 0.854746401 0.51904577 0
vn 0.854746401 0.51904577 0
vn 0.87018013 0.492733806 0
vn 0.87018013 0.492733806 0
vn 0.87018013 0.492733806 0
vn 0.87018013 0.492733806 0
vn 0.897881448 0.440237522 0
vn 0.897881448 0.440237522 0
vn 0.897881448 0.440237522 0
vn 0.897881448 0.440237522 0
vn 0.883729875 0.467997164 0
vn 0.883729875 0.467997164 0
vn 0.883729875 0.467997164 0
vn 0.883729875 0.467997164 0
vn 0.8574754 0.514524877 0
vn 0.8574754 0.514524877 0
vn 0.8574754 0.514524877 0
vn 0.8574754 0.514524877 0
vn 0.858056247 0.513555646 0
vn 0.858056247 0.513555646 0
vn 0.858056247 0.513555646 0
vn 0.858056247 0.513555646 0
vn 0.892325342 0.45139274 0
vn 0.892325342 0.45139274 0
vn 0.892325342 0.45139274 0
vn 0.892325342 0.45139274 0
vn 0.884977102 0.465634674 0
vn 0.884977102 0.465634674 0
vn 0.884977102 0.465634674 0
vn 0.884977102 0.465634674 0
vn 0.868261516 0.496106893 0
vn 0.868261516 0.496106893 0
vn 0.868261516 0.496106893 0
vn 0.868261516 0.496106893 0
vn 0.885322034 0.464978456 0
vn 0.885322034 0.464978456 0
vn 0.885322034 0.464978456 0
vn 0.885322034 0.464978456 0
vn 0.900077343 0.43573007 0
vn 0.900077343 0.43573007 0
vn 0.900077343 0.43573007 0
vn 0.900077343 0.43573007 0
vn 0.87801367 0.478635401 0
vn 0.87801367 0.478635401 0
vn 0.87801367 0.478635401 0
vn 0.87801367 0.478635401 0
vn 0.8421821 0.539193213 0
vn 0.8421821 0.539193213 0
vn 0.8421821 0.539193213 0
vn 0.8421821 0.539193213 0
vn 0.885808766 0.464050621 0
vn 0.885808766 0.464050621 0
vn 0.885808766 0.464050621 0
vn 0.885808766 0.464050621 0
vn 0.886924207 0.461914897 0
vn 0.886924207 0.461914897 0
vn 0.886924207 0.461914897 0
vn 0.886924207 0.461914897 0
vn 0.870417237 0.492314786 0
vn 0.870417237 0.492314786 0
vn 0.870417237 0.492314786 0
vn 0.870417237 0.492314786 0
vn 0.881258428 0.472634614 0
vn 0.881258428 0.472634614 0
vn 0.881258428 0.472634614 0
vn 0.881258428 0.472634614 0
vn 0.902822793 0.430012673 0
vn 0.902822793 0.430012673 0
vn 0.902822793 0.430012673 0
vn 0.902822793 0.430012673 0
vn 0.875320673 0.483542979 0
vn 0.875320673 0.483542979 0
vn 0.875320673 0.483542979 0
vn 0.875320673 0.483542979 0
vn 0.892174304 0.45169127 0
vn 0.892174304 0.45169127 0
vn 0.892174304 0.45169127 0
vn 0.892174304 0.45169127 0
vn 0.903788149 0.427980036 0
vn 0.903788149 0.427980036 0
vn 0.903788149 0.427980036 0
vn 0.903788149 0.427980036 0
vn 0.866757751 0.498729318 0
vn 0.866757751 0.498729318 0
vn 0.866757751 0.498729318 0
vn 0.866757751 0.498729318 0
vn 0.866365135 0.499411047 0
vn 0.866365135 0.499411047 0
vn 0.866365135 0.499411047 0
vn 0.866365135 0.499411047 0
vn 0.883406579 0.468607336 0
vn 0.883406579 0.468607336 0
vn 0.883406579 0.468607336 0
vn 0.883406579 0.468607336 0
vn 0.896684825 0.442669481 0
vn 0.896684825 0.442669481 0
vn 0.896684825 0.442669481 0
vn 0.896684825 0.442669481 0
vn 0.892051458 0.451933742 0
vn 0.892051458 0.451933742 0
vn 0.892051458 0.451933742 0
vn 0.892051458 0.451933742 0
vn 0.871639609 0.490147442 0
vn 0.871639609 0.490147442 0
vn 0.871639609 0.490147442 0
vn 0.871639609 0.490147442 0
vn 0.883851051 0.46776852 0
vn 0.883851051 0.46776852 0
vn 0.883851051 0.46776852 0
vn 0.883851051 0.46776852 0
vn 0.882237256 0.470805198 0
vn 0.882237256 0.470805198 0
vn 0.882237256 0.470805198 0
vn 0.882237256 0.470805198 0
vn 0.854388714 0.519634247 0
vn 0.854388714 0.519634247 0
vn 0.854388714 0.519634247 0
vn 0.854388714 0.519634247 0
vn 0.88754487 0.460721195 0
vn 0.88754487 0.460721195 0
vn 0.88754487 0.460721195 0
vn 0.88754487 0.460721195 0
vn 0.899052978 0.437839806 0
vn 0.899052978 0.437839806 0
vn 0.899052978 0.437839806 0
vn 0.899052978 0.437839806 0
vn 0.87549448 0.483228058 0
vn 0.87549448 0.483228058 0
vn 0.87549448 0.483228058 0
vn 0.87549448 0.483228058 0
vn 0.899831474 0.436237574 0
vn 0.899831474 0.436237574 0
vn 0.899831474 0.436237574 0
vn 0.899831474 0.436237574 0
vn 0.909054995 0.416676223 0
vn 0.909054995 0.416676223 0
vn 0.909054995 0.416676223 0
vn 0.909054995 0.416676223 0
vn 0.882525444 0.470264703 0
vn 0.882525444 0.470264703 0
vn 0.882525444 0.470264703 0
vn 0.882525444 0.470264703 0
vn 0.853277206 0.521457672 0
vn 0.853277206 0.521457672 0
vn 0.853277206 0.521457672 0
vn 0.853277206 0.521457672 0
vn 0.87404263 0.485849202 0
vn 0.87404263 0.485849202 0
vn 0.87404263 0.485849202 0
vn 0.87404263 0.485849202 0
vn 0.889400125 0.457129538 0
vn 0.889400125 0.457129538 0
vn 0.889400125 0.457129538 0
vn 0.889400125 0.457129538 0
vn 0.869026423 0.494765729 0
vn 0.869026423 0.494765729 0
vn 0.869026423 0.494765729 0
vn 0.869026423 0.494765729 0
vn 0.872348607 0.488884449 0
vn 0.872348607 0.488884449 0
vn 0.872348607 0.488884449 0
vn 0.872348607 0.488884449 0
vn 0.906896412 0.4213534 0
vn 0.906896412 0.4213534 0
vn 0.906896412 0.4213534 0
vn 0.906896412 0.4213534 0
vn 0.899072647 0.437799484 0
vn 0.899072647 0.437799484 0
vn 0.899072647 0.437799484 0
vn 0.899072647 0.437799484 0
vn 0.87631762 0.48173368 0
vn 0.87631762 0.48173368 0
vn 0.87631762 0.48173368 0
vn 0.87631762 0.48173368 0
vn 0.868509889 0.495671928 0
vn 0.868509889 0.495671928 0
vn 0.868509889 0.495671928 0
vn 0.868509889 0.495671928 0
vn 0.872563064 0.48850137 0
vn 0.872563064 0.48850137 0
vn 0.872563064 0.48850137 0
vn 0.872563064 0.48850137 0
vn 0.857418358 0.514619946 0
vn 0.857418358 0.514619946 0
vn 0.857418358 0.514619946 0
vn 0.857418358 0.514619946 0
vn 0.869946718 0.493145615 0
vn 0.869946718 0.493145615 0
vn 0.869946718 0.493145615 0
vn 0.869946718 0.493145615 0
vn 0.904876649 0.425674051 0
vn 0.904876649 0.425674051 0
vn 0.904876649 0.425674051 0
vn 0.904876649 0.425674051 0
vn 0.904400647 0.426684201 0
vn 0.904400647 0.426684201 0
vn 0.904400647 0.426684201 0
vn 0.904400647 0.426684201 0
vn 0.89189291 0.452246755 0
vn 0.89189291 0.452246755 0
vn 0.89189291 0.452246755 0
vn 0.89189291 0.452246755 0
vn 0.902237833 0.431238919 0
vn 0.902237833 0.431238919 0
vn 0.902237833 0.431238919 0
vn 0.902237833 0.431238919 0
vn 0.906552732 0.422092676 0
vn 0.906552732 0.422092676 0
vn 0.906552732 0.422092676 0
vn 0.906552732 0.422092676 0
vn 0.877473176 0.479625702 0
vn 0.877473176 0.479625702 0
vn 0.877473176 0.479625702 0
vn 0.877473176 0.479625702 0
vn 0.867499232 0.497438461 0
vn 0.867499232 0.497438461 0
vn 0.867499232 0.497438461 0
vn 0.867499232 0.497438461 0
vn 0.88890487 0.458091855 0
vn 0.88890487 0.458091855 0
vn 0.88890487 0.458091855 0
vn 0.88890487 0.458091855 0
vn 0.873814642 0.486259192 0
vn 0.873814642 0.486259192 0
vn 0.873814642 0.486259192 0
vn 0.873814642 0.486259192 0
vn 0.853754938 0.520674944 0
vn 0.853754938 0.520674944 0
vn 0.853754938 0.520674944 0
vn 0.853754938 0.520674944 0
vn 0.866654098 0.498909533 0
vn 0.866654098 0.498909533 0
vn 0.866654098 0.498909533 0
vn 0.866654098 0.498909533 0
vn 0.892655492 0.450739384 0
vn 0.892655492 0.450739384 0
vn 0.892655492 0.450739384 0
vn 0.892655492 0.450739384 0
vn 0.886878133 0.462003559 0
vn 0.886878133 0.462003559 0
vn 0.886878133 0.462003559 0
vn 0.886878133 0.462003559 0
vn 0.857384562 0.514676273 0
vn 0.857384562 0.514676273 0
vn 0.857384562 0.514676273 0
vn 0.857384562 0.514676273 0
vn 0.897960842 0.440075487 0
vn 0.897960842 0.440075487 0
vn 0.897960842 0.440075487 0
vn 0.897960842 0.440075487 0
vn 0.89410001 0.447867274 0
vn 0.89410001 0.447867274 0
vn 0.89410001 0.447867274 0
vn 0.89410001 0.447867274 0
vn 0.875381052 0.483433604 0
vn 0.875381052 0.483433604 0
vn 0.875381052 0.483433604 0
vn 0.875381052 0.483433604 0
vn 0.863233387 0.504805028 0
vn 0.863233387 0.504805028 0
vn 0.863233387 0.504805028 0
vn 0.863233387 0.504805028 0
vn 0.872103572 0.489321321 0
vn 0.872103572 0.489321321 0
vn 0.872103572 0.489321321 0
vn 0.872103572 0.489321321 0
vn 0.896392703 0.443260849 0
vn 0.896392703 0.443260849 0
vn 0.896392703 0.443260849 0
vn 0.896392703 0.443260849 0
vn 0.877867281 0.478904039 0
vn 0.877867281 0.478904039 0
vn 0.877867281 0.478904039 0
vn 0.877867281 0.478904039 0
vn 0.869103193 0.494630784 0
vn 0.869103193 0.494630784 0
vn 0.869103193 0.494630784 0
vn 0.869103193 0.494630784 0
vn 0.90235883 0.43098563 0
vn 0.90235883 0.43098563 0
vn 0.90235883 0.43098563 0
vn 0.90235883 0.43098563 0
vn 0.901983261 0.43177098 0
vn 0.901983261 0.43177098 0
vn 0.901983261 0.43177098 0
vn 0.901983261 0.43177098 0
vn 0.877922654 0.478802472 0
vn 0.877922654 0.478802472 0
vn 0.877922654 0.478802472 0
vn 0.877922654 0.478802472 0
vn 0.857672989 0.514195621 0
vn 0.857672989 0.514195621 0
vn 0.857672989 0.514195621 0
vn 0.857672989 0.514195621 0
vn 0.889552772 0.456832319 0
vn 0.889552772 0.456832319 0
vn 0.889552772 0.456832319 0
vn 0.889552772 0.456832319 0
vn 0.893686771 0.448691308 0
vn 0.893686771 0.448691308 0
vn 0.893686771 0.448691308 0
vn 0.893686771 0.448691308 0
vn 0.854462862 0.519512534 0
vn 0.854462862 0.519512534 0
vn 0.854462862 0.519512534 0
vn 0.854462862 0.519512534 0
vn 0.883104205 0.469176948 0
vn 0.883104205 0.469176948 0
vn 0.883104205 0.469176948 0
vn 0.883104205 0.469176948 0
vn 0.883635461 0.46817553 0
vn 0.883635461 0.46817553 0
vn 0.883635461 0.46817553 0
vn 0.883635461 0.46817553 0
vn 0.856073081 0.516854823 0
vn 0.856073081 0.516854823 0
vn 0.856073081 0.516854823 0
vn 0.856073081 0.516854823 0
vn 0.884849489 0.465877086 0
vn 0.884849489 0.465877086 0
vn 0.884849489 0.465877086 0
vn 0.884849489 0.465877086 0
vn 0.886186659 0.463328212 0
vn 0.886186659 0.463328212 0
vn 0.886186659 0.463328212 0
vn 0.886186659 0.463328212 0
vn 0.870057762 0.492949724 0
vn 0.870057762 0.492949724 0
vn 0.870057762 0.492949724 0
vn 0.870057762 0.492949724 0
vn 0.889937878 0.456081778 0
vn 0.889937878 0.456081778 0
vn 0.889937878 0.456081778 0
vn 0.889937878 0.456081778 0
vn 0.919196546 0.393799067 0
vn 0.919196546 0.393799067 0
vn 0.919196546 0.393799067 0
vn 0.919196546 0.393799067 0
vn 0.892086744 0.451864153 0
vn 0.892086744 0.451864153 0
vn 0.892086744 0.451864153 0
vn 0.892086744 0.451864153 0
vn 0.859666884 0.510855138 0
vn 0.859666884 0.510855138 0
vn 0.859666884 0.510855138 0
vn 0.859666884 0.510855138 0
vn 0.872368455 0.488848954 0
vn 0.872368455 0.488848954 0
vn 0.872368455 0.488848954 0
vn 0.872368455 0.488848954 0
vn 0.888915718 0.458070576 0
vn 0.888915718 0.458070576 0
vn 0.888915718 0.458070576 0
vn 0.888915718 0.458070576 0
vn 0.873711109 0.486445159 0
vn 0.873711109 0.486445159 0
vn 0.873711109 0.486445159 0
vn 0.873711109 0.486445159 0
vn 0.859324753 0.511430383 0
vn 0.859324753 0.511430383 0
vn 0.859324753 0.511430383 0
vn 0.859324753 0.511430383 0
vn 0.892629802 0.450790465 0
vn 0.892629802 0.450790465 0
vn 0.892629802 0.450790465 0
vn 0.892629802 0.450790465 0
vn 0.911662698 0.410939366 0
vn 0.911662698 0.410939366 0
vn 0.911662698 0.410939366 0
vn 0.911662698 0.410939366 0
vn 0.888403952 0.459062517 0
vn 0.888403952 0.459062517 0
vn 0.888403952 0.459062517 0
vn 0.888403952 0.459062517 0
vn 0.882924497 0.469514817 0
vn 0.882924497 0.469514817 0
vn 0.882924497 0.469514817 0
vn 0.882924497 0.469514817 0
vn 0.89492178 0.446223199 0
vn 0.89492178 0.446223199 0
vn 0.89492178 0.446223199 0
vn 0.89492178 0.446223199 0
vn 0.85654211 0.516076982 0
vn 0.85654211 0.516076982 0
vn 0.85654211 0.516076982 0
vn 0.85654211 0.516076982 0
vn 0.861329019 0.508047462 0
vn 0.861329019 0.508047462 0
vn 0.861329019 0.508047462 0
vn 0.861329019 0.508047462 0
vn 0.897178411 0.441668212 0
vn 0.897178411 0.441668212 0
vn 0.897178411 0.441668212 0
vn 0.897178411 0.441668212 0
vn 0.887582958 0.460648 0
vn 0.887582958 0.460648 0
vn 0.887582958 0.460648 0
vn 0.887582958 0.460648 0
vn 0.870434999 0.492283404 0
vn 0.870434999 0.492283404 0
vn 0.870434999 0.492283404 0
vn 0.870434999 0.492283404 0
vn 0.893065691 0.449926168 0
vn 0.893065691 0.449926168 0
vn 0.893065691 0.449926168 0
vn 0.893065691 0.449926168 0
vn 0.912837744 0.408322364 0
vn 0.912837744 0.408322364 0
vn 0.912837744 0.408322364 0
vn 0.912837744 0.408322364 0
vn 0.889374077 0.457180202 0
vn 0.889374077 0.457180202 0
vn 0.889374077 0.457180202 0
vn 0.889374077 0.457180202 0
vn 0.87571609 0.482826471 0
vn 0.87571609 0.482826471 0
vn 0.87571609 0.482826471 0
vn 0.87571609 0.482826471 0
vn 0.899983943 0.43592301 0
vn 0.899983943 0.43592301 0
vn 0.899983943 0.43592301 0
vn 0.899983943 0.43592301 0
vn 0.883822322 0.467822731 0
vn 0.883822322 0.467822731 0
vn 0.883822322 0.467822731 0
vn 0.883822322 0.467822731 0
vn 0.853193879 0.521593988 0
vn 0.853193879 0.521593988 0
vn 0.853193879 0.521593988 0
vn 0.853193879 0.521593988 0
vn 0.854206026 0.519934535 0
vn 0.854206026 0.519934535 0
vn 0.854206026 0.519934535 0
vn 0.854206026 0.519934535 0
vn 0.883673608 0.468103617 0
vn 0.883673608 0.468103617 0
vn 0.883673608 0.468103617 0
vn 0.883673608 0.468103617 0
vn 0.880757987 0.473566622 0
vn 0.880757987 0.473566622 0
vn 0.880757987 0.473566622 0
vn 0.880757987 0.473566622 0
vn 0.827160597 0.561965704 0
vn 0.827160597 0.561965704 0
vn 0.827160597 0.561965704 0
vn 0.827160597 0.561965704 0
vn 0.854284525 0.51980561 0
vn 0.854284525 0.51980561 0
vn 0.854284525 0.51980561 0
vn 0.854284525 0.51980561 0
vn 0.894962788 0.446140826 0
vn 0.894962788 0.446140826 0
vn 0.894962788 0.446140826 0
vn 0.894962788 0.446140826 0
vn 0.884174824 0.467156082 0
vn 0.884174824 0.467156082 0
vn 0.884174824 0.467156082 0
vn 0.884174824 0.467156082 0
vn 0.873644054 0.486565441 0
vn 0.873644054 0.486565441 0
vn 0.873644054 0.486565441 0
vn 0.873644054 0.486565441 0
vn 0.882508576 0.470296293 0
vn 0.882508576 0.470296293 0
vn 0.882508576 0.470296293 0
vn 0.882508576 0.470296293 0
vn 0.89800626 0.439982712 0
vn 0.89800626 0.439982712 0
vn 0.89800626 0.439982712 0
vn 0.89800626 0.439982712 0
vn 0.874589324 0.484864473 0
vn 0.874589324 0.484864473 0
vn 0.874589324 0.484864473 0
vn 0.874589324 0.484864473 0
vn 0.870365858 0.492405564 0
vn 0.870365858 0.492405564 0
vn 0.870365858 0.492405564 0
vn 0.870365858 0.492405564 0
vn 0.898245633 0.439493835 0
vn 0.898245633 0.439493835 0
vn 0.898245633 0.439493835 0
vn 0.898245633 0.439493835 0
vn 0.88314867 0.469093144 0
vn 0.88314867 0.469093144 0
vn 0.88314867 0.469093144 0
vn 0.88314867 0.469093144 0
vn 0.868194342 0.496224344 0
vn 0.868194342 0.496224344 0
vn 0.868194342 0.496224344 0
vn 0.868194342 0.496224344 0
vn 0.871393859 0.490584105 0
vn 0.871393859 0.490584105 0
vn 0.871393859 0.490584105 0
vn 0.871393859 0.490584105 0
vn 0.895854056 0.444348544 0
vn 0.895854056 0.444348544 0
vn 0.895854056 0.444348544 0
vn 0.895854056 0.444348544 0
vn 0.903298795 0.429011971 0
vn 0.903298795 0.429011971 0
vn 0.903298795 0.429011971 0
vn 0.903298795 0.429011971 0
vn 0.872390866 0.4888089 0
vn 0.872390866 0.4888089 0
vn 0.872390866 0.4888089 0
vn 0.872390866 0.4888089 0
vn 0.886405289 0.462909847 0
vn 0.886405289 0.462909847 0
vn 0.886405289 0.462909847 0
vn 0.886405289 0.462909847 0
vn 0.891141236 0.453725964 0
vn 0.891141236 0.453725964 0
vn 0.891141236 0.453725964 0
vn 0.891141236 0.453725964 0
vn 0.865336597 0.501191199 0
vn 0.865336597 0.501191199 0
vn 0.865336597 0.501191199 0
vn 0.865336597 0.501191199 0
vn 0.854588926 0.51930517 0
vn 0.854588926 0.51930517 0
vn 0.854588926 0.51930517 0
vn 0.854588926 0.51930517 0
vn 0.872535884 0.488550127 0
vn 0.872535884 0.488550127 0
vn 0.872535884 0.488550127 0
vn 0.872535884 0.488550127 0
vn 0.888751388 0.45838964 0
vn 0.888751388 0.45838964 0
vn 0.888751388 0.45838964 0
vn 0.888751388 0.45838964 0
vn 0.897026896 0.441975951 0
vn 0.897026896 0.441975951 0
vn 0.897026896 0.441975951 0
vn 0.897026896 0.441975951 0
vn 0.908965588 0.416871309 0
vn 0.908965588 0.416871309 0
vn 0.908965588 0.416871309 0
vn 0.908965588 0.416871309 0
vn 0.883016348 0.469342262 0
vn 0.883016348 0.469342262 0
vn 0.883016348 0.469342262 0
vn 0.883016348 0.469342262 0
vn 0.8607741 0.508987188 0
vn 0.8607741 0.508987188 0
vn 0.8607741 0.508987188 0
vn 0.8607741 0.508987188 0
vn 0.894022882 0.448021322 0
vn 0.894022882 0.448021322 0
vn 0.894022882 0.448021322 0
vn 0.894022882 0.448021322 0
vn 0.88664794 0.462444961 0
vn 0.88664794 0.462444961 0
vn 0.88664794 0.462444961 0
vn 0.88664794 0.462444961 0
vn 0.87522614 0.483713806 0
vn 0.87522614 0.483713806 0
vn 0.87522614 0.483713806 0
vn 0.87522614 0.483713806 0
vn 0.897818983 0.440364808 0
vn 0.897818983 0.440364808 0
vn 0.897818983 0.440364808 0
vn 0.897818983 0.440364808 0
vn 0.874366164 0.485266745 0
vn 0.874366164 0.485266745 0
vn 0.874366164 0.485266745 0
vn 0.874366164 0.485266745 0
vn 0.87495929 0.484196484 0
vn 0.87495929 0.484196484 0
vn 0.87495929 0.484196484 0
vn 0.87495929 0.484196484 0
vn 0.899966061 0.435959905 0
vn 0.899966061 0.435959905 0
vn 0.899966061 0.435959905 0
vn 0.899966061 0.435959905 0
vn 0.902430594 0.430835187 0
vn 0.902430594 0.430835187 0
vn 0.902430594 0.430835187 0
vn 0.902430594 0.430835187 0
vn 0.872716784 0.488226801 0
vn 0.872716784 0.488226801 0
vn 0.872716784 0.488226801 0
vn 0.872716784 0.488226801 0
vn 0.866497338 0.499181628 0
vn 0.866497338 0.499181628 0
vn 0.866497338 0.499181628 0
vn 0.866497338 0.499181628 0
vn 0.888358057 0.459151298 0
vn 0.888358057 0.459151298 0
vn 0.888358057 0.459151298 0
vn 0.888358057 0.459151298 0
vn 0.889253378 0.457414925 0
vn 0.889253378 0.457414925 0
vn 0.889253378 0.457414925 0
vn 0.889253378 0.457414925 0
vn 0.872946799 0.48781544 0
vn 0.872946799 0.48781544 0
vn 0.872946799 0.48781544 0
vn 0.872946799 0.48781544 0
vn 0.859086871 0.511829793 0
vn 0.859086871 0.511829793 0
vn 0.859086871 0.511829793 0
vn 0.859086871 0.511829793 0
vn 0.905643761 0.424039304 0
vn 0.905643761 0.424039304 0
vn 0.905643761 0.424039304 0
vn 0.905643761 0.424039304 0
vn 0.88976562 0.456417739 0
vn 0.88976562 0.456417739 0
vn 0.88976562 0.456417739 0
vn 0.88976562 0.456417739 0
vn 0.86660111 0.499001503 0
vn 0.86660111 0.499001503 0
vn 0.86660111 0.499001503 0
vn 0.86660111 0.499001503 0
vn 0.882949352 0.469468206 0
vn 0.882949352 0.469468206 0
vn 0.882949352 0.469468206 0
vn 0.882949352 0.469468206 0
vn 0.88812077 0.459610134 0
vn 0.88812077 0.459610134 0
vn 0.88812077 0.459610134 0
vn 0.88812077 0.459610134 0
vn 0.864261985 0.503041923 0
vn 0.864261985 0.503041923 0
vn 0.864261985 0.503041923 0
vn 0.864261985 0.503041923 0
vn 0.899390042 0.43714723 0
vn 0.899390042 0.43714723 0
vn 0.899390042 0.43714723 0
vn 0.899390042 0.43714723 0
vn 0.899100482 0.437742203 0
vn 0.899100482 0.437742203 0
vn 0.899100482 0.437742203 0
vn 0.899100482 0.437742203 0
vn 0.848967135 0.528445721 0
vn 0.848967135 0.528445721 0
vn 0.848967135 0.528445721 0
vn 0.848967135 0.528445721 0
vn 0.868494093 0.495699525 0
vn 0.868494093 0.495699525 0
vn 0.868494093 0.495699525 0
vn 0.868494093 0.495699525 0
vn 0.890216649 0.455537379 0
vn 0.890216649 0.455537379 0
vn 0.890216649 0.455537379 0
vn 0.890216649 0.455537379 0
vn 0.877502441 0.479572088 0
vn 0.877502441 0.479572088 0
vn 0.877502441 0.479572088 0
vn 0.877502441 0.479572088 0
vn 0.863357306 0.504593253 0
vn 0.863357306 0.504593253 0
vn 0.863357306 0.504593253 0
vn 0.863357306 0.504593253 0
vn 0.867616236 0.497234493 0
vn 0.867616236 0.497234493 0
vn 0.867616236 0.497234493 0
vn 0.867616236 0.497234493 0
vn 0.900469661 0.434918851 0
vn 0.900469661 0.434918851 0
vn 0.900469661 0.434918851 0
vn 0.900469661 0.434918851 0
vn 0.899953544 0.435985893 0
vn 0.899953544 0.435985893 0
vn 0.899953544 0.435985893 0
vn 0.899953544 0.435985893 0
vn 0.877633989 0.479331344 0
vn 0.877633989 0.479331344 0
vn 0.877633989 0.479331344 0
vn 0.877633989 0.479331344 0
vn 0.893688083 0.448688865 0
vn 0.893688083 0.448688865 0
vn 0.893688083 0.448688865 0
vn 0.893688083 0.448688865 0
vn 0.872627914 0.488385707 0
vn 0.872627914 0.488385707 0
vn 0.872627914 0.488385707 0
vn 0.872627914 0.488385707 0
vn 0.834664106 0.550759315 0
vn 0.834664106 0.550759315 0
vn 0.834664106 0.550759315 0
vn 0.834664106 0.550759315 0
vn 0.905801058 0.423703104 0
vn 0.905801058 0.423703104 0
vn 0.905801058 0.423703104 0
vn 0.905801058 0.423703104 0
vn 0.902799726 0.430061221 0
vn 0.902799726 0.430061221 0
vn 0.902799726 0.430061221 0
vn 0.902799726 0.430061221 0
vn 0.868645668 0.495433867 0
vn 0.868645668 0.495433867 0
vn 0.868645668 0.495433867 0
vn 0.868645668 0.495433867 0
vn 0.898649096 0.438668132 0
vn 0.898649096 0.438668132 0
vn 0.898649096 0.438668132 0
vn 0.898649096 0.438668132 0
vn 0.931788206 0.36300227 0
vn 0.931788206 0.36300227 0
vn 0.931788206 0.36300227 0
vn 0.931788206 0.36300227 0
vn 0.890959084 0.454083711 0
vn 0.890959084 0.454083711 0
vn 0.890959084 0.454083711 0
vn 0.890959084 0.454083711 0
vn 0.872310817 0.488951832 0
vn 0.872310817 0.488951832 0
vn 0.872310817 0.488951832 0
vn 0.872310817 0.488951832 0
vn 0.894703746 0.446660131 0
vn 0.894703746 0.446660131 0
vn 0.894703746 0.446660131 0
vn 0.894703746 0.446660131 0
vn 0.883600831 0.468240827 0
vn 0.883600831 0.468240827 0
vn 0.883600831 0.468240827 0
vn 0.883600831 0.468240827 0
vn 0.85103178 0.525114179 0
vn 0.85103178 0.525114179 0
vn 0.85103178 0.525114179 0
vn 0.85103178 0.525114179 0
vn 0.866701603 0.49882701 0
vn 0.866701603 0.49882701 0
vn 0.866701603 0.49882701 0
vn 0.866701603 0.49882701 0
vn 0.887580574 0.460652411 0
vn 0.887580574 0.460652411 0
vn 0.887580574 0.460652411 0
vn 0.887580574 0.460652411 0
vn 0.892552257 0.450943947 0
vn 0.892552257 0.450943947 0
vn 0.892552257 0.450943947 0
vn 0.892552257 0.450943947 0
vn 0.885131299 0.4653413 0
vn 0.885131299 0.4653413 0
vn 0.885131299 0.4653413 0
vn 0.885131299 0.4653413 0
vn 0.862968981 0.505256891 0
vn 0.862968981 0.505256891 0
vn 0.862968981 0.505256891 0
vn 0.862968981 0.505256891 0
vn 0.887282789 0.461225778 0
vn 0.887282789 0.461225778 0
vn 0.887282789 0.461225778 0
vn 0.887282789 0.461225778 0
vn 0.893940091 0.448186517 0
vn 0.893940091 0.448186517 0
vn 0.893940091 0.448186517 0
vn 0.893940091 0.448186517 0
vn 0.861896157 0.507084966 0
vn 0.861896157 0.507084966 0
vn 0.861896157 0.507084966 0
vn 0.861896157 0.507084966 0
vn 0.869509935 0.493915349 0
vn 0.869509935 0.493915349 0
vn 0.869509935 0.493915349 0
vn 0.869509935 0.493915349 0
vn 0.893605411 0.448853314 0
vn 0.893605411 0.448853314 0
vn 0.893605411 0.448853314 0
vn 0.893605411 0.448853314 0
vn 0.894374073 0.447319865 0
vn 0.894374073 0.447319865 0
vn 0.894374073 0.447319865 0
vn 0.894374073 0.447319865 0
vn 0.862859011 0.505444646 0
vn 0.862859011 0.505444646 0
vn 0.862859011 0.505444646 0
vn 0.862859011 0.505444646 0
vn 0.877061546 0.480377942 0
vn 0.877061546 0.480377942 0
vn 0.877061546 0.480377942 0
vn 0.877061546 0.480377942 0
vn 0.909938276 0.414743692 0
vn 0.909938276 0.414743692 0
vn 0.909938276 0.414743692 0
vn 0.909938276 0.414743692 0
vn 0.87475574 0.484564155 0
vn 0.87475574 0.484564155 0
vn 0.87475574 0.484564155 0
vn 0.87475574 0.484564155 0
vn 0.85535717 0.518038571 0
vn 0.85535717 0.518038571 0
vn 0.85535717 0.518038571 0
vn 0.85535717 0.518038571 0
vn 0.89133364 0.453347951 0
vn 0.89133364 0.453347951 0
vn 0.89133364 0.453347951 0
vn 0.89133364 0.453347951 0
vn 0.897682369 0.440643281 0
vn 0.897682369 0.440643281 0
vn 0.897682369 0.440643281 0
vn 0.897682369 0.440643281 0
vn 0.871807635 0.489848465 0
vn 0.871807635 0.489848465 0
vn 0.871807635 0.489848465 0
vn 0.871807635 0.489848465 0
vn 0.88229847 0.47069034 0
vn 0.88229847 0.47069034 0
vn 0.88229847 0.47069034 0
vn 0.88229847 0.47069034 0
vn 0.894964099 0.446138084 0
vn 0.894964099 0.446138084 0
vn 0.894964099 0.446138084 0
vn 0.894964099 0.446138084 0
vn 0.865149975 0.501513243 0
vn 0.865149975 0.501513243 0
vn 0.865149975 0.501513243 0
vn 0.865149975 0.501513243 0
vn 0.863327086 0.504644871 0
vn 0.863327086 0.504644871 0
vn 0.863327086 0.504644871 0
vn 0.863327086 0.504644871 0
vn 0.871820033 0.489826322 0
vn 0.871820033 0.489826322 0
vn 0.871820033 0.489826322 0
vn 0.871820033 0.489826322 0
vn 0.850496769 0.525980234 0
vn 0.850496769 0.525980234 0
vn 0.850496769 0.525980234 0
vn 0.850496769 0.525980234 0
vn 0.888203859 0.45944953 0
vn 0.888203859 0.45944953 0
vn 0.888203859 0.45944953 0
vn 0.888203859 0.45944953 0
vn 0.916502714 0.400028467 0
vn 0.916502714 0.400028467 0
vn 0.916502714 0.400028467 0
vn 0.916502714 0.400028467 0
vn 0.882031322 0.47119081 0
vn 0.882031322 0.47119081 0
vn 0.882031322 0.47119081 0
vn 0.882031322 0.47119081 0
vn 0.879379392 0.476121843 0
vn 0.879379392 0.476121843 0
vn 0.879379392 0.476121843 0
vn 0.879379392 0.476121843 0
vn 0.897348762 0.441322297 0
vn 0.897348762 0.441322297 0
vn 0.897348762 0.441322297 0
vn 0.897348762 0.441322297 0
vn 0.886953056 0.461859584 0
vn 0.886953056 0.461859584 0
vn 0.886953056 0.461859584 0
vn 0.886953056 0.461859584 0
vn 0.859804273 0.510623634 0
vn 0.859804273 0.510623634 0
vn 0.859804273 0.510623634 0
vn 0.859804273 0.510623634 0
vn 0.858377516 0.513018489 0
vn 0.858377516 0.513018489 0
vn 0.858377516 0.513018489 0
vn 0.858377516 0.513018489 0
vn 0.892231643 0.451577932 0
vn 0.892231643 0.451577932 0
vn 0.892231643 0.451577932 0
vn 0.892231643 0.451577932 0
vn 0.879359305 0.476158738 0
vn 0.879359305 0.476158738 0
vn 0.879359305 0.476158738 0
vn 0.879359305 0.476158738 0
vn 0.86181581 0.507221341 0
vn 0.86181581 0.507221341 0
vn 0.86181581 0.507221341 0
vn 0.86181581 0.507221341 0
vn 0.89736867 0.441281766 0
vn 0.89736867 0.441281766 0
vn 0.89736867 0.441281766 0
vn 0.89736867 0.441281766 0
vn 0.901178539 0.433448076 0
vn 0.901178539 0.433448076 0
vn 0.901178539 0.433448076 0
vn 0.901178539 0.433448076 0
vn 0.873464346 0.486888111 0
vn 0.873464346 0.486888111 0
vn 0.873464346 0.486888111 0
vn 0.873464346 0.486888111 0
vn 0.853877127 0.520474613 0
vn 0.853877127 0.520474613 0
vn 0.853877127 0.520474613 0
vn 0.853877127 0.520474613 0
vn 0.892336607 0.451370537 0
vn 0.892336607 0.451370537 0
vn 0.892336607 0.451370537 0
vn 0.892336607 0.451370537 0
vn 0.890414476 0.455150634 0
vn 0.890414476 0.455150634 0
vn 0.890414476 0.455150634 0
vn 0.890414476 0.455150634 0
vn 0.875758111 0.482750267 0
vn 0.875758111 0.482750267 0
vn 0.875758111 0.482750267 0
vn 0.875758111 0.482750267 0
vn 0.880560398 0.473934025 0
vn 0.880560398 0.473934025 0
vn 0.880560398 0.473934025 0
vn 0.880560398 0.473934025 0
vn 0.901147366 0.433512747 0
vn 0.901147366 0.433512747 0
vn 0.901147366 0.433512747 0
vn 0.901147366 0.433512747 0
vn 0.880569994 0.473916203 0
vn 0.880569994 0.473916203 0
vn 0.880569994 0.473916203 0
vn 0.880569994 0.473916203 0
vn 0.882828414 0.469695687 0
vn 0.882828414 0.469695687 0
vn 0.882828414 0.469695687 0
vn 0.882828414 0.469695687 0
vn 0.907553077 0.419937432 0
vn 0.907553077 0.419937432 0
vn 0.907553077 0.419937432 0
vn 0.907553077 0.419937432 0
vn 0.902051806 0.431627959 0
vn 0.902051806 0.431627959 0
vn 0.902051806 0.431627959 0
vn 0.902051806 0.431627959 0
vn 0.877980053 0.478697211 0
vn 0.877980053 0.478697211 0
vn 0.877980053 0.478697211 0
vn 0.877980053 0.478697211 0
vn 0.868596077 0.4955208 0
vn 0.868596077 0.4955208 0
vn 0.868596077 0.4955208 0
vn 0.868596077 0.4955208 0
vn 0.897838354 0.44032535 0
vn 0.897838354 0.44032535 0
vn 0.897838354 0.44032535 0
vn 0.897838354 0.44032535 0
vn 0.893662751 0.448739171 0
vn 0.893662751 0.448739171 0
vn 0.893662751 0.448739171 0
vn 0.893662751 0.448739171 0
vn 0.850773811 0.525532126 0
vn 0.850773811 0.525532126 0
vn 0.850773811 0.525532126 0
vn 0.850773811 0.525532126 0
vn 0.877884805 0.478871912 0
vn 0.877884805 0.478871912 0
vn 0.877884805 0.478871912 0
vn 0.877884805 0.478871912 0
vn 0.888065934 0.459716022 0
vn 0.888065934 0.459716022 0
vn 0.888065934 0.459716022 0
vn 0.888065934 0.459716022 0
vn 0.841367722 0.54046303 0
vn 0.841367722 0.54046303 0
vn 0.841367722 0.54046303 0
vn 0.841367722 0.54046303 0
vn 0.866927743 0.498433769 0
vn 0.866927743 0.498433769 0
vn 0.866927743 0.498433769 0
vn 0.866927743 0.498433769 0
vn 0.901860178 0.432027906 0
vn 0.901860178 0.432027906 0
vn 0.901860178 0.432027906 0
vn 0.901860178 0.432027906 0
vn 0.889701307 0.456542939 0
vn 0.889701307 0.456542939 0
vn 0.889701307 0.456542939 0
vn 0.889701307 0.456542939 0
vn 0.868900657 0.494986504 0
vn 0.868900657 0.494986504 0
vn 0.868900657 0.494986504 0
vn 0.868900657 0.494986504 0
vn 0.886366963 0.462983459 0
vn 0.886366963 0.462983459 0
vn 0.886366963 0.462983459 0
vn 0.886366963 0.462983459 0
vn 0.910617948 0.413249373 0
vn 0.910617948 0.413249373 0
vn 0.910617948 0.413249373 0
vn 0.910617948 0.413249373 0
vn 0.884087741 0.467320979 0
vn 0.884087741 0.467320979 0
vn 0.884087741 0.467320979 0
vn 0.884087741 0.467320979 0
vn 0.861473322 0.507802904 0
vn 0.861473322 0.507802904 0
vn 0.861473322 0.507802904 0
vn 0.861473322 0.507802904 0
vn 0.876503229 0.48139599 0
vn 0.876503229 0.48139599 0
vn 0.876503229 0.48139599 0
vn 0.876503229 0.48139599 0
vn 0.889537692 0.456861645 0
vn 0.889537692 0.456861645 0
vn 0.889537692 0.456861645 0
vn 0.889537692 0.456861645 0
vn 0.873939097 0.486035526 0
vn 0.873939097 0.486035526 0
vn 0.873939097 0.486035526 0
vn 0.873939097 0.486035526 0
vn 0.847732782 0.530423582 0
vn 0.847732782 0.530423582 0
vn 0.847732782 0.530423582 0
vn 0.847732782 0.530423582 0
vn 0.91446352 0.404668421 0
vn 0.91446352 0.404668421 0
vn 0.91446352 0.404668421 0
vn 0.91446352 0.404668421 0
vn 0.906004727 0.423267543 0
vn 0.906004727 0.423267543 0
vn 0.906004727 0.423267543 0
vn 0.906004727 0.423267543 0
vn 0.877664804 0.479275107 0
vn 0.877664804 0.479275107 0
vn 0.877664804 0.479275107 0
vn 0.877664804 0.479275107 0
vn 0.865761161 0.500457287 0
vn 0.865761161 0.500457287 0
vn 0.865761161 0.500457287 0
vn 0.865761161 0.500457287 0
vn 0.87254101 0.488541037 0
vn 0.87254101 0.488541037 0
vn 0.87254101 0.488541037 0
vn 0.87254101 0.488541037 0
vn 0.873417735 0.486971706 0
vn 0.873417735 0.486971706 0
vn 0.873417735 0.486971706 0
vn 0.873417735 0.486971706 0
vn 0.854341269 0.519712448 0
vn 0.854341269 0.519712448 0
vn 0.854341269 0.519712448 0
vn 0.854341269 0.519712448 0
vn 0.868795991 0.495170146 0
vn 0.868795991 0.495170146 0
vn 0.868795991 0.495170146 0
vn 0.868795991 0.495170146 0
vn 0.900688231 0.434466183 0
vn 0.900688231 0.434466183 0
vn 0.900688231 0.434466183 0
vn 0.900688231 0.434466183 0
vn 0.889119208 0.457675785 0
vn 0.889119208 0.457675785 0
vn 0.889119208 0.457675785 0
vn 0.889119208 0.457675785 0
vn 0.883643329 0.468160748 0
vn 0.883643329 0.468160748 0
vn 0.883643329 0.468160748 0
vn 0.883643329 0.468160748 0
vn 0.912191629 0.409763843 0
vn 0.912191629 0.409763843 0
vn 0.912191629 0.409763843 0
vn 0.912191629 0.409763843 0
vn 0.9191553 0.393895209 0
vn 0.9191553 0.393895209 0
vn 0.9191553 0.393895209 0
vn 0.9191553 0.393895209 0
vn 0.883301616 0.468805194 0
vn 0.883301616 0.468805194 0
vn 0.883301616 0.468805194 0
vn 0.883301616 0.468805194 0
vn 0.8623842 0.506254494 0
vn 0.8623842 0.506254494 0
vn 0.8623842 0.506254494 0
vn 0.8623842 0.506254494 0
vn 0.888837218 0.458223015 0
vn 0.888837218 0.458223015 0
vn 0.888837218 0.458223015 0
vn 0.888837218 0.458223015 0
vn 0.883753359 0.467952967 0
vn 0.883753359 0.467952967 0
vn 0.883753359 0.467952967 0
vn 0.883753359 0.467952967 0
vn 0.855370879 0.5180161 0
vn 0.855370879 0.5180161 0
vn 0.855370879 0.5180161 0
vn 0.855370879 0.5180161 0
vn 0.857285619 0.514841199 0
vn 0.857285619 0.514841199 0
vn 0.857285619 0.514841199 0
vn 0.857285619 0.514841199 0
vn 0.887976646 0.459888518 0
vn 0.887976646 0.459888518 0
vn 0.887976646 0.459888518 0
vn 0.887976646 0.459888518 0
vn 0.878041029 0.478585303 0
vn 0.878041029 0.478585303 0
vn 0.878041029 0.478585303 0
vn 0.878041029 0.478585303 0
vn 0.873469532 0.486878902 0
vn 0.873469532 0.486878902 0
vn 0.873469532 0.486878902 0
vn 0.873469532 0.486878902 0
vn 0.910963714 0.412486404 0
vn 0.910963714 0.412486404 0
vn 0.910963714 0.412486404 0
vn 0.910963714 0.412486404 0
vn 0.873434722 0.486941338 0
vn 0.873434722 0.486941338 0
vn 0.873434722 0.486941338 0
vn 0.873434722 0.486941338 0
vn 0.846902251 0.531748474 0
vn 0.846902251 0.531748474 0
vn 0.846902251 0.531748474 0
vn 0.846902251 0.531748474 0
vn 0.884409845 0.466711104 0
vn 0.884409845 0.466711104 0
vn 0.884409845 0.466711104 0
vn 0.884409845 0.466711104 0
vn 0.869547367 0.493849754 0
vn 0.869547367 0.493849754 0
vn 0.869547367 0.493849754 0
vn 0.869547367 0.493849754 0
vn 0.874246597 0.485482305 0
vn 0.874246597 0.485482305 0
vn 0.874246597 0.485482305 0
vn 0.874246597 0.485482305 0
vn 0.907798111 0.419407398 0
vn 0.907798111 0.419407398 0
vn 0.907798111 0.419407398 0
vn 0.907798111 0.419407398 0
vn 0.88539207 0.464844853 0
vn 0.88539207 0.464844853 0
vn 0.88539207 0.464844853 0
vn 0.88539207 0.464844853 0
vn 0.870009243 0.493035436 0
vn 0.870009243 0.493035436 0
vn 0.870009243 0.493035436 0
vn 0.870009243 0.493035436 0
vn 0.895379782 0.445303202 0
vn 0.895379782 0.445303202 0
vn 0.895379782 0.445303202 0
vn 0.895379782 0.445303202 0
vn 0.910672903 0.413128108 0
vn 0.910672903 0.413128108 0
vn 0.910672903 0.413128108 0
vn 0.910672903 0.413128108 0
vn 0.896349669 0.443347871 0
vn 0.896349669 0.443347871 0
vn 0.896349669 0.443347871 0
vn 0.896349669 0.443347871 0
vn 0.874349415 0.485296875 0
vn 0.874349415 0.485296875 0
vn 0.874349415 0.485296875 0
vn 0.874349415 0.485296875 0
vn 0.883875847 0.467721522 0
vn 0.883875847 0.467721522 0
vn 0.883875847 0.467721522 0
vn 0.883875847 0.467721522 0
vn 0.876445532 0.481500924 0
vn 0.876445532 0.481500924 0
vn 0.876445532 0.481500924 0
vn 0.876445532 0.481500924 0
vn 0.857181907 0.515013814 0
vn 0.857181907 0.515013814 0
vn 0.857181907 0.515013814 0
vn 0.857181907 0.515013814 0
vn 0.877650797 0.479300559 0
vn 0.877650797 0.479300559 0
vn 0.877650797 0.479300559 0
vn 0.877650797 0.479300559 0
vn 0.89293462 0.450186253 0
vn 0.89293462 0.450186253 0
vn 0.89293462 0.450186253 0
vn 0.89293462 0.450186253 0
vn 0.88626349 0.463181466 0
vn 0.88626349 0.463181466 0
vn 0.88626349 0.463181466 0
vn 0.88626349 0.463181466 0
vn 0.886141896 0.463414073 0
vn 0.886141896 0.463414073 0
vn 0.886141896 0.463414073 0
vn 0.886141896 0.463414073 0
vn 0.916330338 0.400423288 0
vn 0.916330338 0.400423288 0
vn 0.916330338 0.400423288 0
vn 0.916330338 0.400423288 0
vn 0.894263268 0.447541147 0
vn 0.894263268 0.447541147 0
vn 0.894263268 0.447541147 0
vn 0.894263268 0.447541147 0
vn 0.85249126 0.522741497 0
vn 0.85249126 0.522741497 0
vn 0.85249126 0.522741497 0
vn 0.85249126 0.522741497 0
vn 0.883375049 0.468666553 0
vn 0.883375049 0.468666553 0
vn 0.883375049 0.468666553 0
vn 0.883375049 0.468666553 0
vn 0.8689273 0.494939715 0
vn 0.8689273 0.494939715 0
vn 0.8689273 0.494939715 0
vn 0.8689273 0.494939715 0
vn 0.824914038 0.565258145 0
vn 0.824914038 0.565258145 0
vn 0.824914038 0.565258145 0
vn 0.824914038 0.565258145 0
vn 0.872881889 0.487931609 0
vn 0.872881889 0.487931609 0
vn 0.872881889 0.487931609 0
vn 0.872881889 0.487931609 0
vn 0.909917057 0.414790243 0
vn 0.909917057 0.414790243 0
vn 0.909917057 0.414790243 0
vn 0.909917057 0.414790243 0
vn 0.881439447 0.472297132 0
vn 0.881439447 0.472297132 0
vn 0.881439447 0.472297132 0
vn 0.881439447 0.472297132 0
vn 0.869800746 0.493403018 0
vn 0.869800746 0.493403018 0
vn 0.869800746 0.493403018 0
vn 0.869800746 0.493403018 0
vn 0.88586241 0.463948071 0
vn 0.88586241 0.463948071 0
vn 0.88586241 0.463948071 0
vn 0.88586241 0.463948071 0
vn 0.865082383 0.501629829 0
vn 0.865082383 0.501629829 0
vn 0.865082383 0.501629829 0
vn 0.865082383 0.501629829 0
vn 0.864544034 0.502557278 0
vn 0.864544034 0.502557278 0
vn 0.864544034 0.502557278 0
vn 0.864544034 0.502557278 0
vn 0.891467512 0.453084737 0
vn 0.891467512 0.453084737 0
vn 0.891467512 0.453084737 0
vn 0.891467512 0.453084737 0
vn 0.887738645 0.460347772 0
vn 0.887738645 0.460347772 0
vn 0.887738645 0.460347772 0
vn 0.887738645 0.460347772 0
vn 0.87352407 0.486780912 0
vn 0.87352407 0.486780912 0
vn 0.87352407 0.486780912 0
vn 0.87352407 0.486780912 0
vn 0.872243643 0.489071488 0
vn 0.872243643 0.489071488 0
vn 0.872243643 0.489071488 0
vn 0.872243643 0.489071488 0
vn 0.896001399 0.444051206 0
vn 0.896001399 0.444051206 0
vn 0.896001399 0.444051206 0
vn 0.896001399 0.444051206 0
vn 0.890948176 0.454105139 0
vn 0.890948176 0.454105139 0
vn 0.890948176 0.454105139 0
vn 0.890948176 0.454105139 0
vn 0.862634301 0.505828261 0
vn 0.862634301 0.505828261 0
vn 0.862634301 0.505828261 0
vn 0.862634301 0.505828261 0
vn 0.904478669 0.426518708 0
vn 0.904478669 0.426518708 0
vn 0.904478669 0.426518708 0
vn 0.904478669 0.426518708 0
vn 0.905722439 0.423871249 0
vn 0.905722439 0.423871249 0
vn 0.905722439 0.423871249 0
vn 0.905722439 0.423871249 0
vn 0.854895949 0.518799365 0
vn 0.854895949 0.518799365 0
vn 0.854895949 0.518799365 0
vn 0.854895949 0.518799365 0
vn 0.869604528 0.493748844 0
vn 0.869604528 0.493748844 0
vn 0.869604528 0.493748844 0
vn 0.869604528 0.493748844 0
vn 0.899737716 0.436430991 0
vn 0.899737716 0.436430991 0
vn 0.899737716 0.436430991 0
vn 0.899737716 0.436430991 0
vn 0.880320251 0.474379927 0
vn 0.880320251 0.474379927 0
vn 0.880320251 0.474379927 0
vn 0.880320251 0.474379927 0
vn 0.870441914 0.492271155 0
vn 0.870441914 0.492271155 0
vn 0.870441914 0.492271155 0
vn 0.870441914 0.492271155 0
vn 0.887573957 0.460665256 0
vn 0.887573957 0.460665256 0
vn 0.887573957 0.460665256 0
vn 0.887573957 0.460665256 0
vn 0.880263984 0.474484205 0
vn 0.880263984 0.474484205 0
vn 0.880263984 0.474484205 0
vn 0.880263984 0.474484205 0
vn 0.900526047 0.434801996 0
vn 0.900526047 0.434801996 0
vn 0.900526047 0.434801996 0
vn 0.900526047 0.434801996 0
vn 0.885248184 0.465118855 0
vn 0.885248184 0.465118855 0
vn 0.885248184 0.465118855 0
vn 0.885248184 0.465118855 0
vn 0.861513853 0.507734179 0
vn 0.861513853 0.507734179 0
vn 0.861513853 0.507734179 0
vn 0.861513853 0.507734179 0
vn 0.88797313 0.459895223 0
vn 0.88797313 0.459895223 0
vn 0.88797313 0.459895223 0
vn 0.88797313 0.459895223 0
vn 0.889364362 0.457199067 0
vn 0.889364362 0.457199067 0
vn 0.889364362 0.457199067 0
vn 0.889364362 0.457199067 0
vn 0.866229057 0.499647081 0
vn 0.866229057 0.499647081 0
vn 0.866229057 0.499647081 0
vn 0.866229057 0.499647081 0
vn 0.842192471 0.53917706 0
vn 0.842192471 0.53917706 0
vn 0.842192471 0.53917706 0
vn 0.842192471 0.53917706 0
vn 0.876037419 0.48224327 0
vn 0.876037419 0.48224327 0
vn 0.876037419 0.48224327 0
vn 0.876037419 0.48224327 0
vn 0.902729332 0.430208892 0
vn 0.902729332 0.430208892 0
vn 0.902729332 0.430208892 0
vn 0.902729332 0.430208892 0
vn 0.866499841 0.499177396 0
vn 0.866499841 0.499177396 0
vn 0.866499841 0.499177396 0
vn 0.866499841 0.499177396 0
vn 0.889957666 0.456043124 0
vn 0.889957666 0.456043124 0
vn 0.889957666 0.456043124 0
vn 0.889957666 0.456043124 0
vn 0.912456632 0.409173369 0
vn 0.912456632 0.409173369 0
vn 0.912456632 0.409173369 0
vn 0.912456632 0.409173369 0
vn 0.860106766 0.510113955 0
vn 0.860106766 0.510113955 0
vn 0.860106766 0.510113955 0
vn 0.860106766 0.510113955 0
vn 0.849488437 0.527607262 0
vn 0.849488437 0.527607262 0
vn 0.849488437 0.527607262 0
vn 0.849488437 0.527607262 0
vn 0.87495327 0.484207273 0
vn 0.87495327 0.484207273 0
vn 0.87495327 0.484207273 0
vn 0.87495327 0.484207273 0
vn 0.869135857 0.494573563 0
vn 0.869135857 0.494573563 0
vn 0.869135857 0.494573563 0
vn 0.869135857 0.494573563 0
vn 0.876680076 0.481073678 0
vn 0.876680076 0.481073678 0
vn 0.876680076 0.481073678 0
vn 0.876680076 0.481073678 0
vn 0.903439462 0.428715616 0
vn 0.903439462 0.428715616 0
vn 0.903439462 0.428715616 0
vn 0.903439462 0.428715616 0
vn 0.913008571 0.407940358 0
vn 0.913008571 0.407940358 0
vn 0.913008571 0.407940358 0
vn 0.913008571 0.407940358 0
vn 0.872794151 0.488088369 0
vn 0.872794151 0.488088369 0
vn 0.872794151 0.488088369 0
vn 0.872794151 0.488088369 0
vn 0.893526256 0.449010819 0
vn 0.893526256 0.449010819 0
vn 0.893526256 0.449010819 0
vn 0.893526256 0.449010819 0
vn 0.880948186 0.473212779 0
vn 0.880948186 0.473212779 0
vn 0.880948186 0.473212779 0
vn 0.880948186 0.473212779 0
vn 0.835167706 0.549995303 0
vn 0.835167706 0.549995303 0
vn 0.835167706 0.549995303 0
vn 0.835167706 0.549995303 0
vn 0.867267907 0.497841686 0
vn 0.867267907 0.497841686 0
vn 0.867267907 0.497841686 0
vn 0.867267907 0.497841686 0
vn 0.906924605 0.421293139 0
vn 0.906924605 0.421293139 0
vn 0.906924605 0.421293139 0
vn 0.906924605 0.421293139 0
vn 0.887438536 0.460926265 0
vn 0.887438536 0.460926265 0
vn 0.887438536 0.460926265 0
vn 0.887438536 0.460926265 0
vn 0.868709803 0.495321423 0
vn 0.868709803 0.495321423 0
vn 0.868709803 0.495321423 0
vn 0.868709803 0.495321423 0
vn 0.882089257 0.471082181 0
vn 0.882089257 0.471082181 0
vn 0.882089257 0.471082181 0
vn 0.882089257 0.471082181 0
vn 0.892190397 0.45165962 0
vn 0.892190397 0.45165962 0
vn 0.892190397 0.45165962 0
vn 0.892190397 0.45165962 0
vn 0.872767329 0.48813653 0
vn 0.872767329 0.48813653 0
vn 0.872767329 0.48813653 0
vn 0.872767329 0.48813653 0
vn 0.87505424 0.484024823 0
vn 0.87505424 0.484024823 0
vn 0.87505424 0.484024823 0
vn 0.87505424 0.484024823 0
vn 0.901037633 0.433740765 0
vn 0.901037633 0.433740765 0
vn 0.901037633 0.433740765 0
vn 0.901037633 0.433740765 0
vn 0.892295718 0.451451302 0
vn 0.892295718 0.451451302 0
vn 0.892295718 0.451451302 0
vn 0.892295718 0.451451302 0
vn 0.871829391 0.489809632 0
vn 0.871829391 0.489809632 0
vn 0.871829391 0.489809632 0
vn 0.871829391 0.489809632 0
vn 0.867069006 0.498187989 0
vn 0.867069006 0.498187989 0
vn 0.867069006 0.498187989 0
vn 0.867069006 0.498187989 0
vn 0.858742714 0.512407005 0
vn 0.858742714 0.512407005 0
vn 0.858742714 0.512407005 0
vn 0.858742714 0.512407005 0
vn 0.845011115 0.534748733 -0
vn 0.845011115 0.534748733 -0
vn 0.59457922 0.804037035 0
vn 0.59457922 0.804037035 0
vn 0.505043209 0.863094091 0
vn 0.505043209 0.863094091 0
vn 0.505043209 0.863094091 0
vn 0.505043209 0.863094091 0
vn 0.409696937 0.91222173 -0
vn 0.409696937 0.91222173 -0
vn 0.942620814 0.333865255 0
vn 0.942620814 0.333865255 0
vn 0.942620814 0.333865255 -0
vn 0.942620814 0.333865255 -0
vn 0.993560672 -0.113302134 -0
vn 0.993560672 -0.113302134 -0
vn 0.993560672 -0.113302134 -0
vn 0.993560672 -0.113302134 -0
vn 0.463896424 -0.885889471 -0
vn 0.463896424 -0.885889471 -0
vn 0.463896424 -0.885889471 -0
vn 0.463896424 -0.885889471 -0
vn 0.0773113519 -0.997007012 -0
vn 0.0773113519 -0.997007012 -0
vn 0.0568466149 -0.998382926 -0
vn 0.0568466149 -0.998382926 -0
vn 0.0568466149 -0.998382926 -0
vn 0.0568466149 -0.998382926 -0
vn 0.0232370775 -0.999729931 -0
vn 0.0232370775 -0.999729931 -0
vn 0.0232370775 -0.999729931 -0
vn 0.0232370775 -0.999729931 -0
vn 0.00118443754 -0.999999285 -0
vn 0.00118443754 -0.999999285 -0
vn 0.00118443754 -0.999999285 -0
vn 0.00118443754 -0.999999285 -0
vn -0.00387173099 -0.999992549 0
vn -0.00387173099 -0.999992549 0
vn -0.00387173099 -0.999992549 0
vn -0.00387173099 -0.999992549 0
vn -0.000268270087 -0.99999994 -0
vn -0.000268270087 -0.99999994 0
vn -0.000268270087 -0.99999994 0
vn -0.000268270087 -0.99999994 -0
vn 0.00149866997 -0.999998987 0
vn 0.00149866997 -0.999998987 0
vn 0.00149866997 -0.999998987 0
vn 0.00149866997 -0.999998987 0
vn -3.68702131e-05 -1 -0
vn -3.68702131e-05 -1 -0
vn -3.68702131e-05 -1 -0
vn -3.68702131e-05 -1 -0
vn 0.000527433585 -0.999999881 0
vn 0.000527433585 -0.999999881 0
vn 0.000527433585 -0.999999881 0
vn 0.000527433585 -0.999999881 0
vn -0.000684445142 -0.999999762 -0
vn -0.000684445142 -0.999999762 -0
vn -0.000684445142 -0.999999762 -0
vn -0.000684445142 -0.999999762 -0
vn 0.00160027493 -0.999998689 0
vn 0.00160027493 -0.999998689 0
vn 0.00160027493 -0.999998689 0
vn 0.00160027493 -0.999998689 0
vn 0.0147720436 -0.999890924 -0
vn 0.0147720436 -0.999890924 -0
vn 0.0147720436 -0.999890924 -0
vn 0.0147720436 -0.999890924 -0
vn 0.00441089831 -0.999990344 -0
vn 0.00441089831 -0.999990344 -0
vn 0.00441089831 -0.999990344 -0
vn 0.00441089831 -0.999990344 -0
vn -0.0795542523 -0.996830583 0
vn -0.0795542523 -0.996830583 0
vn -0.0795542523 -0.996830583 0
vn -0.0795542523 -0.996830583 0
vn -0.231981933 -0.972720087 0
vn -0.231981933 -0.972720087 0
vn -0.231981933 -0.972720087 0
vn -0.231981933 -0.972720087 0
vn -0.315246522 -0.949009836 0
vn -0.315246522 -0.949009836 0
vn -0.315246522 -0.949009836 0
vn -0.315246522 -0.949009836 0
vn -0.537715256 -0.843126535 0
vn -0.537715256 -0.843126535 0
g group1
f 1/1/1 2/2/2 3/3/3 4/4/4 5/5/5 6/6/6 7/7/7 8/8/8 9/9/9 10/10/10 11/11/11 12/12/12 13/13/13 14/14/14 15/15/15 16/16/16 17/17/17 18/18/18 19/19/19 20/20/20 21/21/21 22/22/22 23/23/23 24/24/24 25/25/25 26/26/26 27/27/27 28/28/28 29/29/29 30/30/30 31/31/31 32/32/32 33/33/33 34/34/34 35/35/35 36/36/36 37/37/37 38/38/38 39/39/39 40/40/40 41/41/41 42/42/42 43/43/43 44/44/44 45/45/45 46/46/46 47/47/47 48/48/48 49/49/49 50/50/50 51/51/51 52/52/52 53/53/53 54/54/54 55/55/55 56/56/56 57/57/57 58/58/58 59/59/59 60/60/60 61/61/61 62/62/62 63/63/63 64/64/64 65/65/65 66/66/66 67/67/67 68/68/68 69/69/69 70/70/70 71/71/71 72/72/72 73/73/73 74/74/74 75/75/75 76/76/76 77/77/77 78/78/78 79/79/79 80/80/80 81/81/81 82/82/82 83/83/83 84/84/84 85/85/85 86/86/86 87/87/87 88/88/88 89/89/89 90/90/90 91/91/91 92/92/92 93/93/93 94/94/94 95/95/95 96/96/96 97/97/97 98/98/98 99/99/99 100/100/100 101/101/101 102/102/102 103/103/103 104/104/104 105/105/105 106/106/106 107/107/107 108/108/108 109/109/109 110/110/110 111/111/111 112/112/112 113/113/113 114/114/114 115/115/115 116/116/116 117/117/117 118/118/118 119/119/119 120/120/120 121/121/121 122/122/122 123/123/123 124/124/124 125/125/125 126/126/126 127/127/127 128/128/128 129/129/129 130/130/130 131/131/131 132/132/132 133/133/133 134/134/134 135/135/135 136/136/136 137/137/137 138/138/138 139/139/139 140/140/140 141/141/141 142/142/142 143/143/143 144/144/144 145/145/145 146/146/146 147/147/147 148/148/148 149/149/149 150/150/150 151/151/151 152/152/152 153/153/153 154/154/154 155/155/155 156/156/156 157/157/157 158/158/158 159/159/159 160/160/160 161/161/161 162/162/162 163/163/163 164/164/164 165/165/165 166/166/166 167/167/167 168/168/168 169/169/169 170/170/170 171/171/171 172/172/172 173/173/173 174/174/174 175/175/175 176/176/176 177/177/177 178/178/178 179/179/179 180/180/180 181/181/181 182/182/182 183/183/183 184/184/184 185/185/185 186/186/186 187/187/187 188/188/188 189/189/189 190/190/190 191/191/191 192/192/192 193/193/193 194/194/194 195/195/195 196/196/196 197/197/197 198/198/198 199/199/199 200/200/200 201/201/201 202/202/202 203/203/203 204/204/204 205/205/205 206/206/206 207/207/207 208/208/208 209/209/209 210/210/210 211/211/211 212/212/212 213/213/213 214/214/214 215/215/215 216/216/216 217/217/217 218/218/218 219/219/219 220/220/220 221/221/221 222/222/222 223/223/223 224/224/224 225/225/225 226/226/226 227/227/227 228/228/228 229/229/229 230/230/230 231/231/231 232/232/232 233/233/233 234/234/234 235/235/235 236/236/236 237/237/237 238/238/238 239/239/239 240/240/240 241/241/241 242/242/242 243/243/243 244/244/244 245/245/245 246/246/246 247/247/247 248/248/248 249/249/249 250/250/250 251/251/251 252/252/252 253/253/253 254/254/254 255/255/255 256/256/256 257/257/257 258/258/258 259/259/259 260/260/260 261/261/261 262/262/262 263/263/263 264/264/264 265/265/265 266/266/266 267/267/267 268/268/268 269/269/269 270/270/270 271/271/271 272/272/272 273/273/273 274/274/274 275/275/275 276/276/276 277/277/277 278/278/278 279/279/279 280/280/280 281/281/281 282/282/282 283/283/283 284/284/284 285/285/285 286/286/286 287/287/287 288/288/288 289/289/289 290/290/290 291/291/291 292/292/292 293/293/293 294/294/294 295/295/295 296/296/296 297/297/297 298/298/298 299/299/299 300/300/300 301/301/301 302/302/302 303/303/303 304/304/304 305/305/305 306/306/306 307/307/307 308/308/308 309/309/309 310/310/310 311/311/311 312/312/312 313/313/313 314/314/314 315/315/315 316/316/316 317/317/317 318/318/318 319/319/319 320/320/320 321/321/321 322/322/322 323/323/323 324/324/324 325/325/325 326/326/326 327/327/327 328/328/328 329/329/329 330/330/330 331/331/331 332/332/332 333/333/333 334/334/334 335/335/335 336/336/336 337/337/337 338/338/338 339/339/339 340/340/340 341/341/341 342/342/342 343/343/343 344/344/344 345/345/345 346/346/346 347/347/347 348/348/348 349/349/349 350/350/350 351/351/351 352/352/352 353/353/353 354/354/354 355/355/355 356/356/356 357/357/357 358/358/358 359/359/359 360/360/360 361/361/361 362/362/362 363/363/363 364/364/364 365/365/365 366/366/366 367/367/367 368/368/368 369/369/369 370/370/370 371/371/371 372/372/372 373/373/373 374/374/374 375/375/375 376/376/376 377/377/377 378/378/378 379/379/379 380/380/380 381/381/381 382/382/382 383/383/383 384/384/384 385/385/385 386/386/386 387/387/387 388/388/388 389/389/389 390/390/390 391/391/391 392/392/392 393/393/393 394/394/394 395/395/395 396/396/396 397/397/397 398/398/398 399/399/399 400/400/400 401/401/401 402/402/402 403/403/403 404/404/404 405/405/405 406/406/406 407/407/407 408/408/408 409/409/409 410/410/410 411/411/411 412/412/412 413/413/413 414/414/414 415/415/415 416/416/416 417/417/417 418/418/418 419/419/419 420/420/420 421/421/421 422/422/422 423/423/423 424/424/424 425/425/425 426/426/426 427/427/427 428/428/428 429/429/429 430/430/430 431/431/431 432/432/432 433/433/433 434/434/434 435/435/435 436/436/436 437/437/437 438/438/438 439/439/439 440/440/440 441/441/441 442/442/442 443/443/443 444/444/444 445/445/445 446/446/446 447/447/447 448/448/448 449/449/449 450/450/450 451/451/451 452/452/452 453/453/453 454/454/454 455/455/455 456/456/456 457/457/457 458/458/458 459/459/459 460/460/460 461/461/461 462/462/462 463/463/463 464/464/464 465/465/465 466/466/466 467/467/467 468/468/468 469/469/469 470/470/470 471/471/471 472/472/472 473/473/473 474/474/474 475/475/475 476/476/476 477/477/477 478/478/478 479/479/479 480/480/480 481/481/481 482/482/482 483/483/483 484/484/484 485/485/485 486/486/486 487/487/487 488/488/488 489/489/489 490/490/490 491/491/491 492/492/492 493/493/493 494/494/494 495/495/495 496/496/496 497/497/497 498/498/498 499/499/499 500/500/500 501/501/501 502/502/502 503/503/503 504/504/504 505/505/505 506/506/506 507/507/507 508/508/508 509/509/509 510/510/510 511/511/511 512/512/512 513/513/513 514/514/514 515/515/515 516/516/516 517/517/517 518/518/518 519/519/519 520/520/520 521/521/521 522/522/522 523/523/523 524/524/524 525/525/525 526/526/526 527/527/527 528/528/528 529/529/529 530/530/530 531/531/531 532/532/532 533/533/533 534/534/534 535/535/535 536/536/536 537/537/537 538/538/538 539/539/539 540/540/540 541/541/541 542/542/542 543/543/543 544/544/544 545/545/545 546/546/546 547/547/547 548/548/548 549/549/549 550/550/550 551/551/551 552/552/552 553/553/553 554/554/554 555/555/555 556/556/556 557/557/557 558/558/558 559/559/559 560/560/560 561/561/561 562/562/562 563/563/563 564/564/564 565/565/565 566/566/566 567/567/567 568/568/568 569/569/569 570/570/570 571/571/571 572/572/572 573/573/573 574/574/574 575/575/575 576/576/576 577/577/577 578/578/578 579/579/579 580/580/580 581/581/581 582/582/582 583/583/583 584/584/584 585/585/585 586/586/586 587/587/587 588/588/588 589/589/589 590/590/590 591/591/591 592/592/592 593/593/593 594/594/594 595/595/595 596/596/596 597/597/597 598/598/598 599/599/599 600/600/600 601/601/601 602/602/602 603/603/603 604/604/604 605/605/605 606/606/606 607/607/607 608/608/608 609/609/609 610/610/610 611/611/611 612/612/612 613/613/613 614/614/614 615/615/615 616/616/616 617/617/617 618/618/618 619/619/619 620/620/620 621/621/621 622/622/622 623/623/623 624/624/624 625/625/625 626/626/626 627/627/627 628/628/628 629/629/629 630/630/630 631/631/631 632/632/632 633/633/633 634/634/634 635/635/635 636/636/636 637/637/637 638/638/638 639/639/639 640/640/640 641/641/641 642/642/642 643/643/643 644/644/644 645/645/645 646/646/646 647/647/647 648/648/648 649/649/649 650/650/650 651/651/651 652/652/652 653/653/653 654/654/654 655/655/655 656/656/656 657/657/657 658/658/658 659/659/659 660/660/660 661/661/661 662/662/662 663/663/663 664/664/664 665/665/665 666/666/666 667/667/667 668/668/668 669/669/669 670/670/670 671/671/671 672/672/672 673/673/673 674/674/674 675/675/675 676/676/676 677/677/677 678/678/678 679/679/679 680/680/680 681/681/681 682/682/682 683/683/683 684/684/684 685/685/685 686/686/686 687/687/687 688/688/688 689/689/689 690/690/690 691/691/691 692/692/692 693/693/693 694/694/694 695/695/695 696/696/696 697/697/697 698/698/698 699/699/699 700/700/700 701/701/701 702/702/702 703/703/703 704/704/704 705/705/705 706/706/706 707/707/707 708/708/708 709/709/709 710/710/710 711/711/711 712/712/712 713/713/713 714/714/714 715/715/715 716/716/716 717/717/717 718/718/718 719/719/719 720/720/720 721/721/721 722/722/722 723/723/723 724/724/724 725/725/725 726/726/726 727/727/727 728/728/728 729/729/729 730/730/730 731/731/731 732/732/732 733/733/733 734/734/734 735/735/735 736/736/736 737/737/737 738/738/738 739/739/739 740/740/740 741/741/741 742/742/742 743/743/743 744/744/744 745/745/745 746/746/746 747/747/747 748/748/748 749/749/749 750/750/750 751/751/751 752/752/752 753/753/753 754/754/754 755/755/755 756/756/756 757/757/757 758/758/758 759/759/759 760/760/760 761/761/761 762/762/762 763/763/763 764/764/764 765/765/765 766/766/766 767/767/767 768/768/768 769/769/769 770/770/770 771/771/771 772/772/772 773/773/773 774/774/774 775/775/775 776/776/776 777/777/777 778/778/778 779/779/779 780/780/780 781/781/781 782/782/782 783/783/783 784/784/784 785/785/785 786/786/786 787/787/787 788/788/788 789/789/789 790/790/790 791/791/791 792/792/792 793/793/793 794/794/794 795/795/795 796/796/796 797/797/797 798/798/798 799/799/799 800/800/800 801/801/801 802/802/802 803/803/803 804/804/804 805/805/805 806/806/806 807/807/807 808/808/808 809/809/809 810/810/810 811/811/811 812/812/812 813/813/813 814/814/814 815/815/815 816/816/816 817/817/817 818/818/818 819/819/819 820/820/820 821/821/821 822/822/822 823/823/823 824/824/824 825/825/825 826/826/826 827/827/827 828/828/828 829/829/829 830/830/830 831/831/831 832/832/832 833/833/833 834/834/834 835/835/835 836/836/836 837/837/837 838/838/838 839/839/839 840/840/840 841/841/841 842/842/842 843/843/843 844/844/844 845/845/845 846/846/846 847/847/847 848/848/848 849/849/849 850/850/850 851/851/851 852/852/852 853/853/853 854/854/854 855/855/855 856/856/856 857/857/857 858/858/858 859/859/859 860/860/860 861/861/861 862/862/862 863/863/863 864/864/864 865/865/865 866/866/866 867/867/867 868/868/868 869/869/869 870/870/870 871/871/871 872/872/872 873/873/873 874/874/874 875/875/875 876/876/876 877/877/877 878/878/878 879/879/879 880/880/880 881/881/881 882/882/882 883/883/883 884/884/884 885/885/885 886/886/886 887/887/887 888/888/888 889/889/889 890/890/890 891/891/891 892/892/892 893/893/893 894/894/894 895/895/895 896/896/896 897/897/897 898/898/898 899/899/899 900/900/900 901/901/901 902/902/902 903/903/903 904/904/904 905/905/905 906/906/906 907/907/907 908/908/908 909/909/909 910/910/910 911/911/911 912/912/912 913/913/913 914/914/914 915/915/915 916/916/916 917/917/917 918/918/918 919/919/919 920/920/920 921/921/921 922/922/922 923/923/923 924/924/924 925/925/925 926/926/926 927/927/927 928/928/928 929/929/929 930/930/930 931/931/931 932/932/932 933/933/933 934/934/934 935/935/935
f 936/936/936 1870/937/937 1869/938/938 1868/939/939 1867/940/940 1866/941/941 1865/942/942 1864/943/943 1863/944/944 1862/945/945 1861/946/946 1860/947/947 1859/948/948 1858/949/949 1857/950/950 1856/951/951 1855/952/952 1854/953/953 1853/954/954 1852/955/955 1851/956/956 1850/957/957 1849/958/958 1848/959/959 1847/960/960 1846/961/961 1845/962/962 1844/963/963 1843/964/964 1842/965/965 1841/966/966 1840/967/967 1839/968/968 1838/969/969 1837/970/970 1836/971/971 1835/972/972 1834/973/973 1833/974/974 1832/975/975 1831/976/976 1830/977/977 1829/978/978 1828/979/979 1827/980/980 1826/981/981 1825/982/982 1824/983/983 1823/984/984 1822/985/985 1821/986/986 1820/987/987 1819/988/988 1818/989/989 1817/990/990 1816/991/991 1815/992/992 1814/993/993 1813/994/994 1812/995/995 1811/996/996 1810/997/997 1809/998/998 1808/999/999 1807/1000/1000 1806/1001/1001 1805/1002/1002 1804/1003/1003 1803/1004/1004 1802/1005/1005 1801/1006/1006 1800/1007/1007 1799/1008/1008 1798/1009/1009 1797/1010/1010 1796/1011/1011 1795/1012/1012 1794/1013/1013 1793/1014/1014 1792/1015/1015 1791/1016/1016 1790/1017/1017 1789/1018/1018 1788/1019/1019 1787/1020/1020 1786/1021/1021 1785/1022/1022 1784/1023/1023 1783/1024/1024 1782/1025/1025 1781/1026/1026 1780/1027/1027 1779/1028/1028 1778/1029/1029 1777/1030/1030 1776/1031/1031 1775/1032/1032 1774/1033/1033 1773/1034/1034 1772/1035/1035 1771/1036/1036 1770/1037/1037 1769/1038/1038 1768/1039/1039 1767/1040/1040 1766/1041/1041 1765/1042/1042 1764/1043/1043 1763/1044/1044 1762/1045/1045 1761/1046/1046 1760/1047/1047 1759/1048/1048 1758/1049/1049 1757/1050/1050 1756/1051/1051 1755/1052/1052 1754/1053/1053 1753/1054/1054 1752/1055/1055 1751/1056/1056 1750/1057/1057 1749/1058/1058 1748/1059/1059 1747/1060/1060 1746/1061/1061 1745/1062/1062 1744/1063/1063 1743/1064/1064 1742/1065/1065 1741/1066/1066 1740/1067/1067 1739/1068/1068 1738/1069/1069 1737/1070/1070 1736/1071/1071 1735/1072/1072 1734/1073/1073 1733/1074/1074 1732/1075/1075 1731/1076/1076 1730/1077/1077 1729/1078/1078 1728/1079/1079 1727/1080/1080 1726/1081/1081 1725/1082/1082 1724/1083/1083 1723/1084/1084 1722/1085/1085 1721/1086/1086 1720/1087/1087 1719/1088/1088 1718/1089/1089 1717/1090/1090 1716/1091/1091 1715/1092/1092 1714/1093/1093 1713/1094/1094 1712/1095/1095 1711/1096/1096 1710/1097/1097 1709/1098/1098 1708/1099/1099 1707/1100/1100 1706/1101/1101 1705/1102/1102 1704/1103/1103 1703/1104/1104 1702/1105/1105 1701/1106/1106 1700/1107/1107 1699/1108/1108 1698/1109/1109 1697/1110/1110 1696/1111/1111 1695/1112/1112 1694/1113/1113 1693/1114/1114 1692/1115/1115 1691/1116/1116 1690/1117/1117 1689/1118/1118 1688/1119/1119 1687/1120/1120 1686/1121/1121 1685/1122/1122 1684/1123/1123 1683/1124/1124 1682/1125/1125 1681/1126/1126 1680/1127/1127 1679/1128/1128 1678/1129/1129 1677/1130/1130 1676/1131/1131 1675/1132/1132 1674/1133/1133 1673/1134/1134 1672/1135/1135 1671/1136/1136 1670/1137/1137 1669/1138/1138 1668/1139/1139 1667/1140/1140 1666/1141/1141 1665/1142/1142 1664/1143/1143 1663/1144/1144 1662/1145/1145 1661/1146/1146 1660/1147/1147 1659/1148/1148 1658/1149/1149 1657/1150/1150 1656/1151/1151 1655/1152/1152 1654/1153/1153 1653/1154/1154 1652/1155/1155 1651/1156/1156 1650/1157/1157 1649/1158/1158 1648/1159/1159 1647/1160/1160 1646/1161/1161 1645/1162/1162 1644/1163/1163 1643/1164/1164 1642/1165/1165 1641/1166/1166 1640/1167/1167 1639/1168/1168 1638/1169/1169 1637/1170/1170 1636/1171/1171 1635/1172/1172 1634/1173/1173 1633/1174/1174 1632/1175/1175 1631/1176/1176 1630/1177/1177 1629/1178/1178 1628/1179/1179 1627/1180/1180 1626/1181/1181 1625/1182/1182 1624/1183/1183 1623/1184/1184 1622/1185/1185 1621/1186/1186 1620/1187/1187 1619/1188/1188 1618/1189/1189 1617/1190/1190 1616/1191/1191 1615/1192/1192 1614/1193/1193 1613/1194/1194 1612/1195/1195 1611/1196/1196 1610/1197/1197 1609/1198/1198 1608/1199/1199 1607/1200/1200 1606/1201/1201 1605/1202/1202 1604/1203/1203 1603/1204/1204 1602/1205/1205 1601/1206/1206 1600/1207/1207 1599/1208/1208 1598/1209/1209 1597/1210/1210 1596/1211/1211 1595/1212/1212 1594/1213/1213 1593/1214/1214 1592/1215/1215 1591/1216/1216 1590/1217/1217 1589/1218/1218 1588/1219/1219 1587/1220/1220 1586/1221/1221 1585/1222/1222 1584/1223/1223 1583/1224/1224 1582/1225/1225 1581/1226/1226 1580/1227/1227 1579/1228/1228 1578/1229/1229 1577/1230/1230 1576/1231/1231 1575/1232/1232 1574/1233/1233 1573/1234/1234 1572/1235/1235 1571/1236/1236 1570/1237/1237 1569/1238/1238 1568/1239/1239 1567/1240/1240 1566/1241/1241 1565/1242/1242 1564/1243/1243 1563/1244/1244 1562/1245/1245 1561/1246/1246 1560/1247/1247 1559/1248/1248 1558/1249/1249 1557/1250/1250 1556/1251/1251 1555/1252/1252 1554/1253/1253 1553/1254/1254 1552/1255/1255 1551/1256/1256 1550/1257/1257 1549/1258/1258 1548/1259/1259 1547/1260/1260 1546/1261/1261 1545/1262/1262 1544/1263/1263 1543/1264/1264 1542/1265/1265 1541/1266/1266 1540/1267/1267 1539/1268/1268 1538/1269/1269 1537/1270/1270 1536/1271/1271 1535/1272/1272 1534/1273/1273 1533/1274/1274 1532/1275/1275 1531/1276/1276 1530/1277/1277 1529/1278/1278 1528/1279/1279 1527/1280/1280 1526/1281/1281 1525/1282/1282 1524/1283/1283 1523/1284/1284 1522/1285/1285 1521/1286/1286 1520/1287/1287 1519/1288/1288 1518/1289/1289 1517/1290/1290 1516/1291/1291 1515/1292/1292 1514/1293/1293 1513/1294/1294 1512/1295/1295 1511/1296/1296 1510/1297/1297 1509/1298/1298 1508/1299/1299 1507/1300/1300 1506/1301/1301 1505/1302/1302 1504/1303/1303 1503/1304/1304 1502/1305/1305 1501/1306/1306 1500/1307/1307 1499/1308/1308 1498/1309/1309 1497/1310/1310 1496/1311/1311 1495/1312/1312 1494/1313/1313 1493/1314/1314 1492/1315/1315 1491/1316/1316 1490/1317/1317 1489/1318/1318 1488/1319/1319 1487/1320/1320 1486/1321/1321 1485/1322/1322 1484/1323/1323 1483/1324/1324 1482/1325/1325 1481/1326/1326 1480/1327/1327 1479/1328/1328 1478/1329/1329 1477/1330/1330 1476/1331/1331 1475/1332/1332 1474/1333/1333 1473/1334/1334 1472/1335/1335 1471/1336/1336 1470/1337/1337 1469/1338/1338 1468/1339/1339 1467/1340/1340 1466/1341/1341 1465/1342/1342 1464/1343/1343 1463/1344/1344 1462/1345/1345 1461/1346/1346 1460/1347/1347 1459/1348/1348 1458/1349/1349 1457/1350/1350 1456/1351/1351 1455/1352/1352 1454/1353/1353 1453/1354/1354 1452/1355/1355 1451/1356/1356 1450/1357/1357 1449/1358/1358 1448/1359/1359 1447/1360/1360 1446/1361/1361 1445/1362/1362 1444/1363/1363 1443/1364/1364 1442/1365/1365 1441/1366/1366 1440/1367/1367 1439/1368/1368 1438/1369/1369 1437/1370/1370 1436/1371/1371 1435/1372/1372 1434/1373/1373 1433/1374/1374 1432/1375/1375 1431/1376/1376 1430/1377/1377 1429/1378/1378 1428/1379/1379 1427/1380/1380 1426/1381/1381 1425/1382/1382 1424/1383/1383 1423/1384/1384 1422/1385/1385 1421/1386/1386 1420/1387/1387 1419/1388/1388 1418/1389/1389 1417/1390/1390 1416/1391/1391 1415/1392/1392 1414/1393/1393 1413/1394/1394 1412/1395/1395 1411/1396/1396 1410/1397/1397 1409/1398/1398 1408/1399/1399 1407/1400/1400 1406/1401/1401 1405/1402/1402 1404/1403/1403 1403/1404/1404 1402/1405/1405 1401/1406/1406 1400/1407/1407 1399/1408/1408 1398/1409/1409 1397/1410/1410 1396/1411/1411 1395/1412/1412 1394/1413/1413 1393/1414/1414 1392/1415/1415 1391/1416/1416 1390/1417/1417 1389/1418/1418 1388/1419/1419 1387/1420/1420 1386/1421/1421 1385/1422/1422 1384/1423/1423 1383/1424/1424 1382/1425/1425 1381/1426/1426 1380/1427/1427 1379/1428/1428 1378/1429/1429 1377/1430/1430 1376/1431/1431 1375/1432/1432 1374/1433/1433 1373/1434/1434 1372/1435/1435 1371/1436/1436 1370/1437/1437 1369/1438/1438 1368/1439/1439 1367/1440/1440 1366/1441/1441 1365/1442/1442 1364/1443/1443 1363/1444/1444 1362/1445/1445 1361/1446/1446 1360/1447/1447 1359/1448/1448 1358/1449/1449 1357/1450/1450 1356/1451/1451 1355/1452/1452 1354/1453/1453 1353/1454/1454 1352/1455/1455 1351/1456/1456 1350/1457/1457 1349/1458/1458 1348/1459/1459 1347/1460/1460 1346/1461/1461 1345/1462/1462 1344/1463/1463 1343/1464/1464 1342/1465/1465 1341/1466/1466 1340/1467/1467 1339/1468/1468 1338/1469/1469 1337/1470/1470 1336/1471/1471 1335/1472/1472 1334/1473/1473 1333/1474/1474 1332/1475/1475 1331/1476/1476 1330/1477/1477 1329/1478/1478 1328/1479/1479 1327/1480/1480 1326/1481/1481 1325/1482/1482 1324/1483/1483 1323/1484/1484 1322/1485/1485 1321/1486/1486 1320/1487/1487 1319/1488/1488 1318/1489/1489 1317/1490/1490 1316/1491/1491 1315/1492/1492 1314/1493/1493 1313/1494/1494 1312/1495/1495 1311/1496/1496 1310/1497/1497 1309/1498/1498 1308/1499/1499 1307/1500/1500 1306/1501/1501 1305/1502/1502 1304/1503/1503 1303/1504/1504 1302/1505/1505 1301/1506/1506 1300/1507/1507 1299/1508/1508 1298/1509/1509 1297/1510/1510 1296/1511/1511 1295/1512/1512 1294/1513/1513 1293/1514/1514 1292/1515/1515 1291/1516/1516 1290/1517/1517 1289/1518/1518 1288/1519/1519 1287/1520/1520 1286/1521/1521 1285/1522/1522 1284/1523/1523 1283/1524/1524 1282/1525/1525 1281/1526/1526 1280/1527/1527 1279/1528/1528 1278/1529/1529 1277/1530/1530 1276/1531/1531 1275/1532/1532 1274/1533/1533 1273/1534/1534 1272/1535/1535 1271/1536/1536 1270/1537/1537 1269/1538/1538 1268/1539/1539 1267/1540/1540 1266/1541/1541 1265/1542/1542 1264/1543/1543 1263/1544/1544 1262/1545/1545 1261/1546/1546 1260/1547/1547 1259/1548/1548 1258/1549/1549 1257/1550/1550 1256/1551/1551 1255/1552/1552 1254/1553/1553 1253/1554/1554 1252/1555/1555 1251/1556/1556 1250/1557/1557 1249/1558/1558 1248/1559/1559 1247/1560/1560 1246/1561/1561 1245/1562/1562 1244/1563/1563 1243/1564/1564 1242/1565/1565 1241/1566/1566 1240/1567/1567 1239/1568/1568 1238/1569/1569 1237/1570/1570 1236/1571/1571 1235/1572/1572 1234/1573/1573 1233/1574/1574 1232/1575/1575 1231/1576/1576 1230/1577/1577 1229/1578/1578 1228/1579/1579 1227/1580/1580 1226/1581/1581 1225/1582/1582 1224/1583/1583 1223/1584/1584 1222/1585/1585 1221/1586/1586 1220/1587/1587 1219/1588/1588 1218/1589/1589 1217/1590/1590 1216/1591/1591 1215/1592/1592 1214/1593/1593 1213/1594/1594 1212/1595/1595 1211/1596/1596 1210/1597/1597 1209/1598/1598 1208/1599/1599 1207/1600/1600 1206/1601/1601 1205/1602/1602 1204/1603/1603 1203/1604/1604 1202/1605/1605 1201/1606/1606 1200/1607/1607 1199/1608/1608 1198/1609/1609 1197/1610/1610 1196/1611/1611 1195/1612/1612 1194/1613/1613 1193/1614/1614 1192/1615/1615 1191/1616/1616 1190/1617/1617 1189/1618/1618 1188/1619/1619 1187/1620/1620 1186/1621/1621 1185/1622/1622 1184/1623/1623 1183/1624/1624 1182/1625/1625 1181/1626/1626 1180/1627/1627 1179/1628/1628 1178/1629/1629 1177/1630/1630 1176/1631/1631 1175/1632/1632 1174/1633/1633 1173/1634/1634 1172/1635/1635 1171/1636/1636 1170/1637/1637 1169/1638/1638 1168/1639/1639 1167/1640/1640 1166/1641/1641 1165/1642/1642 1164/1643/1643 1163/1644/1644 1162/1645/1645 1161/1646/1646 1160/1647/1647 1159/1648/1648 1158/1649/1649 1157/1650/1650 1156/1651/1651 1155/1652/1652 1154/1653/1653 1153/1654/1654 1152/1655/1655 1151/1656/1656 1150/1657/1657 1149/1658/1658 1148/1659/1659 1147/1660/1660 1146/1661/1661 1145/1662/1662 1144/1663/1663 1143/1664/1664 1142/1665/1665 1141/1666/1666 1140/1667/1667 1139/1668/1668 1138/1669/1669 1137/1670/1670 1136/1671/1671 1135/1672/1672 1134/1673/1673 1133/1674/1674 1132/1675/1675 1131/1676/1676 1130/1677/1677 1129/1678/1678 1128/1679/1679 1127/1680/1680 1126/1681/1681 1125/1682/1682 1124/1683/1683 1123/1684/1684 1122/1685/1685 1121/1686/1686 1120/1687/1687 1119/1688/1688 1118/1689/1689 1117/1690/1690 1116/1691/1691 1115/1692/1692 1114/1693/1693 1113/1694/1694 1112/1695/1695 1111/1696/1696 1110/1697/1697 1109/1698/1698 1108/1699/1699 1107/1700/1700 1106/1701/1701 1105/1702/1702 1104/1703/1703 1103/1704/1704 1102/1705/1705 1101/1706/1706 1100/1707/1707 1099/1708/1708 1098/1709/1709 1097/1710/1710 1096/1711/1711 1095/1712/1712 1094/1713/1713 1093/1714/1714 1092/1715/1715 1091/1716/1716 1090/1717/1717 1089/1718/1718 1088/1719/1719 1087/1720/1720 1086/1721/1721 1085/1722/1722 1084/1723/1723 1083/1724/1724 1082/1725/1725 1081/1726/1726 1080/1727/1727 1079/1728/1728 1078/1729/1729 1077/1730/1730 1076/1731/1731 1075/1732/1732 1074/1733/1733 1073/1734/1734 1072/1735/1735 1071/1736/1736 1070/1737/1737 1069/1738/1738 1068/1739/1739 1067/1740/1740 1066/1741/1741 1065/1742/1742 1064/1743/1743 1063/1744/1744 1062/1745/1745 1061/1746/1746 1060/1747/1747 1059/1748/1748 1058/1749/1749 1057/1750/1750 1056/1751/1751 1055/1752/1752 1054/1753/1753 1053/1754/1754 1052/1755/1755 1051/1756/1756 1050/1757/1757 1049/1758/1758 1048/1759/1759 1047/1760/1760 1046/1761/1761 1045/1762/1762 1044/1763/1763 1043/1764/1764 1042/1765/1765 1041/1766/1766 1040/1767/1767 1039/1768/1768 1038/1769/1769 1037/1770/1770 1036/1771/1771 1035/1772/1772 1034/1773/1773 1033/1774/1774 1032/1775/1775 1031/1776/1776 1030/1777/1777 1029/1778/1778 1028/1779/1779 1027/1780/1780 1026/1781/1781 1025/1782/1782 1024/1783/1783 1023/1784/1784 1022/1785/1785 1021/1786/1786 1020/1787/1787 1019/1788/1788 1018/1789/1789 1017/1790/1790 1016/1791/1791 1015/1792/1792 1014/1793/1793 1013/1794/1794 1012/1795/1795 1011/1796/1796 1010/1797/1797 1009/1798/1798 1008/1799/1799 1007/1800/1800 1006/1801/1801 1005/1802/1802 1004/1803/1803 1003/1804/1804 1002/1805/1805 1001/1806/1806 1000/1807/1807 999/1808/1808 998/1809/1809 997/1810/1810 996/1811/1811 995/1812/1812 994/1813/1813 993/1814/1814 992/1815/1815 991/1816/1816 990/1817/1817 989/1818/1818 988/1819/1819 987/1820/1820 986/1821/1821 985/1822/1822 984/1823/1823 983/1824/1824 982/1825/1825 981/1826/1826 980/1827/1827 979/1828/1828 978/1829/1829 977/1830/1830 976/1831/1831 975/1832/1832 974/1833/1833 973/1834/1834 972/1835/1835 971/1836/1836 970/1837/1837 969/1838/1838 968/1839/1839 967/1840/1840 966/1841/1841 965/1842/1842 964/1843/1843 963/1844/1844 962/1845/1845 961/1846/1846 960/1847/1847 959/1848/1848 958/1849/1849 957/1850/1850 956/1851/1851 955/1852/1852 954/1853/1853 953/1854/1854 952/1855/1855 951/1856/1856 950/1857/1857 949/1858/1858 948/1859/1859 947/1860/1860 946/1861/1861 945/1862/1862 944/1863/1863 943/1864/1864 942/1865/1865 941/1866/1866 940/1867/1867 939/1868/1868 938/1869/1869 937/1870/1870
g 
f 1/1/1871 936/936/1872 937/1870/1873 2/2/1874
f 2/2/1875 937/1870/1876 938/1869/1877 3/3/1878
f 3/3/1879 938/1869/1880 939/1868/1881 4/4/1882
f 4/4/1883 939/1868/1884 940/1867/1885 5/5/1886
f 5/5/1887 940/1867/1888 941/1866/1889 6/6/1890
f 6/6/1891 941/1866/1892 942/1865/1893 7/7/1894
f 7/7/1895 942/1865/1896 943/1864/1897 8/8/1898
f 8/8/1899 943/1864/1900 944/1863/1901 9/9/1902
f 9/9/1903 944/1863/1904 945/1862/1905 10/10/1906
f 10/10/1907 945/1862/1908 946/1861/1909 11/11/1910
f 11/11/1911 946/1861/1912 947/1860/1913 12/12/1914
f 12/12/1915 947/1860/1916 948/1859/1917 13/13/1918
f 13/13/1919 948/1859/1920 949/1858/1921 14/14/1922
f 14/14/1923 949/1858/1924 950/1857/1925 15/15/1926
f 15/15/1927 950/1857/1928 951/1856/1929 16/16/1930
f 16/16/1931 951/1856/1932 952/1855/1933 17/17/1934
f 17/17/1935 952/1855/1936 953/1854/1937 18/18/1938
f 18/18/1939 953/1854/1940 954/1853/1941 19/19/1942
f 19/19/1943 954/1853/1944 955/1852/1945 20/20/1946
f 20/20/1947 955/1852/1948 956/1851/1949 21/21/1950
f 21/21/1951 956/1851/1952 957/1850/1953 22/22/1954
f 22/22/1955 957/1850/1956 958/1849/1957 23/23/1958
f 23/23/1959 958/1849/1960 959/1848/1961 24/24/1962
f 24/24/1963 959/1848/1964 960/1847/1965 25/25/1966
f 25/25/1967 960/1847/1968 961/1846/1969 26/26/1970
f 26/26/1971 961/1846/1972 962/1845/1973 27/27/1974
f 27/27/1975 962/1845/1976 963/1844/1977 28/28/1978
f 28/28/1979 963/1844/1980 964/1843/1981 29/29/1982
f 29/29/1983 964/1843/1984 965/1842/1985 30/30/1986
f 30/30/1987 965/1842/1988 966/1841/1989 31/31/1990
f 31/31/1991 966/1841/1992 967/1840/1993 32/32/1994
f 32/32/1995 967/1840/1996 968/1839/1997 33/33/1998
f 33/33/1999 968/1839/2000 969/1838/2001 34/34/2002
f 34/34/2003 969/1838/2004 970/1837/2005 35/35/2006
f 35/35/2007 970/1837/2008 971/1836/2009 36/36/2010
f 36/36/2011 971/1836/2012 972/1835/2013 37/37/2014
f 37/37/2015 972/1835/2016 973/1834/2017 38/38/2018
f 38/38/2019 973/1834/2020 974/1833/2021 39/39/2022
f 39/39/2023 974/1833/2024 975/1832/2025 40/40/2026
f 40/40/2027 975/1832/2028 976/1831/2029 41/41/2030
f 41/41/2031 976/1831/2032 977/1830/2033 42/42/2034
f 42/42/2035 977/1830/2036 978/1829/2037 43/43/2038
f 43/43/2039 978/1829/2040 979/1828/2041 44/44/2042
f 44/44/2043 979/1828/2044 980/1827/2045 45/45/2046
f 45/45/2047 980/1827/2048 981/1826/2049 46/46/2050
f 46/46/2051 981/1826/2052 982/1825/2053 47/47/2054
f 47/47/2055 982/1825/2056 983/1824/2057 48/48/2058
f 48/48/2059 983/1824/2060 984/1823/2061 49/49/2062
f 49/49/2063 984/1823/2064 985/1822/2065 50/50/2066
f 50/50/2067 985/1822/2068 986/1821/2069 51/51/2070
f 51/51/2071 986/1821/2072 987/1820/2073 52/52/2074
f 52/52/2075 987/1820/2076 988/1819/2077 53/53/2078
f 53/53/2079 988/1819/2080 989/1818/2081 54/54/2082
f 54/54/2083 989/1818/2084 990/1817/2085 55/55/2086
f 55/55/2087 990/1817/2088 991/1816/2089 56/56/2090
f 56/56/2091 991/1816/2092 992/1815/2093 57/57/2094
f 57/57/2095 992/1815/2096 993/1814/2097 58/58/2098
f 58/58/2099 993/1814/2100 994/1813/2101 59/59/2102
f 59/59/2103 994/1813/2104 995/1812/2105 60/60/2106
f 60/60/2107 995/1812/2108 996/1811/2109 61/61/2110
f 61/61/2111 996/1811/2112 997/1810/2113 62/62/2114
f 62/62/2115 997/1810/2116 998/1809/2117 63/63/2118
f 63/63/2119 998/1809/2120 999/1808/2121 64/64/2122
f 64/64/2123 999/1808/2124 1000/1807/2125 65/65/2126
f 65/65/2127 1000/1807/2128 1001/1806/2129 66/66/2130
f 66/66/2131 1001/1806/2132 1002/1805/2133 67/67/2134
f 67/67/2135 1002/1805/2136 1003/1804/2137 68/68/2138
f 68/68/2139 1003/1804/2140 1004/1803/2141 69/69/2142
f 69/69/2143 1004/1803/2144 1005/1802/2145 70/70/2146
f 70/70/2147 1005/1802/2148 1006/1801/2149 71/71/2150
f 71/71/2151 1006/1801/2152 1007/1800/2153 72/72/2154
f 72/72/2155 1007/1800/2156 1008/1799/2157 73/73/2158
f 73/73/2159 1008/1799/2160 1009/1798/2161 74/74/2162
f 74/74/2163 1009/1798/2164 1010/1797/2165 75/75/2166
f 75/75/2167 1010/1797/2168 1011/1796/2169 76/76/2170
f 76/76/2171 1011/1796/2172 1012/1795/2173 77/77/2174
f 77/77/2175 1012/1795/2176 1013/1794/2177 78/78/2178
f 78/78/2179 1013/1794/2180 1014/1793/2181 79/79/2182
f 79/79/2183 1014/1793/2184 1015/1792/2185 80/80/2186
f 80/80/2187 1015/1792/2188 1016/1791/2189 81/81/2190
f 81/81/2191 1016/1791/2192 1017/1790/2193 82/82/2194
f 82/82/2195 1017/1790/2196 1018/1789/2197 83/83/2198
f 83/83/2199 1018/1789/2200 1019/1788/2201 84/84/2202
f 84/84/2203 1019/1788/2204 1020/1787/2205 85/85/2206
f 85/85/2207 1020/1787/2208 1021/1786/2209 86/86/2210
f 86/86/2211 1021/1786/2212 1022/1785/2213 87/87/2214
f 87/87/2215 1022/1785/2216 1023/1784/2217 88/88/2218
f 88/88/2219 1023/1784/2220 1024/1783/2221 89/89/2222
f 89/89/2223 1024/1783/2224 1025/1782/2225 90/90/2226
f 90/90/2227 1025/1782/2228 1026/1781/2229 91/91/2230
f 91/91/2231 1026/1781/2232 1027/1780/2233 92/92/2234
f 92/92/2235 1027/1780/2236 1028/1779/2237 93/93/2238
f 93/93/2239 1028/1779/2240 1029/1778/2241 94/94/2242
f 94/94/2243 1029/1778/2244 1030/1777/2245 95/95/2246
f 95/95/2247 1030/1777/2248 1031/1776/2249 96/96/2250
f 96/96/2251 1031/1776/2252 1032/1775/2253 97/97/2254
f 97/97/2255 1032/1775/2256 1033/1774/2257 98/98/2258
f 98/98/2259 1033/1774/2260 1034/1773/2261 99/99/2262
f 99/99/2263 1034/1773/2264 1035/1772/2265 100/100/2266
f 100/100/2267 1035/1772/2268 1036/1771/2269 101/101/2270
f 101/101/2271 1036/1771/2272 1037/1770/2273 102/102/2274
f 102/102/2275 1037/1770/2276 1038/1769/2277 103/103/2278
f 103/103/2279 1038/1769/2280 1039/1768/2281 104/104/2282
f 104/104/2283 1039/1768/2284 1040/1767/2285 105/105/2286
f 105/105/2287 1040/1767/2288 1041/1766/2289 106/106/2290
f 106/106/2291 1041/1766/2292 1042/1765/2293 107/107/2294
f 107/107/2295 1042/1765/2296 1043/1764/2297 108/108/2298
f 108/108/2299 1043/1764/2300 1044/1763/2301 109/109/2302
f 109/109/2303 1044/1763/2304 1045/1762/2305 110/110/2306
f 110/110/2307 1045/1762/2308 1046/1761/2309 111/111/2310
f 111/111/2311 1046/1761/2312 1047/1760/2313 112/112/2314
f 112/112/2315 1047/1760/2316 1048/1759/2317 113/113/2318
f 113/113/2319 1048/1759/2320 1049/1758/2321 114/114/2322
f 114/114/2323 1049/1758/2324 1050/1757/2325 115/115/2326
f 115/115/2327 1050/1757/2328 1051/1756/2329 116/116/2330
f 116/116/2331 1051/1756/2332 1052/1755/2333 117/117/2334
f 117/117/2335 1052/1755/2336 1053/1754/2337 118/118/2338
f 118/118/2339 1053/1754/2340 1054/1753/2341 119/119/2342
f 119/119/2343 1054/1753/2344 1055/1752/2345 120/120/2346
f 120/120/2347 1055/1752/2348 1056/1751/2349 121/121/2350
f 121/121/2351 1056/1751/2352 1057/1750/2353 122/122/2354
f 122/122/2355 1057/1750/2356 1058/1749/2357 123/123/2358
f 123/123/2359 1058/1749/2360 1059/1748/2361 124/124/2362
f 124/124/2363 1059/1748/2364 1060/1747/2365 125/125/2366
f 125/125/2367 1060/1747/2368 1061/1746/2369 126/126/2370
f 126/126/2371 1061/1746/2372 1062/1745/2373 127/127/2374
f 127/127/2375 1062/1745/2376 1063/1744/2377 128/128/2378
f 128/128/2379 1063/1744/2380 1064/1743/2381 129/129/2382
f 129/129/2383 1064/1743/2384 1065/1742/2385 130/130/2386
f 130/130/2387 1065/1742/2388 1066/1741/2389 131/131/2390
f 131/131/2391 1066/1741/2392 1067/1740/2393 132/132/2394
f 132/132/2395 1067/1740/2396 1068/1739/2397 133/133/2398
f 133/133/2399 1068/1739/2400 1069/1738/2401 134/134/2402
f 134/134/2403 1069/1738/2404 1070/1737/2405 135/135/2406
f 135/135/2407 1070/1737/2408 1071/1736/2409 136/136/2410
f 136/136/2411 1071/1736/2412 1072/1735/2413 137/137/2414
f 137/137/2415 1072/1735/2416 1073/1734/2417 138/138/2418
f 138/138/2419 1073/1734/2420 1074/1733/2421 139/139/2422
f 139/139/2423 1074/1733/2424 1075/1732/2425 140/140/2426
f 140/140/2427 1075/1732/2428 1076/1731/2429 141/141/2430
f 141/141/2431 1076/1731/2432 1077/1730/2433 142/142/2434
f 142/142/2435 1077/1730/2436 1078/1729/2437 143/143/2438
f 143/143/2439 1078/1729/2440 1079/1728/2441 144/144/2442
f 144/144/2443 1079/1728/2444 1080/1727/2445 145/145/2446
f 145/145/2447 1080/1727/2448 1081/1726/2449 146/146/2450
f 146/146/2451 1081/1726/2452 1082/1725/2453 147/147/2454
f 147/147/2455 1082/1725/2456 1083/1724/2457 148/148/2458
f 148/148/2459 1083/1724/2460 1084/1723/2461 149/149/2462
f 149/149/2463 1084/1723/2464 1085/1722/2465 150/150/2466
f 150/150/2467 1085/1722/2468 1086/1721/2469 151/151/2470
f 151/151/2471 1086/1721/2472 1087/1720/2473 152/152/2474
f 152/152/2475 1087/1720/2476 1088/1719/2477 153/153/2478
f 153/153/2479 1088/1719/2480 1089/1718/2481 154/154/2482
f 154/154/2483 1089/1718/2484 1090/1717/2485 155/155/2486
f 155/155/2487 1090/1717/2488 1091/1716/2489 156/156/2490
f 156/156/2491 1091/1716/2492 1092/1715/2493 157/157/2494
f 157/157/2495 1092/1715/2496 1093/1714/2497 158/158/2498
f 158/158/2499 1093/1714/2500 1094/1713/2501 159/159/2502
f 159/159/2503 1094/1713/2504 1095/1712/2505 160/160/2506
f 160/160/2507 1095/1712/2508 1096/1711/2509 161/161/2510
f 161/161/2511 1096/1711/2512 1097/1710/2513 162/162/2514
f 162/162/2515 1097/1710/2516 1098/1709/2517 163/163/2518
f 163/163/2519 1098/1709/2520 1099/1708/2521 164/164/2522
f 164/164/2523 1099/1708/2524 1100/1707/2525 165/165/2526
f 165/165/2527 1100/1707/2528 1101/1706/2529 166/166/2530
f 166/166/2531 1101/1706/2532 1102/1705/2533 167/167/2534
f 167/167/2535 1102/1705/2536 1103/1704/2537 168/168/2538
f 168/168/2539 1103/1704/2540 1104/1703/2541 169/169/2542
f 169/169/2543 1104/1703/2544 1105/1702/2545 170/170/2546
f 170/170/2547 1105/1702/2548 1106/1701/2549 171/171/2550
f 171/171/2551 1106/1701/2552 1107/1700/2553 172/172/2554
f 172/172/2555 1107/1700/2556 1108/1699/2557 173/173/2558
f 173/173/2559 1108/1699/2560 1109/1698/2561 174/174/2562
f 174/174/2563 1109/1698/2564 1110/1697/2565 175/175/2566
f 175/175/2567 1110/1697/2568 1111/1696/2569 176/176/2570
f 176/176/2571 1111/1696/2572 1112/1695/2573 177/177/2574
f 177/177/2575 1112/1695/2576 1113/1694/2577 178/178/2578
f 178/178/2579 1113/1694/2580 1114/1693/2581 179/179/2582
f 179/179/2583 1114/1693/2584 1115/1692/2585 180/180/2586
f 180/180/2587 1115/1692/2588 1116/1691/2589 181/181/2590
f 181/181/2591 1116/1691/2592 1117/1690/2593 182/182/2594
f 182/182/2595 1117/1690/2596 1118/1689/2597 183/183/2598
f 183/183/2599 1118/1689/2600 1119/1688/2601 184/184/2602
f 184/184/2603 1119/1688/2604 1120/1687/2605 185/185/2606
f 185/185/2607 1120/1687/2608 1121/1686/2609 186/186/2610
f 186/186/2611 1121/1686/2612 1122/1685/2613 187/187/2614
f 187/187/2615 1122/1685/2616 1123/1684/2617 188/188/2618
f 188/188/2619 1123/1684/2620 1124/1683/2621 189/189/2622
f 189/189/2623 1124/1683/2624 1125/1682/2625 190/190/2626
f 190/190/2627 1125/1682/2628 1126/1681/2629 191/191/2630
f 191/191/2631 1126/1681/2632 1127/1680/2633 192/192/2634
f 192/192/2635 1127/1680/2636 1128/1679/2637 193/193/2638
f 193/193/2639 1128/1679/2640 1129/1678/2641 194/194/2642
f 194/194/2643 1129/1678/2644 1130/1677/2645 195/195/2646
f 195/195/2647 1130/1677/2648 1131/1676/2649 196/196/2650
f 196/196/2651 1131/1676/2652 1132/1675/2653 197/197/2654
f 197/197/2655 1132/1675/2656 1133/1674/2657 198/198/2658
f 198/198/2659 1133/1674/2660 1134/1673/2661 199/199/2662
f 199/199/2663 1134/1673/2664 1135/1672/2665 200/200/2666
f 200/200/2667 1135/1672/2668 1136/1671/2669 201/201/2670
f 201/201/2671 1136/1671/2672 1137/1670/2673 202/202/2674
f 202/202/2675 1137/1670/2676 1138/1669/2677 203/203/2678
f 203/203/2679 1138/1669/2680 1139/1668/2681 204/204/2682
f 204/204/2683 1139/1668/2684 1140/1667/2685 205/205/2686
f 205/205/2687 1140/1667/2688 1141/1666/2689 206/206/2690
f 206/206/2691 1141/1666/2692 1142/1665/2693 207/207/2694
f 207/207/2695 1142/1665/2696 1143/1664/2697 208/208/2698
f 208/208/2699 1143/1664/2700 1144/1663/2701 209/209/2702
f 209/209/2703 1144/1663/2704 1145/1662/2705 210/210/2706
f 210/210/2707 1145/1662/2708 1146/1661/2709 211/211/2710
f 211/211/2711 1146/1661/2712 1147/1660/2713 212/212/2714
f 212/212/2715 1147/1660/2716 1148/1659/2717 213/213/2718
f 213/213/2719 1148/1659/2720 1149/1658/2721 214/214/2722
f 214/214/2723 1149/1658/2724 1150/1657/2725 215/215/2726
f 215/215/2727 1150/1657/2728 1151/1656/2729 216/216/2730
f 216/216/2731 1151/1656/2732 1152/1655/2733 217/217/2734
f 217/217/2735 1152/1655/2736 1153/1654/2737 218/218/2738
f 218/218/2739 1153/1654/2740 1154/1653/2741 219/219/2742
f 219/219/2743 1154/1653/2744 1155/1652/2745 220/220/2746
f 220/220/2747 1155/1652/2748 1156/1651/2749 221/221/2750
f 221/221/2751 1156/1651/2752 1157/1650/2753 222/222/2754
f 222/222/2755 1157/1650/2756 1158/1649/2757 223/223/2758
f 223/223/2759 1158/1649/2760 1159/1648/2761 224/224/2762
f 224/224/2763 1159/1648/2764 1160/1647/2765 225/225/2766
f 225/225/2767 1160/1647/2768 1161/1646/2769 226/226/2770
f 226/226/2771 1161/1646/2772 1162/1645/2773 227/227/2774
f 227/227/2775 1162/1645/2776 1163/1644/2777 228/228/2778
f 228/228/2779 1163/1644/2780 1164/1643/2781 229/229/2782
f 229/229/2783 1164/1643/2784 1165/1642/2785 230/230/2786
f 230/230/2787 1165/1642/2788 1166/1641/2789 231/231/2790
f 231/231/2791 1166/1641/2792 1167/1640/2793 232/232/2794
f 232/232/2795 1167/1640/2796 1168/1639/2797 233/233/2798
f 233/233/2799 1168/1639/2800 1169/1638/2801 234/234/2802
f 234/234/2803 1169/1638/2804 1170/1637/2805 235/235/2806
f 235/235/2807 1170/1637/2808 1171/1636/2809 236/236/2810
f 236/236/2811 1171/1636/2812 1172/1635/2813 237/237/2814
f 237/237/2815 1172/1635/2816 1173/1634/2817 238/238/2818
f 238/238/2819 1173/1634/2820 1174/1633/2821 239/239/2822
f 239/239/2823 1174/1633/2824 1175/1632/2825 240/240/2826
f 240/240/2827 1175/1632/2828 1176/1631/2829 241/241/2830
f 241/241/2831 1176/1631/2832 1177/1630/2833 242/242/2834
f 242/242/2835 1177/1630/2836 1178/1629/2837 243/243/2838
f 243/243/2839 1178/1629/2840 1179/1628/2841 244/244/2842
f 244/244/2843 1179/1628/2844 1180/1627/2845 245/245/2846
f 245/245/2847 1180/1627/2848 1181/1626/2849 246/246/2850
f 246/246/2851 1181/1626/2852 1182/1625/2853 247/247/2854
f 247/247/2855 1182/1625/2856 1183/1624/2857 248/248/2858
f 248/248/2859 1183/1624/2860 1184/1623/2861 249/249/2862
f 249/249/2863 1184/1623/2864 1185/1622/2865 250/250/2866
f 250/250/2867 1185/1622/2868 1186/1621/2869 251/251/2870
f 251/251/2871 1186/1621/2872 1187/1620/2873 252/252/2874
f 252/252/2875 1187/1620/2876 1188/1619/2877 253/253/2878
f 253/253/2879 1188/1619/2880 1189/1618/2881 254/254/2882
f 254/254/2883 1189/1618/2884 1190/1617/2885 255/255/2886
f 255/255/2887 1190/1617/2888 1191/1616/2889 256/256/2890
f 256/256/2891 1191/1616/2892 1192/1615/2893 257/257/2894
f 257/257/2895 1192/1615/2896 1193/1614/2897 258/258/2898
f 258/258/2899 1193/1614/2900 1194/1613/2901 259/259/2902
f 259/259/2903 1194/1613/2904 1195/1612/2905 260/260/2906
f 260/260/2907 1195/1612/2908 1196/1611/2909 261/261/2910
f 261/261/2911 1196/1611/2912 1197/1610/2913 262/262/2914
f 262/262/2915 1197/1610/2916 1198/1609/2917 263/263/2918
f 263/263/2919 1198/1609/2920 1199/1608/2921 264/264/2922
f 264/264/2923 1199/1608/2924 1200/1607/2925 265/265/2926
f 265/265/2927 1200/1607/2928 1201/1606/2929 266/266/2930
f 266/266/2931 1201/1606/2932 1202/1605/2933 267/267/2934
f 267/267/2935 1202/1605/2936 1203/1604/2937 268/268/2938
f 268/268/2939 1203/1604/2940 1204/1603/2941 269/269/2942
f 269/269/2943 1204/1603/2944 1205/1602/2945 270/270/2946
f 270/270/2947 1205/1602/2948 1206/1601/2949 271/271/2950
f 271/271/2951 1206/1601/2952 1207/1600/2953 272/272/2954
f 272/272/2955 1207/1600/2956 1208/1599/2957 273/273/2958
f 273/273/2959 1208/1599/2960 1209/1598/2961 274/274/2962
f 274/274/2963 1209/1598/2964 1210/1597/2965 275/275/2966
f 275/275/2967 1210/1597/2968 1211/1596/2969 276/276/2970
f 276/276/2971 1211/1596/2972 1212/1595/2973 277/277/2974
f 277/277/2975 1212/1595/2976 1213/1594/2977 278/278/2978
f 278/278/2979 1213/1594/2980 1214/1593/2981 279/279/2982
f 279/279/2983 1214/1593/2984 1215/1592/2985 280/280/2986
f 280/280/2987 1215/1592/2988 1216/1591/2989 281/281/2990
f 281/281/2991 1216/1591/2992 1217/1590/2993 282/282/2994
f 282/282/2995 1217/1590/2996 1218/1589/2997 283/283/2998
f 283/283/2999 1218/1589/3000 1219/1588/3001 284/284/3002
f 284/284/3003 1219/1588/3004 1220/1587/3005 285/285/3006
f 285/285/3007 1220/1587/3008 1221/1586/3009 286/286/3010
f 286/286/3011 1221/1586/3012 1222/1585/3013 287/287/3014
f 287/287/3015 1222/1585/3016 1223/1584/3017 288/288/3018
f 288/288/3019 1223/1584/3020 1224/1583/3021 289/289/3022
f 289/289/3023 1224/1583/3024 1225/1582/3025 290/290/3026
f 290/290/3027 1225/1582/3028 1226/1581/3029 291/291/3030
f 291/291/3031 1226/1581/3032 1227/1580/3033 292/292/3034
f 292/292/3035 1227/1580/3036 1228/1579/3037 293/293/3038
f 293/293/3039 1228/1579/3040 1229/1578/3041 294/294/3042
f 294/294/3043 1229/1578/3044 1230/1577/3045 295/295/3046
f 295/295/3047 1230/1577/3048 1231/1576/3049 296/296/3050
f 296/296/3051 1231/1576/3052 1232/1575/3053 297/297/3054
f 297/297/3055 1232/1575/3056 1233/1574/3057 298/298/3058
f 298/298/3059 1233/1574/3060 1234/1573/3061 299/299/3062
f 299/299/3063 1234/1573/3064 1235/1572/3065 300/300/3066
f 300/300/3067 1235/1572/3068 1236/1571/3069 301/301/3070
f 301/301/3071 1236/1571/3072 1237/1570/3073 302/302/3074
f 302/302/3075 1237/1570/3076 1238/1569/3077 303/303/3078
f 303/303/3079 1238/1569/3080 1239/1568/3081 304/304/3082
f 304/304/3083 1239/1568/3084 1240/1567/3085 305/305/3086
f 305/305/3087 1240/1567/3088 1241/1566/3089 306/306/3090
f 306/306/3091 1241/1566/3092 1242/1565/3093 307/307/3094
f 307/307/3095 1242/1565/3096 1243/1564/3097 308/308/3098
f 308/308/3099 1243/1564/3100 1244/1563/3101 309/309/3102
f 309/309/3103 1244/1563/3104 1245/1562/3105 310/310/3106
f 310/310/3107 1245/1562/3108 1246/1561/3109 311/311/3110
f 311/311/3111 1246/1561/3112 1247/1560/3113 312/312/3114
f 312/312/3115 1247/1560/3116 1248/1559/3117 313/313/3118
f 313/313/3119 1248/1559/3120 1249/1558/3121 314/314/3122
f 314/314/3123 1249/1558/3124 1250/1557/3125 315/315/3126
f 315/315/3127 1250/1557/3128 1251/1556/3129 316/316/3130
f 316/316/3131 1251/1556/3132 1252/1555/3133 317/317/3134
f 317/317/3135 1252/1555/3136 1253/1554/3137 318/318/3138
f 318/318/3139 1253/1554/3140 1254/1553/3141 319/319/3142
f 319/319/3143 1254/1553/3144 1255/1552/3145 320/320/3146
f 320/320/3147 1255/1552/3148 1256/1551/3149 321/321/3150
f 321/321/3151 1256/1551/3152 1257/1550/3153 322/322/3154
f 322/322/3155 1257/1550/3156 1258/1549/3157 323/323/3158
f 323/323/3159 1258/1549/3160 1259/1548/3161 324/324/3162
f 324/324/3163 1259/1548/3164 1260/1547/3165 325/325/3166
f 325/325/3167 1260/1547/3168 1261/1546/3169 326/326/3170
f 326/326/3171 1261/1546/3172 1262/1545/3173 327/327/3174
f 327/327/3175 1262/1545/3176 1263/1544/3177 328/328/3178
f 328/328/3179 1263/1544/3180 1264/1543/3181 329/329/3182
f 329/329/3183 1264/1543/3184 1265/1542/3185 330/330/3186
f 330/330/3187 1265/1542/3188 1266/1541/3189 331/331/3190
f 331/331/3191 1266/1541/3192 1267/1540/3193 332/332/3194
f 332/332/3195 1267/1540/3196 1268/1539/3197 333/333/3198
f 333/333/3199 1268/1539/3200 1269/1538/3201 334/334/3202
f 334/334/3203 1269/1538/3204 1270/1537/3205 335/335/3206
f 335/335/3207 1270/1537/3208 1271/1536/3209 336/336/3210
f 336/336/3211 1271/1536/3212 1272/1535/3213 337/337/3214
f 337/337/3215 1272/1535/3216 1273/1534/3217 338/338/3218
f 338/338/3219 1273/1534/3220 1274/1533/3221 339/339/3222
f 339/339/3223 1274/1533/3224 1275/1532/3225 340/340/3226
f 340/340/3227 1275/1532/3228 1276/1531/3229 341/341/3230
f 341/341/3231 1276/1531/3232 1277/1530/3233 342/342/3234
f 342/342/3235 1277/1530/3236 1278/1529/3237 343/343/3238
f 343/343/3239 1278/1529/3240 1279/1528/3241 344/344/3242
f 344/344/3243 1279/1528/3244 1280/1527/3245 345/345/3246
f 345/345/3247 1280/1527/3248 1281/1526/3249 346/346/3250
f 346/346/3251 1281/1526/3252 1282/1525/3253 347/347/3254
f 347/347/3255 1282/1525/3256 1283/1524/3257 348/348/3258
f 348/348/3259 1283/1524/3260 1284/1523/3261 349/349/3262
f 349/349/3263 1284/1523/3264 1285/1522/3265 350/350/3266
f 350/350/3267 1285/1522/3268 1286/1521/3269 351/351/3270
f 351/351/3271 1286/1521/3272 1287/1520/3273 352/352/3274
f 352/352/3275 1287/1520/3276 1288/1519/3277 353/353/3278
f 353/353/3279 1288/1519/3280 1289/1518/3281 354/354/3282
f 354/354/3283 1289/1518/3284 1290/1517/3285 355/355/3286
f 355/355/3287 1290/1517/3288 1291/1516/3289 356/356/3290
f 356/356/3291 1291/1516/3292 1292/1515/3293 357/357/3294
f 357/357/3295 1292/1515/3296 1293/1514/3297 358/358/3298
f 358/358/3299 1293/1514/3300 1294/1513/3301 359/359/3302
f 359/359/3303 1294/1513/3304 1295/1512/3305 360/360/3306
f 360/360/3307 1295/1512/3308 1296/1511/3309 361/361/3310
f 361/361/3311 1296/1511/3312 1297/1510/3313 362/362/3314
f 362/362/3315 1297/1510/3316 1298/1509/3317 363/363/3318
f 363/363/3319 1298/1509/3320 1299/1508/3321 364/364/3322
f 364/364/3323 1299/1508/3324 1300/1507/3325 365/365/3326
f 365/365/3327 1300/1507/3328 1301/1506/3329 366/366/3330
f 366/366/3331 1301/1506/3332 1302/1505/3333 367/367/3334
f 367/367/3335 1302/1505/3336 1303/1504/3337 368/368/3338
f 368/368/3339 1303/1504/3340 1304/1503/3341 369/369/3342
f 369/369/3343 1304/1503/3344 1305/1502/3345 370/370/3346
f 370/370/3347 1305/1502/3348 1306/1501/3349 371/371/3350
f 371/371/3351 1306/1501/3352 1307/1500/3353 372/372/3354
f 372/372/3355 1307/1500/3356 1308/1499/3357 373/373/3358
f 373/373/3359 1308/1499/3360 1309/1498/3361 374/374/3362
f 374/374/3363 1309/1498/3364 1310/1497/3365 375/375/3366
f 375/375/3367 1310/1497/3368 1311/1496/3369 376/376/3370
f 376/376/3371 1311/1496/3372 1312/1495/3373 377/377/3374
f 377/377/3375 1312/1495/3376 1313/1494/3377 378/378/3378
f 378/378/3379 1313/1494/3380 1314/1493/3381 379/379/3382
f 379/379/3383 1314/1493/3384 1315/1492/3385 380/380/3386
f 380/380/3387 1315/1492/3388 1316/1491/3389 381/381/3390
f 381/381/3391 1316/1491/3392 1317/1490/3393 382/382/3394
f 382/382/3395 1317/1490/3396 1318/1489/3397 383/383/3398
f 383/383/3399 1318/1489/3400 1319/1488/3401 384/384/3402
f 384/384/3403 1319/1488/3404 1320/1487/3405 385/385/3406
f 385/385/3407 1320/1487/3408 1321/1486/3409 386/386/3410
f 386/386/3411 1321/1486/3412 1322/1485/3413 387/387/3414
f 387/387/3415 1322/1485/3416 1323/1484/3417 388/388/3418
f 388/388/3419 1323/1484/3420 1324/1483/3421 389/389/3422
f 389/389/3423 1324/1483/3424 1325/1482/3425 390/390/3426
f 390/390/3427 1325/1482/3428 1326/1481/3429 391/391/3430
f 391/391/3431 1326/1481/3432 1327/1480/3433 392/392/3434
f 392/392/3435 1327/1480/3436 1328/1479/3437 393/393/3438
f 393/393/3439 1328/1479/3440 1329/1478/3441 394/394/3442
f 394/394/3443 1329/1478/3444 1330/1477/3445 395/395/3446
f 395/395/3447 1330/1477/3448 1331/1476/3449 396/396/3450
f 396/396/3451 1331/1476/3452 1332/1475/3453 397/397/3454
f 397/397/3455 1332/1475/3456 1333/1474/3457 398/398/3458
f 398/398/3459 1333/1474/3460 1334/1473/3461 399/399/3462
f 399/399/3463 1334/1473/3464 1335/1472/3465 400/400/3466
f 400/400/3467 1335/1472/3468 1336/1471/3469 401/401/3470
f 401/401/3471 1336/1471/3472 1337/1470/3473 402/402/3474
f 402/402/3475 1337/1470/3476 1338/1469/3477 403/403/3478
f 403/403/3479 1338/1469/3480 1339/1468/3481 404/404/3482
f 404/404/3483 1339/1468/3484 1340/1467/3485 405/405/3486
f 405/405/3487 1340/1467/3488 1341/1466/3489 406/406/3490
f 406/406/3491 1341/1466/3492 1342/1465/3493 407/407/3494
f 407/407/3495 1342/1465/3496 1343/1464/3497 408/408/3498
f 408/408/3499 1343/1464/3500 1344/1463/3501 409/409/3502
f 409/409/3503 1344/1463/3504 1345/1462/3505 410/410/3506
f 410/410/3507 1345/1462/3508 1346/1461/3509 411/411/3510
f 411/411/3511 1346/1461/3512 1347/1460/3513 412/412/3514
f 412/412/3515 1347/1460/3516 1348/1459/3517 413/413/3518
f 413/413/3519 1348/1459/3520 1349/1458/3521 414/414/3522
f 414/414/3523 1349/1458/3524 1350/1457/3525 415/415/3526
f 415/415/3527 1350/1457/3528 1351/1456/3529 416/416/3530
f 416/416/3531 1351/1456/3532 1352/1455/3533 417/417/3534
f 417/417/3535 1352/1455/3536 1353/1454/3537 418/418/3538
f 418/418/3539 1353/1454/3540 1354/1453/3541 419/419/3542
f 419/419/3543 1354/1453/3544 1355/1452/3545 420/420/3546
f 420/420/3547 1355/1452/3548 1356/1451/3549 421/421/3550
f 421/421/3551 1356/1451/3552 1357/1450/3553 422/422/3554
f 422/422/3555 1357/1450/3556 1358/1449/3557 423/423/3558
f 423/423/3559 1358/1449/3560 1359/1448/3561 424/424/3562
f 424/424/3563 1359/1448/3564 1360/1447/3565 425/425/3566
f 425/425/3567 1360/1447/3568 1361/1446/3569 426/426/3570
f 426/426/3571 1361/1446/3572 1362/1445/3573 427/427/3574
f 427/427/3575 1362/1445/3576 1363/1444/3577 428/428/3578
f 428/428/3579 1363/1444/3580 1364/1443/3581 429/429/3582
f 429/429/3583 1364/1443/3584 1365/1442/3585 430/430/3586
f 430/430/3587 1365/1442/3588 1366/1441/3589 431/431/3590
f 431/431/3591 1366/1441/3592 1367/1440/3593 432/432/3594
f 432/432/3595 1367/1440/3596 1368/1439/3597 433/433/3598
f 433/433/3599 1368/1439/3600 1369/1438/3601 434/434/3602
f 434/434/3603 1369/1438/3604 1370/1437/3605 435/435/3606
f 435/435/3607 1370/1437/3608 1371/1436/3609 436/436/3610
f 436/436/3611 1371/1436/3612 1372/1435/3613 437/437/3614
f 437/437/3615 1372/1435/3616 1373/1434/3617 438/438/3618
f 438/438/3619 1373/1434/3620 1374/1433/3621 439/439/3622
f 439/439/3623 1374/1433/3624 1375/1432/3625 440/440/3626
f 440/440/3627 1375/1432/3628 1376/1431/3629 441/441/3630
f 441/441/3631 1376/1431/3632 1377/1430/3633 442/442/3634
f 442/442/3635 1377/1430/3636 1378/1429/3637 443/443/3638
f 443/443/3639 1378/1429/3640 1379/1428/3641 444/444/3642
f 444/444/3643 1379/1428/3644 1380/1427/3645 445/445/3646
f 445/445/3647 1380/1427/3648 1381/1426/3649 446/446/3650
f 446/446/3651 1381/1426/3652 1382/1425/3653 447/447/3654
f 447/447/3655 1382/1425/3656 1383/1424/3657 448/448/3658
f 448/448/3659 1383/1424/3660 1384/1423/3661 449/449/3662
f 449/449/3663 1384/1423/3664 1385/1422/3665 450/450/3666
f 450/450/3667 1385/1422/3668 1386/1421/3669 451/451/3670
f 451/451/3671 1386/1421/3672 1387/1420/3673 452/452/3674
f 452/452/3675 1387/1420/3676 1388/1419/3677 453/453/3678
f 453/453/3679 1388/1419/3680 1389/1418/3681 454/454/3682
f 454/454/3683 1389/1418/3684 1390/1417/3685 455/455/3686
f 455/455/3687 1390/1417/3688 1391/1416/3689 456/456/3690
f 456/456/3691 1391/1416/3692 1392/1415/3693 457/457/3694
f 457/457/3695 1392/1415/3696 1393/1414/3697 458/458/3698
f 458/458/3699 1393/1414/3700 1394/1413/3701 459/459/3702
f 459/459/3703 1394/1413/3704 1395/1412/3705 460/460/3706
f 460/460/3707 1395/1412/3708 1396/1411/3709 461/461/3710
f 461/461/3711 1396/1411/3712 1397/1410/3713 462/462/3714
f 462/462/3715 1397/1410/3716 1398/1409/3717 463/463/3718
f 463/463/3719 1398/1409/3720 1399/1408/3721 464/464/3722
f 464/464/3723 1399/1408/3724 1400/1407/3725 465/465/3726
f 465/465/3727 1400/1407/3728 1401/1406/3729 466/466/3730
f 466/466/3731 1401/1406/3732 1402/1405/3733 467/467/3734
f 467/467/3735 1402/1405/3736 1403/1404/3737 468/468/3738
f 468/468/3739 1403/1404/3740 1404/1403/3741 469/469/3742
f 469/469/3743 1404/1403/3744 1405/1402/3745 470/470/3746
f 470/470/3747 1405/1402/3748 1406/1401/3749 471/471/3750
f 471/471/3751 1406/1401/3752 1407/1400/3753 472/472/3754
f 472/472/3755 1407/1400/3756 1408/1399/3757 473/473/3758
f 473/473/3759 1408/1399/3760 1409/1398/3761 474/474/3762
f 474/474/3763 1409/1398/3764 1410/1397/3765 475/475/3766
f 475/475/3767 1410/1397/3768 1411/1396/3769 476/476/3770
f 476/476/3771 1411/1396/3772 1412/1395/3773 477/477/3774
f 477/477/3775 1412/1395/3776 1413/1394/3777 478/478/3778
f 478/478/3779 1413/1394/3780 1414/1393/3781 479/479/3782
f 479/479/3783 1414/1393/3784 1415/1392/3785 480/480/3786
f 480/480/3787 1415/1392/3788 1416/1391/3789 481/481/3790
f 481/481/3791 1416/1391/3792 1417/1390/3793 482/482/3794
f 482/482/3795 1417/1390/3796 1418/1389/3797 483/483/3798
f 483/483/3799 1418/1389/3800 1419/1388/3801 484/484/3802
f 484/484/3803 1419/1388/3804 1420/1387/3805 485/485/3806
f 485/485/3807 1420/1387/3808 1421/1386/3809 486/486/3810
f 486/486/3811 1421/1386/3812 1422/1385/3813 487/487/3814
f 487/487/3815 1422/1385/3816 1423/1384/3817 488/488/3818
f 488/488/3819 1423/1384/3820 1424/1383/3821 489/489/3822
f 489/489/3823 1424/1383/3824 1425/1382/3825 490/490/3826
f 490/490/3827 1425/1382/3828 1426/1381/3829 491/491/3830
f 491/491/3831 1426/1381/3832 1427/1380/3833 492/492/3834
f 492/492/3835 1427/1380/3836 1428/1379/3837 493/493/3838
f 493/493/3839 1428/1379/3840 1429/1378/3841 494/494/3842
f 494/494/3843 1429/1378/3844 1430/1377/3845 495/495/3846
f 495/495/3847 1430/1377/3848 1431/1376/3849 496/496/3850
f 496/496/3851 1431/1376/3852 1432/1375/3853 497/497/3854
f 497/497/3855 1432/1375/3856 1433/1374/3857 498/498/3858
f 498/498/3859 1433/1374/3860 1434/1373/3861 499/499/3862
f 499/499/3863 1434/1373/3864 1435/1372/3865 500/500/3866
f 500/500/3867 1435/1372/3868 1436/1371/3869 501/501/3870
f 501/501/3871 1436/1371/3872 1437/1370/3873 502/502/3874
f 502/502/3875 1437/1370/3876 1438/1369/3877 503/503/3878
f 503/503/3879 1438/1369/3880 1439/1368/3881 504/504/3882
f 504/504/3883 1439/1368/3884 1440/1367/3885 505/505/3886
f 505/505/3887 1440/1367/3888 1441/1366/3889 506/506/3890
f 506/506/3891 1441/1366/3892 1442/1365/3893 507/507/3894
f 507/507/3895 1442/1365/3896 1443/1364/3897 508/508/3898
f 508/508/3899 1443/1364/3900 1444/1363/3901 509/509/3902
f 509/509/3903 1444/1363/3904 1445/1362/3905 510/510/3906
f 510/510/3907 1445/1362/3908 1446/1361/3909 511/511/3910
f 511/511/3911 1446/1361/3912 1447/1360/3913 512/512/3914
f 512/512/3915 1447/1360/3916 1448/1359/3917 513/513/3918
f 513/513/3919 1448/1359/3920 1449/1358/3921 514/514/3922
f 514/514/3923 1449/1358/3924 1450/1357/3925 515/515/3926
f 515/515/3927 1450/1357/3928 1451/1356/3929 516/516/3930
f 516/516/3931 1451/1356/3932 1452/1355/3933 517/517/3934
f 517/517/3935 1452/1355/3936 1453/1354/3937 518/518/3938
f 518/518/3939 1453/1354/3940 1454/1353/3941 519/519/3942
f 519/519/3943 1454/1353/3944 1455/1352/3945 520/520/3946
f 520/520/3947 1455/1352/3948 1456/1351/3949 521/521/3950
f 521/521/3951 1456/1351/3952 1457/1350/3953 522/522/3954
f 522/522/3955 1457/1350/3956 1458/1349/3957 523/523/3958
f 523/523/3959 1458/1349/3960 1459/1348/3961 524/524/3962
f 524/524/3963 1459/1348/3964 1460/1347/3965 525/525/3966
f 525/525/3967 1460/1347/3968 1461/1346/3969 526/526/3970
f 526/526/3971 1461/1346/3972 1462/1345/3973 527/527/3974
f 527/527/3975 1462/1345/3976 1463/1344/3977 528/528/3978
f 528/528/3979 1463/1344/3980 1464/1343/3981 529/529/3982
f 529/529/3983 1464/1343/3984 1465/1342/3985 530/530/3986
f 530/530/3987 1465/1342/3988 1466/1341/3989 531/531/3990
f 531/531/3991 1466/1341/3992 1467/1340/3993 532/532/3994
f 532/532/3995 1467/1340/3996 1468/1339/3997 533/533/3998
f 533/533/3999 1468/1339/4000 1469/1338/4001 534/534/4002
f 534/534/4003 1469/1338/4004 1470/1337/4005 535/535/4006
f 535/535/4007 1470/1337/4008 1471/1336/4009 536/536/4010
f 536/536/4011 1471/1336/4012 1472/1335/4013 537/537/4014
f 537/537/4015 1472/1335/4016 1473/1334/4017 538/538/4018
f 538/538/4019 1473/1334/4020 1474/1333/4021 539/539/4022
f 539/539/4023 1474/1333/4024 1475/1332/4025 540/540/4026
f 540/540/4027 1475/1332/4028 1476/1331/4029 541/541/4030
f 541/541/4031 1476/1331/4032 1477/1330/4033 542/542/4034
f 542/542/4035 1477/1330/4036 1478/1329/4037 543/543/4038
f 543/543/4039 1478/1329/4040 1479/1328/4041 544/544/4042
f 544/544/4043 1479/1328/4044 1480/1327/4045 545/545/4046
f 545/545/4047 1480/1327/4048 1481/1326/4049 546/546/4050
f 546/546/4051 1481/1326/4052 1482/1325/4053 547/547/4054
f 547/547/4055 1482/1325/4056 1483/1324/4057 548/548/4058
f 548/548/4059 1483/1324/4060 1484/1323/4061 549/549/4062
f 549/549/4063 1484/1323/4064 1485/1322/4065 550/550/4066
f 550/550/4067 1485/1322/4068 1486/1321/4069 551/551/4070
f 551/551/4071 1486/1321/4072 1487/1320/4073 552/552/4074
f 552/552/4075 1487/1320/4076 1488/1319/4077 553/553/4078
f 553/553/4079 1488/1319/4080 1489/1318/4081 554/554/4082
f 554/554/4083 1489/1318/4084 1490/1317/4085 555/555/4086
f 555/555/4087 1490/1317/4088 1491/1316/4089 556/556/4090
f 556/556/4091 1491/1316/4092 1492/1315/4093 557/557/4094
f 557/557/4095 1492/1315/4096 1493/1314/4097 558/558/4098
f 558/558/4099 1493/1314/4100 1494/1313/4101 559/559/4102
f 559/559/4103 1494/1313/4104 1495/1312/4105 560/560/4106
f 560/560/4107 1495/1312/4108 1496/1311/4109 561/561/4110
f 561/561/4111 1496/1311/4112 1497/1310/4113 562/562/4114
f 562/562/4115 1497/1310/4116 1498/1309/4117 563/563/4118
f 563/563/4119 1498/1309/4120 1499/1308/4121 564/564/4122
f 564/564/4123 1499/1308/4124 1500/1307/4125 565/565/4126
f 565/565/4127 1500/1307/4128 1501/1306/4129 566/566/4130
f 566/566/4131 1501/1306/4132 1502/1305/4133 567/567/4134
f 567/567/4135 1502/1305/4136 1503/1304/4137 568/568/4138
f 568/568/4139 1503/1304/4140 1504/1303/4141 569/569/4142
f 569/569/4143 1504/1303/4144 1505/1302/4145 570/570/4146
f 570/570/4147 1505/1302/4148 1506/1301/4149 571/571/4150
f 571/571/4151 1506/1301/4152 1507/1300/4153 572/572/4154
f 572/572/4155 1507/1300/4156 1508/1299/4157 573/573/4158
f 573/573/4159 1508/1299/4160 1509/1298/4161 574/574/4162
f 574/574/4163 1509/1298/4164 1510/1297/4165 575/575/4166
f 575/575/4167 1510/1297/4168 1511/1296/4169 576/576/4170
f 576/576/4171 1511/1296/4172 1512/1295/4173 577/577/4174
f 577/577/4175 1512/1295/4176 1513/1294/4177 578/578/4178
f 578/578/4179 1513/1294/4180 1514/1293/4181 579/579/4182
f 579/579/4183 1514/1293/4184 1515/1292/4185 580/580/4186
f 580/580/4187 1515/1292/4188 1516/1291/4189 581/581/4190
f 581/581/4191 1516/1291/4192 1517/1290/4193 582/582/4194
f 582/582/4195 1517/1290/4196 1518/1289/4197 583/583/4198
f 583/583/4199 1518/1289/4200 1519/1288/4201 584/584/4202
f 584/584/4203 1519/1288/4204 1520/1287/4205 585/585/4206
f 585/585/4207 1520/1287/4208 1521/1286/4209 586/586/4210
f 586/586/4211 1521/1286/4212 1522/1285/4213 587/587/4214
f 587/587/4215 1522/1285/4216 1523/1284/4217 588/588/4218
f 588/588/4219 1523/1284/4220 1524/1283/4221 589/589/4222
f 589/589/4223 1524/1283/4224 1525/1282/4225 590/590/4226
f 590/590/4227 1525/1282/4228 1526/1281/4229 591/591/4230
f 591/591/4231 1526/1281/4232 1527/1280/4233 592/592/4234
f 592/592/4235 1527/1280/4236 1528/1279/4237 593/593/4238
f 593/593/4239 1528/1279/4240 1529/1278/4241 594/594/4242
f 594/594/4243 1529/1278/4244 1530/1277/4245 595/595/4246
f 595/595/4247 1530/1277/4248 1531/1276/4249 596/596/4250
f 596/596/4251 1531/1276/4252 1532/1275/4253 597/597/4254
f 597/597/4255 1532/1275/4256 1533/1274/4257 598/598/4258
f 598/598/4259 1533/1274/4260 1534/1273/4261 599/599/4262
f 599/599/4263 1534/1273/4264 1535/1272/4265 600/600/4266
f 600/600/4267 1535/1272/4268 1536/1271/4269 601/601/4270
f 601/601/4271 1536/1271/4272 1537/1270/4273 602/602/4274
f 602/602/4275 1537/1270/4276 1538/1269/4277 603/603/4278
f 603/603/4279 1538/1269/4280 1539/1268/4281 604/604/4282
f 604/604/4283 1539/1268/4284 1540/1267/4285 605/605/4286
f 605/605/4287 1540/1267/4288 1541/1266/4289 606/606/4290
f 606/606/4291 1541/1266/4292 1542/1265/4293 607/607/4294
f 607/607/4295 1542/1265/4296 1543/1264/4297 608/608/4298
f 608/608/4299 1543/1264/4300 1544/1263/4301 609/609/4302
f 609/609/4303 1544/1263/4304 1545/1262/4305 610/610/4306
f 610/610/4307 1545/1262/4308 1546/1261/4309 611/611/4310
f 611/611/4311 1546/1261/4312 1547/1260/4313 612/612/4314
f 612/612/4315 1547/1260/4316 1548/1259/4317 613/613/4318
f 613/613/4319 1548/1259/4320 1549/1258/4321 614/614/4322
f 614/614/4323 1549/1258/4324 1550/1257/4325 615/615/4326
f 615/615/4327 1550/1257/4328 1551/1256/4329 616/616/4330
f 616/616/4331 1551/1256/4332 1552/1255/4333 617/617/4334
f 617/617/4335 1552/1255/4336 1553/1254/4337 618/618/4338
f 618/618/4339 1553/1254/4340 1554/1253/4341 619/619/4342
f 619/619/4343 1554/1253/4344 1555/1252/4345 620/620/4346
f 620/620/4347 1555/1252/4348 1556/1251/4349 621/621/4350
f 621/621/4351 1556/1251/4352 1557/1250/4353 622/622/4354
f 622/622/4355 1557/1250/4356 1558/1249/4357 623/623/4358
f 623/623/4359 1558/1249/4360 1559/1248/4361 624/624/4362
f 624/624/4363 1559/1248/4364 1560/1247/4365 625/625/4366
f 625/625/4367 1560/1247/4368 1561/1246/4369 626/626/4370
f 626/626/4371 1561/1246/4372 1562/1245/4373 627/627/4374
f 627/627/4375 1562/1245/4376 1563/1244/4377 628/628/4378
f 628/628/4379 1563/1244/4380 1564/1243/4381 629/629/4382
f 629/629/4383 1564/1243/4384 1565/1242/4385 630/630/4386
f 630/630/4387 1565/1242/4388 1566/1241/4389 631/631/4390
f 631/631/4391 1566/1241/4392 1567/1240/4393 632/632/4394
f 632/632/4395 1567/1240/4396 1568/1239/4397 633/633/4398
f 633/633/4399 1568/1239/4400 1569/1238/4401 634/634/4402
f 634/634/4403 1569/1238/4404 1570/1237/4405 635/635/4406
f 635/635/4407 1570/1237/4408 1571/1236/4409 636/636/4410
f 636/636/4411 1571/1236/4412 1572/1235/4413 637/637/4414
f 637/637/4415 1572/1235/4416 1573/1234/4417 638/638/4418
f 638/638/4419 1573/1234/4420 1574/1233/4421 639/639/4422
f 639/639/4423 1574/1233/4424 1575/1232/4425 640/640/4426
f 640/640/4427 1575/1232/4428 1576/1231/4429 641/641/4430
f 641/641/4431 1576/1231/4432 1577/1230/4433 642/642/4434
f 642/642/4435 1577/1230/4436 1578/1229/4437 643/643/4438
f 643/643/4439 1578/1229/4440 1579/1228/4441 644/644/4442
f 644/644/4443 1579/1228/4444 1580/1227/4445 645/645/4446
f 645/645/4447 1580/1227/4448 1581/1226/4449 646/646/4450
f 646/646/4451 1581/1226/4452 1582/1225/4453 647/647/4454
f 647/647/4455 1582/1225/4456 1583/1224/4457 648/648/4458
f 648/648/4459 1583/1224/4460 1584/1223/4461 649/649/4462
f 649/649/4463 1584/1223/4464 1585/1222/4465 650/650/4466
f 650/650/4467 1585/1222/4468 1586/1221/4469 651/651/4470
f 651/651/4471 1586/1221/4472 1587/1220/4473 652/652/4474
f 652/652/4475 1587/1220/4476 1588/1219/4477 653/653/4478
f 653/653/4479 1588/1219/4480 1589/1218/4481 654/654/4482
f 654/654/4483 1589/1218/4484 1590/1217/4485 655/655/4486
f 655/655/4487 1590/1217/4488 1591/1216/4489 656/656/4490
f 656/656/4491 1591/1216/4492 1592/1215/4493 657/657/4494
f 657/657/4495 1592/1215/4496 1593/1214/4497 658/658/4498
f 658/658/4499 1593/1214/4500 1594/1213/4501 659/659/4502
f 659/659/4503 1594/1213/4504 1595/1212/4505 660/660/4506
f 660/660/4507 1595/1212/4508 1596/1211/4509 661/661/4510
f 661/661/4511 1596/1211/4512 1597/1210/4513 662/662/4514
f 662/662/4515 1597/1210/4516 1598/1209/4517 663/663/4518
f 663/663/4519 1598/1209/4520 1599/1208/4521 664/664/4522
f 664/664/4523 1599/1208/4524 1600/1207/4525 665/665/4526
f 665/665/4527 1600/1207/4528 1601/1206/4529 666/666/4530
f 666/666/4531 1601/1206/4532 1602/1205/4533 667/667/4534
f 667/667/4535 1602/1205/4536 1603/1204/4537 668/668/4538
f 668/668/4539 1603/1204/4540 1604/1203/4541 669/669/4542
f 669/669/4543 1604/1203/4544 1605/1202/4545 670/670/4546
f 670/670/4547 1605/1202/4548 1606/1201/4549 671/671/4550
f 671/671/4551 1606/1201/4552 1607/1200/4553 672/672/4554
f 672/672/4555 1607/1200/4556 1608/1199/4557 673/673/4558
f 673/673/4559 1608/1199/4560 1609/1198/4561 674/674/4562
f 674/674/4563 1609/1198/4564 1610/1197/4565 675/675/4566
f 675/675/4567 1610/1197/4568 1611/1196/4569 676/676/4570
f 676/676/4571 1611/1196/4572 1612/1195/4573 677/677/4574
f 677/677/4575 1612/1195/4576 1613/1194/4577 678/678/4578
f 678/678/4579 1613/1194/4580 1614/1193/4581 679/679/4582
f 679/679/4583 1614/1193/4584 1615/1192/4585 680/680/4586
f 680/680/4587 1615/1192/4588 1616/1191/4589 681/681/4590
f 681/681/4591 1616/1191/4592 1617/1190/4593 682/682/4594
f 682/682/4595 1617/1190/4596 1618/1189/4597 683/683/4598
f 683/683/4599 1618/1189/4600 1619/1188/4601 684/684/4602
f 684/684/4603 1619/1188/4604 1620/1187/4605 685/685/4606
f 685/685/4607 1620/1187/4608 1621/1186/4609 686/686/4610
f 686/686/4611 1621/1186/4612 1622/1185/4613 687/687/4614
f 687/687/4615 1622/1185/4616 1623/1184/4617 688/688/4618
f 688/688/4619 1623/1184/4620 1624/1183/4621 689/689/4622
f 689/689/4623 1624/1183/4624 1625/1182/4625 690/690/4626
f 690/690/4627 1625/1182/4628 1626/1181/4629 691/691/4630
f 691/691/4631 1626/1181/4632 1627/1180/4633 692/692/4634
f 692/692/4635 1627/1180/4636 1628/1179/4637 693/693/4638
f 693/693/4639 1628/1179/4640 1629/1178/4641 694/694/4642
f 694/694/4643 1629/1178/4644 1630/1177/4645 695/695/4646
f 695/695/4647 1630/1177/4648 1631/1176/4649 696/696/4650
f 696/696/4651 1631/1176/4652 1632/1175/4653 697/697/4654
f 697/697/4655 1632/1175/4656 1633/1174/4657 698/698/4658
f 698/698/4659 1633/1174/4660 1634/1173/4661 699/699/4662
f 699/699/4663 1634/1173/4664 1635/1172/4665 700/700/4666
f 700/700/4667 1635/1172/4668 1636/1171/4669 701/701/4670
f 701/701/4671 1636/1171/4672 1637/1170/4673 702/702/4674
f 702/702/4675 1637/1170/4676 1638/1169/4677 703/703/4678
f 703/703/4679 1638/1169/4680 1639/1168/4681 704/704/4682
f 704/704/4683 1639/1168/4684 1640/1167/4685 705/705/4686
f 705/705/4687 1640/1167/4688 1641/1166/4689 706/706/4690
f 706/706/4691 1641/1166/4692 1642/1165/4693 707/707/4694
f 707/707/4695 1642/1165/4696 1643/1164/4697 708/708/4698
f 708/708/4699 1643/1164/4700 1644/1163/4701 709/709/4702
f 709/709/4703 1644/1163/4704 1645/1162/4705 710/710/4706
f 710/710/4707 1645/1162/4708 1646/1161/4709 711/711/4710
f 711/711/4711 1646/1161/4712 1647/1160/4713 712/712/4714
f 712/712/4715 1647/1160/4716 1648/1159/4717 713/713/4718
f 713/713/4719 1648/1159/4720 1649/1158/4721 714/714/4722
f 714/714/4723 1649/1158/4724 1650/1157/4725 715/715/4726
f 715/715/4727 1650/1157/4728 1651/1156/4729 716/716/4730
f 716/716/4731 1651/1156/4732 1652/1155/4733 717/717/4734
f 717/717/4735 1652/1155/4736 1653/1154/4737 718/718/4738
f 718/718/4739 1653/1154/4740 1654/1153/4741 719/719/4742
f 719/719/4743 1654/1153/4744 1655/1152/4745 720/720/4746
f 720/720/4747 1655/1152/4748 1656/1151/4749 721/721/4750
f 721/721/4751 1656/1151/4752 1657/1150/4753 722/722/4754
f 722/722/4755 1657/1150/4756 1658/1149/4757 723/723/4758
f 723/723/4759 1658/1149/4760 1659/1148/4761 724/724/4762
f 724/724/4763 1659/1148/4764 1660/1147/4765 725/725/4766
f 725/725/4767 1660/1147/4768 1661/1146/4769 726/726/4770
f 726/726/4771 1661/1146/4772 1662/1145/4773 727/727/4774
f 727/727/4775 1662/1145/4776 1663/1144/4777 728/728/4778
f 728/728/4779 1663/1144/4780 1664/1143/4781 729/729/4782
f 729/729/4783 1664/1143/4784 1665/1142/4785 730/730/4786
f 730/730/4787 1665/1142/4788 1666/1141/4789 731/731/4790
f 731/731/4791 1666/1141/4792 1667/1140/4793 732/732/4794
f 732/732/4795 1667/1140/4796 1668/1139/4797 733/733/4798
f 733/733/4799 1668/1139/4800 1669/1138/4801 734/734/4802
f 734/734/4803 1669/1138/4804 1670/1137/4805 735/735/4806
f 735/735/4807 1670/1137/4808 1671/1136/4809 736/736/4810
f 736/736/4811 1671/1136/4812 1672/1135/4813 737/737/4814
f 737/737/4815 1672/1135/4816 1673/1134/4817 738/738/4818
f 738/738/4819 1673/1134/4820 1674/1133/4821 739/739/4822
f 739/739/4823 1674/1133/4824 1675/1132/4825 740/740/4826
f 740/740/4827 1675/1132/4828 1676/1131/4829 741/741/4830
f 741/741/4831 1676/1131/4832 1677/1130/4833 742/742/4834
f 742/742/4835 1677/1130/4836 1678/1129/4837 743/743/4838
f 743/743/4839 1678/1129/4840 1679/1128/4841 744/744/4842
f 744/744/4843 1679/1128/4844 1680/1127/4845 745/745/4846
f 745/745/4847 1680/1127/4848 1681/1126/4849 746/746/4850
f 746/746/4851 1681/1126/4852 1682/1125/4853 747/747/4854
f 747/747/4855 1682/1125/4856 1683/1124/4857 748/748/4858
f 748/748/4859 1683/1124/4860 1684/1123/4861 749/749/4862
f 749/749/4863 1684/1123/4864 1685/1122/4865 750/750/4866
f 750/750/4867 1685/1122/4868 1686/1121/4869 751/751/4870
f 751/751/4871 1686/1121/4872 1687/1120/4873 752/752/4874
f 752/752/4875 1687/1120/4876 1688/1119/4877 753/753/4878
f 753/753/4879 1688/1119/4880 1689/1118/4881 754/754/4882
f 754/754/4883 1689/1118/4884 1690/1117/4885 755/755/4886
f 755/755/4887 1690/1117/4888 1691/1116/4889 756/756/4890
f 756/756/4891 1691/1116/4892 1692/1115/4893 757/757/4894
f 757/757/4895 1692/1115/4896 1693/1114/4897 758/758/4898
f 758/758/4899 1693/1114/4900 1694/1113/4901 759/759/4902
f 759/759/4903 1694/1113/4904 1695/1112/4905 760/760/4906
f 760/760/4907 1695/1112/4908 1696/1111/4909 761/761/4910
f 761/761/4911 1696/1111/4912 1697/1110/4913 762/762/4914
f 762/762/4915 1697/1110/4916 1698/1109/4917 763/763/4918
f 763/763/4919 1698/1109/4920 1699/1108/4921 764/764/4922
f 764/764/4923 1699/1108/4924 1700/1107/4925 765/765/4926
f 765/765/4927 1700/1107/4928 1701/1106/4929 766/766/4930
f 766/766/4931 1701/1106/4932 1702/1105/4933 767/767/4934
f 767/767/4935 1702/1105/4936 1703/1104/4937 768/768/4938
f 768/768/4939 1703/1104/4940 1704/1103/4941 769/769/4942
f 769/769/4943 1704/1103/4944 1705/1102/4945 770/770/4946
f 770/770/4947 1705/1102/4948 1706/1101/4949 771/771/4950
f 771/771/4951 1706/1101/4952 1707/1100/4953 772/772/4954
f 772/772/4955 1707/1100/4956 1708/1099/4957 773/773/4958
f 773/773/4959 1708/1099/4960 1709/1098/4961 774/774/4962
f 774/774/4963 1709/1098/4964 1710/1097/4965 775/775/4966
f 775/775/4967 1710/1097/4968 1711/1096/4969 776/776/4970
f 776/776/4971 1711/1096/4972 1712/1095/4973 777/777/4974
f 777/777/4975 1712/1095/4976 1713/1094/4977 778/778/4978
f 778/778/4979 1713/1094/4980 1714/1093/4981 779/779/4982
f 779/779/4983 1714/1093/4984 1715/1092/4985 780/780/4986
f 780/780/4987 1715/1092/4988 1716/1091/4989 781/781/4990
f 781/781/4991 1716/1091/4992 1717/1090/4993 782/782/4994
f 782/782/4995 1717/1090/4996 1718/1089/4997 783/783/4998
f 783/783/4999 1718/1089/5000 1719/1088/5001 784/784/5002
f 784/784/5003 1719/1088/5004 1720/1087/5005 785/785/5006
f 785/785/5007 1720/1087/5008 1721/1086/5009 786/786/5010
f 786/786/5011 1721/1086/5012 1722/1085/5013 787/787/5014
f 787/787/5015 1722/1085/5016 1723/1084/5017 788/788/5018
f 788/788/5019 1723/1084/5020 1724/1083/5021 789/789/5022
f 789/789/5023 1724/1083/5024 1725/1082/5025 790/790/5026
f 790/790/5027 1725/1082/5028 1726/1081/5029 791/791/5030
f 791/791/5031 1726/1081/5032 1727/1080/5033 792/792/5034
f 792/792/5035 1727/1080/5036 1728/1079/5037 793/793/5038
f 793/793/5039 1728/1079/5040 1729/1078/5041 794/794/5042
f 794/794/5043 1729/1078/5044 1730/1077/5045 795/795/5046
f 795/795/5047 1730/1077/5048 1731/1076/5049 796/796/5050
f 796/796/5051 1731/1076/5052 1732/1075/5053 797/797/5054
f 797/797/5055 1732/1075/5056 1733/1074/5057 798/798/5058
f 798/798/5059 1733/1074/5060 1734/1073/5061 799/799/5062
f 799/799/5063 1734/1073/5064 1735/1072/5065 800/800/5066
f 800/800/5067 1735/1072/5068 1736/1071/5069 801/801/5070
f 801/801/5071 1736/1071/5072 1737/1070/5073 802/802/5074
f 802/802/5075 1737/1070/5076 1738/1069/5077 803/803/5078
f 803/803/5079 1738/1069/5080 1739/1068/5081 804/804/5082
f 804/804/5083 1739/1068/5084 1740/1067/5085 805/805/5086
f 805/805/5087 1740/1067/5088 1741/1066/5089 806/806/5090
f 806/806/5091 1741/1066/5092 1742/1065/5093 807/807/5094
f 807/807/5095 1742/1065/5096 1743/1064/5097 808/808/5098
f 808/808/5099 1743/1064/5100 1744/1063/5101 809/809/5102
f 809/809/5103 1744/1063/5104 1745/1062/5105 810/810/5106
f 810/810/5107 1745/1062/5108 1746/1061/5109 811/811/5110
f 811/811/5111 1746/1061/5112 1747/1060/5113 812/812/5114
f 812/812/5115 1747/1060/5116 1748/1059/5117 813/813/5118
f 813/813/5119 1748/1059/5120 1749/1058/5121 814/814/5122
f 814/814/5123 1749/1058/5124 1750/1057/5125 815/815/5126
f 815/815/5127 1750/1057/5128 1751/1056/5129 816/816/5130
f 816/816/5131 1751/1056/5132 1752/1055/5133 817/817/5134
f 817/817/5135 1752/1055/5136 1753/1054/5137 818/818/5138
f 818/818/5139 1753/1054/5140 1754/1053/5141 819/819/5142
f 819/819/5143 1754/1053/5144 1755/1052/5145 820/820/5146
f 820/820/5147 1755/1052/5148 1756/1051/5149 821/821/5150
f 821/821/5151 1756/1051/5152 1757/1050/5153 822/822/5154
f 822/822/5155 1757/1050/5156 1758/1049/5157 823/823/5158
f 823/823/5159 1758/1049/5160 1759/1048/5161 824/824/5162
f 824/824/5163 1759/1048/5164 1760/1047/5165 825/825/5166
f 825/825/5167 1760/1047/5168 1761/1046/5169 826/826/5170
f 826/826/5171 1761/1046/5172 1762/1045/5173 827/827/5174
f 827/827/5175 1762/1045/5176 1763/1044/5177 828/828/5178
f 828/828/5179 1763/1044/5180 1764/1043/5181 829/829/5182
f 829/829/5183 1764/1043/5184 1765/1042/5185 830/830/5186
f 830/830/5187 1765/1042/5188 1766/1041/5189 831/831/5190
f 831/831/5191 1766/1041/5192 1767/1040/5193 832/832/5194
f 832/832/5195 1767/1040/5196 1768/1039/5197 833/833/5198
f 833/833/5199 1768/1039/5200 1769/1038/5201 834/834/5202
f 834/834/5203 1769/1038/5204 1770/1037/5205 835/835/5206
f 835/835/5207 1770/1037/5208 1771/1036/5209 836/836/5210
f 836/836/5211 1771/1036/5212 1772/1035/5213 837/837/5214
f 837/837/5215 1772/1035/5216 1773/1034/5217 838/838/5218
f 838/838/5219 1773/1034/5220 1774/1033/5221 839/839/5222
f 839/839/5223 1774/1033/5224 1775/1032/5225 840/840/5226
f 840/840/5227 1775/1032/5228 1776/1031/5229 841/841/5230
f 841/841/5231 1776/1031/5232 1777/1030/5233 842/842/5234
f 842/842/5235 1777/1030/5236 1778/1029/5237 843/843/5238
f 843/843/5239 1778/1029/5240 1779/1028/5241 844/844/5242
f 844/844/5243 1779/1028/5244 1780/1027/5245 845/845/5246
f 845/845/5247 1780/1027/5248 1781/1026/5249 846/846/5250
f 846/846/5251 1781/1026/5252 1782/1025/5253 847/847/5254
f 847/847/5255 1782/1025/5256 1783/1024/5257 848/848/5258
f 848/848/5259 1783/1024/5260 1784/1023/5261 849/849/5262
f 849/849/5263 1784/1023/5264 1785/1022/5265 850/850/5266
f 850/850/5267 1785/1022/5268 1786/1021/5269 851/851/5270
f 851/851/5271 1786/1021/5272 1787/1020/5273 852/852/5274
f 852/852/5275 1787/1020/5276 1788/1019/5277 853/853/5278
f 853/853/5279 1788/1019/5280 1789/1018/5281 854/854/5282
f 854/854/5283 1789/1018/5284 1790/1017/5285 855/855/5286
f 855/855/5287 1790/1017/5288 1791/1016/5289 856/856/5290
f 856/856/5291 1791/1016/5292 1792/1015/5293 857/857/5294
f 857/857/5295 1792/1015/5296 1793/1014/5297 858/858/5298
f 858/858/5299 1793/1014/5300 1794/1013/5301 859/859/5302
f 859/859/5303 1794/1013/5304 1795/1012/5305 860/860/5306
f 860/860/5307 1795/1012/5308 1796/1011/5309 861/861/5310
f 861/861/5311 1796/1011/5312 1797/1010/5313 862/862/5314
f 862/862/5315 1797/1010/5316 1798/1009/5317 863/863/5318
f 863/863/5319 1798/1009/5320 1799/1008/5321 864/864/5322
f 864/864/5323 1799/1008/5324 1800/1007/5325 865/865/5326
f 865/865/5327 1800/1007/5328 1801/1006/5329 866/866/5330
f 866/866/5331 1801/1006/5332 1802/1005/5333 867/867/5334
f 867/867/5335 1802/1005/5336 1803/1004/5337 868/868/5338
f 868/868/5339 1803/1004/5340 1804/1003/5341 869/869/5342
f 869/869/5343 1804/1003/5344 1805/1002/5345 870/870/5346
f 870/870/5347 1805/1002/5348 1806/1001/5349 871/871/5350
f 871/871/5351 1806/1001/5352 1807/1000/5353 872/872/5354
f 872/872/5355 1807/1000/5356 1808/999/5357 873/873/5358
f 873/873/5359 1808/999/5360 1809/998/5361 874/874/5362
f 874/874/5363 1809/998/5364 1810/997/5365 875/875/5366
f 875/875/5367 1810/997/5368 1811/996/5369 876/876/5370
f 876/876/5371 1811/996/5372 1812/995/5373 877/877/5374
f 877/877/5375 1812/995/5376 1813/994/5377 878/878/5378
f 878/878/5379 1813/994/5380 1814/993/5381 879/879/5382
f 879/879/5383 1814/993/5384 1815/992/5385 880/880/5386
f 880/880/5387 1815/992/5388 1816/991/5389 881/881/5390
f 881/881/5391 1816/991/5392 1817/990/5393 882/882/5394
f 882/882/5395 1817/990/5396 1818/989/5397 883/883/5398
f 883/883/5399 1818/989/5400 1819/988/5401 884/884/5402
f 884/884/5403 1819/988/5404 1820/987/5405 885/885/5406
f 885/885/5407 1820/987/5408 1821/986/5409 886/886/5410
f 886/886/5411 1821/986/5412 1822/985/5413 887/887/5414
f 887/887/5415 1822/985/5416 1823/984/5417 888/888/5418
f 888/888/5419 1823/984/5420 1824/983/5421 889/889/5422
f 889/889/5423 1824/983/5424 1825/982/5425 890/890/5426
f 890/890/5427 1825/982/5428 1826/981/5429 891/891/5430
f 891/891/5431 1826/981/5432 1827/980/5433 892/892/5434
f 892/892/5435 1827/980/5436 1828/979/5437 893/893/5438
f 893/893/5439 1828/979/5440 1829/978/5441 894/894/5442
f 894/894/5443 1829/978/5444 1830/977/5445 895/895/5446
f 895/895/5447 1830/977/5448 1831/976/5449 896/896/5450
f 896/896/5451 1831/976/5452 1832/975/5453 897/897/5454
f 897/897/5455 1832/975/5456 1833/974/5457 898/898/5458
f 898/898/5459 1833/974/5460 1834/973/5461 899/899/5462
f 899/899/5463 1834/973/5464 1835/972/5465 900/900/5466
f 900/900/5467 1835/972/5468 1836/971/5469 901/901/5470
f 901/901/5471 1836/971/5472 1837/970/5473 902/902/5474
f 902/902/5475 1837/970/5476 1838/969/5477 903/903/5478
f 903/903/5479 1838/969/5480 1839/968/5481 904/904/5482
f 904/904/5483 1839/968/5484 1840/967/5485 905/905/5486
f 905/905/5487 1840/967/5488 1841/966/5489 906/906/5490
f 906/906/5491 1841/966/5492 1842/965/5493 907/907/5494
f 907/907/5495 1842/965/5496 1843/964/5497 908/908/5498
f 908/908/5499 1843/964/5500 1844/963/5501 909/909/5502
f 909/909/5503 1844/963/5504 1845/962/5505 910/910/5506
f 910/910/5507 1845/962/5508 1846/961/5509 911/911/5510
f 911/911/5511 1846/961/5512 1847/960/5513 912/912/5514
f 912/912/5515 1847/960/5516 1848/959/5517 913/913/5518
f 913/913/5519 1848/959/5520 1849/958/5521 914/914/5522
f 914/914/5523 1849/958/5524 1850/957/5525 915/915/5526
f 915/915/5527 1850/957/5528 1851/956/5529 916/916/5530
f 916/916/5531 1851/956/5532 1852/955/5533 917/917/5534
f 917/917/5535 1852/955/5536 1853/954/5537 918/918/5538
f 918/918/5539 1853/954/5540 1854/953/5541 919/919/5542
f 919/919/5543 1854/953/5544 1855/952/5545 920/920/5546
f 920/920/5547 1855/952/5548 1856/951/5549 921/921/5550
f 921/921/5551 1856/951/5552 1857/950/5553 922/922/5554
f 922/922/5555 1857/950/5556 1858/949/5557 923/923/5558
f 923/923/5559 1858/949/5560 1859/948/5561 924/924/5562
f 924/924/5563 1859/948/5564 1860/947/5565 925/925/5566
f 925/925/5567 1860/947/5568 1861/946/5569 926/926/5570
f 926/926/5571 1861/946/5572 1862/945/5573 927/927/5574
f 927/927/5575 1862/945/5576 1863/944/5577 928/928/5578
f 928/928/5579 1863/944/5580 1864/943/5581 929/929/5582
f 929/929/5583 1864/943/5584 1865/942/5585 930/930/5586
f 930/930/5587 1865/942/5588 1866/941/5589 931/931/5590
f 931/931/5591 1866/941/5592 1867/940/5593 932/932/5594
f 932/932/5595 1867/940/5596 1868/939/5597 933/933/5598
f 933/933/5599 1868/939/5600 1869/938/5601 934/934/5602
f 934/934/5603 1869/938/5604 1870/937/5605 935/935/5606
f 935/935/5607 1870/937/5608 936/936/5609 1/1/5610
